api_version,kind,status,name,name_hash,signature,source_owner,compatibility
88.3,Function,-,LL_ADC_CommonDeInit,0x6ebe5189,ErrorStatus LL_ADC_CommonDeInit(ADC_Common_TypeDef*),lib/stm32wb_hal/Inc/stm32wbxx_ll_adc.h,disabled
88.3,Function,-,LL_ADC_CommonInit,0xaf02d8e0,"ErrorStatus LL_ADC_CommonInit(ADC_Common_TypeDef*, const LL_ADC_CommonInitTypeDef*)",lib/stm32wb_hal/Inc/stm32wbxx_ll_adc.h,disabled
88.3,Function,-,LL_ADC_CommonStructInit,0x54a4c525,void LL_ADC_CommonStructInit(LL_ADC_CommonInitTypeDef*),lib/stm32wb_hal/Inc/stm32wbxx_ll_adc.h,disabled
88.3,Function,-,LL_ADC_DeInit,0x0699a2c0,ErrorStatus LL_ADC_DeInit(ADC_TypeDef*),lib/stm32wb_hal/Inc/stm32wbxx_ll_adc.h,disabled
88.3,Function,-,LL_ADC_INJ_Init,0xc78f2737,"ErrorStatus LL_ADC_INJ_Init(ADC_TypeDef*, const LL_ADC_INJ_InitTypeDef*)",lib/stm32wb_hal/Inc/stm32wbxx_ll_adc.h,disabled
88.3,Function,-,LL_ADC_INJ_StructInit,0x0dbe38bc,void LL_ADC_INJ_StructInit(LL_ADC_INJ_InitTypeDef*),lib/stm32wb_hal/Inc/stm32wbxx_ll_adc.h,disabled
88.3,Function,-,LL_ADC_Init,0x029a7057,"ErrorStatus LL_ADC_Init(ADC_TypeDef*, const LL_ADC_InitTypeDef*)",lib/stm32wb_hal/Inc/stm32wbxx_ll_adc.h,disabled
88.3,Function,-,LL_ADC_REG_Init,0x5a140674,"ErrorStatus LL_ADC_REG_Init(ADC_TypeDef*, const LL_ADC_REG_InitTypeDef*)",lib/stm32wb_hal/Inc/stm32wbxx_ll_adc.h,disabled
88.3,Function,-,LL_ADC_REG_StructInit,0xc5ced1b9,void LL_ADC_REG_StructInit(LL_ADC_REG_InitTypeDef*),lib/stm32wb_hal/Inc/stm32wbxx_ll_adc.h,disabled
88.3,Function,-,LL_ADC_StructInit,0x1fa3d9dc,void LL_ADC_StructInit(LL_ADC_InitTypeDef*),lib/stm32wb_hal/Inc/stm32wbxx_ll_adc.h,disabled
88.3,Function,-,LL_COMP_DeInit,0x994d3687,ErrorStatus LL_COMP_DeInit(COMP_TypeDef*),lib/stm32wb_hal/Inc/stm32wbxx_ll_comp.h,disabled
88.3,Function,+,LL_COMP_Init,0x45f8665e,"ErrorStatus LL_COMP_Init(COMP_TypeDef*, const LL_COMP_InitTypeDef*)",lib/stm32wb_hal/Inc/stm32wbxx_ll_comp.h,supported
88.3,Function,-,LL_COMP_StructInit,0x45f9f923,void LL_COMP_StructInit(LL_COMP_InitTypeDef*),lib/stm32wb_hal/Inc/stm32wbxx_ll_comp.h,disabled
88.3,Function,-,LL_CRC_DeInit,0x6d7cf310,ErrorStatus LL_CRC_DeInit(CRC_TypeDef*),lib/stm32wb_hal/Inc/stm32wbxx_ll_crc.h,disabled
88.3,Function,-,LL_CRS_DeInit,0x319a4120,ErrorStatus LL_CRS_DeInit(),lib/stm32wb_hal/Inc/stm32wbxx_ll_crs.h,disabled
88.3,Function,+,LL_DMA_DeInit,0x5295a56a,"ErrorStatus LL_DMA_DeInit(DMA_TypeDef*, uint32_t)",lib/stm32wb_hal/Inc/stm32wbxx_ll_dma.h,supported
88.3,Function,+,LL_DMA_Init,0x7781c081,"ErrorStatus LL_DMA_Init(DMA_TypeDef*, uint32_t, LL_DMA_InitTypeDef*)",lib/stm32wb_hal/Inc/stm32wbxx_ll_dma.h,supported
88.3,Function,-,LL_DMA_StructInit,0x39d52186,void LL_DMA_StructInit(LL_DMA_InitTypeDef*),lib/stm32wb_hal/Inc/stm32wbxx_ll_dma.h,disabled
88.3,Function,-,LL_EXTI_DeInit,0x82000012,ErrorStatus LL_EXTI_DeInit(),lib/stm32wb_hal/Inc/stm32wbxx_ll_exti.h,disabled
88.3,Function,-,LL_EXTI_Init,0x87c55129,ErrorStatus LL_EXTI_Init(LL_EXTI_InitTypeDef*),lib/stm32wb_hal/Inc/stm32wbxx_ll_exti.h,disabled
88.3,Function,-,LL_EXTI_StructInit,0x76bc902e,void LL_EXTI_StructInit(LL_EXTI_InitTypeDef*),lib/stm32wb_hal/Inc/stm32wbxx_ll_exti.h,disabled
88.3,Function,-,LL_GPIO_DeInit,0xf49703c7,ErrorStatus LL_GPIO_DeInit(GPIO_TypeDef*),lib/stm32wb_hal/Inc/stm32wbxx_ll_gpio.h,disabled
88.3,Function,+,LL_GPIO_Init,0xcdede39e,"ErrorStatus LL_GPIO_Init(GPIO_TypeDef*, LL_GPIO_InitTypeDef*)",lib/stm32wb_hal/Inc/stm32wbxx_ll_gpio.h,supported
88.3,Function,-,LL_GPIO_StructInit,0x9fe86663,void LL_GPIO_StructInit(LL_GPIO_InitTypeDef*),lib/stm32wb_hal/Inc/stm32wbxx_ll_gpio.h,disabled
88.3,Function,-,LL_I2C_DeInit,0xf62e39b6,ErrorStatus LL_I2C_DeInit(const I2C_TypeDef*),lib/stm32wb_hal/Inc/stm32wbxx_ll_i2c.h,disabled
88.3,Function,+,LL_I2C_Init,0xfb10d1cd,"ErrorStatus LL_I2C_Init(I2C_TypeDef*, const LL_I2C_InitTypeDef*)",lib/stm32wb_hal/Inc/stm32wbxx_ll_i2c.h,supported
88.3,Function,-,LL_I2C_StructInit,0x64f6fbd2,void LL_I2C_StructInit(LL_I2C_InitTypeDef*),lib/stm32wb_hal/Inc/stm32wbxx_ll_i2c.h,disabled
88.3,Function,-,LL_Init1msTick,0xb94f350c,void LL_Init1msTick(uint32_t),lib/stm32wb_hal/Inc/stm32wbxx_ll_cortex.h;lib/stm32wb_hal/Inc/stm32wbxx_ll_utils.h,disabled
88.3,Function,+,LL_LPTIM_DeInit,0x2471921e,ErrorStatus LL_LPTIM_DeInit(LPTIM_TypeDef*),lib/stm32wb_hal/Inc/stm32wbxx_ll_lptim.h,supported
88.3,Function,-,LL_LPTIM_Disable,0xbee93e35,void LL_LPTIM_Disable(LPTIM_TypeDef*),lib/stm32wb_hal/Inc/stm32wbxx_ll_lptim.h,disabled
88.3,Function,+,LL_LPTIM_Init,0xd052f035,"ErrorStatus LL_LPTIM_Init(LPTIM_TypeDef*, const LL_LPTIM_InitTypeDef*)",lib/stm32wb_hal/Inc/stm32wbxx_ll_lptim.h,supported
88.3,Function,-,LL_LPTIM_StructInit,0x3c80483a,void LL_LPTIM_StructInit(LL_LPTIM_InitTypeDef*),lib/stm32wb_hal/Inc/stm32wbxx_ll_lptim.h,disabled
88.3,Function,-,LL_LPUART_DeInit,0x0a96b570,ErrorStatus LL_LPUART_DeInit(const USART_TypeDef*),lib/stm32wb_hal/Inc/stm32wbxx_ll_lpuart.h,disabled
88.3,Function,+,LL_LPUART_Init,0x55d31707,"ErrorStatus LL_LPUART_Init(USART_TypeDef*, const LL_LPUART_InitTypeDef*)",lib/stm32wb_hal/Inc/stm32wbxx_ll_lpuart.h,supported
88.3,Function,-,LL_LPUART_StructInit,0x2c4ac48c,void LL_LPUART_StructInit(LL_LPUART_InitTypeDef*),lib/stm32wb_hal/Inc/stm32wbxx_ll_lpuart.h,disabled
88.3,Function,-,LL_PKA_DeInit,0x9a1b90f4,ErrorStatus LL_PKA_DeInit(PKA_TypeDef*),lib/stm32wb_hal/Inc/stm32wbxx_ll_pka.h,disabled
88.3,Function,-,LL_PKA_Init,0xf0a3418b,"ErrorStatus LL_PKA_Init(PKA_TypeDef*, LL_PKA_InitTypeDef*)",lib/stm32wb_hal/Inc/stm32wbxx_ll_pka.h,disabled
88.3,Function,-,LL_PKA_StructInit,0x6219c210,void LL_PKA_StructInit(LL_PKA_InitTypeDef*),lib/stm32wb_hal/Inc/stm32wbxx_ll_pka.h,disabled
88.3,Function,-,LL_PLL_ConfigSystemClock_HSE,0x07ab4b69,"ErrorStatus LL_PLL_ConfigSystemClock_HSE(uint32_t, LL_UTILS_PLLInitTypeDef*, LL_UTILS_ClkInitTypeDef*)",lib/stm32wb_hal/Inc/stm32wbxx_ll_utils.h,disabled
88.3,Function,-,LL_PLL_ConfigSystemClock_HSI,0x07ab4b6d,"ErrorStatus LL_PLL_ConfigSystemClock_HSI(LL_UTILS_PLLInitTypeDef*, LL_UTILS_ClkInitTypeDef*)",lib/stm32wb_hal/Inc/stm32wbxx_ll_utils.h,disabled
88.3,Function,-,LL_PLL_ConfigSystemClock_MSI,0x07ab60b2,"ErrorStatus LL_PLL_ConfigSystemClock_MSI(LL_UTILS_PLLInitTypeDef*, LL_UTILS_ClkInitTypeDef*)",lib/stm32wb_hal/Inc/stm32wbxx_ll_utils.h,disabled
88.3,Function,-,LL_PWR_DeInit,0xc04ffff1,ErrorStatus LL_PWR_DeInit(),lib/stm32wb_hal/Inc/stm32wbxx_ll_pwr.h,disabled
88.3,Function,-,LL_RCC_DeInit,0xd6d0d4f0,ErrorStatus LL_RCC_DeInit(),lib/stm32wb_hal/Inc/stm32wbxx_ll_rcc.h,disabled
88.3,Function,-,LL_RCC_GetADCClockFreq,0x19ffe415,uint32_t LL_RCC_GetADCClockFreq(uint32_t),lib/stm32wb_hal/Inc/stm32wbxx_ll_rcc.h,disabled
88.3,Function,-,LL_RCC_GetCLK48ClockFreq,0x2ff4d193,uint32_t LL_RCC_GetCLK48ClockFreq(uint32_t),lib/stm32wb_hal/Inc/stm32wbxx_ll_rcc.h,disabled
88.3,Function,-,LL_RCC_GetI2CClockFreq,0x4116108b,uint32_t LL_RCC_GetI2CClockFreq(uint32_t),lib/stm32wb_hal/Inc/stm32wbxx_ll_rcc.h,disabled
88.3,Function,-,LL_RCC_GetLPTIMClockFreq,0x80ba0cb3,uint32_t LL_RCC_GetLPTIMClockFreq(uint32_t),lib/stm32wb_hal/Inc/stm32wbxx_ll_rcc.h,disabled
88.3,Function,+,LL_RCC_GetLPUARTClockFreq,0x5e268b65,uint32_t LL_RCC_GetLPUARTClockFreq(uint32_t),lib/stm32wb_hal/Inc/stm32wbxx_ll_rcc.h,supported
88.3,Function,-,LL_RCC_GetRFWKPClockFreq,0x74383d77,uint32_t LL_RCC_GetRFWKPClockFreq(),lib/stm32wb_hal/Inc/stm32wbxx_ll_rcc.h,disabled
88.3,Function,-,LL_RCC_GetRNGClockFreq,0x9ff27094,uint32_t LL_RCC_GetRNGClockFreq(uint32_t),lib/stm32wb_hal/Inc/stm32wbxx_ll_rcc.h,disabled
88.3,Function,-,LL_RCC_GetRTCClockFreq,0xaff46b96,uint32_t LL_RCC_GetRTCClockFreq(),lib/stm32wb_hal/Inc/stm32wbxx_ll_rcc.h,disabled
88.3,Function,-,LL_RCC_GetSAIClockFreq,0x1345bbea,uint32_t LL_RCC_GetSAIClockFreq(uint32_t),lib/stm32wb_hal/Inc/stm32wbxx_ll_rcc.h,disabled
88.3,Function,-,LL_RCC_GetSMPSClockFreq,0xcc7b3cf0,uint32_t LL_RCC_GetSMPSClockFreq(),lib/stm32wb_hal/Inc/stm32wbxx_ll_rcc.h,disabled
88.3,Function,-,LL_RCC_GetSystemClocksFreq,0x0b864065,void LL_RCC_GetSystemClocksFreq(LL_RCC_ClocksTypeDef*),lib/stm32wb_hal/Inc/stm32wbxx_ll_rcc.h;lib/stm32wb_hal/Inc/stm32wbxx_ll_utils.h,disabled
88.3,Function,+,LL_RCC_GetUSARTClockFreq,0xae9598dc,uint32_t LL_RCC_GetUSARTClockFreq(uint32_t),lib/stm32wb_hal/Inc/stm32wbxx_ll_rcc.h,supported
88.3,Function,-,LL_RCC_GetUSBClockFreq,0xb9673d57,uint32_t LL_RCC_GetUSBClockFreq(uint32_t),lib/stm32wb_hal/Inc/stm32wbxx_ll_rcc.h,disabled
88.3,Function,-,LL_RNG_DeInit,0x8931037f,ErrorStatus LL_RNG_DeInit(RNG_TypeDef*),lib/stm32wb_hal/Inc/stm32wbxx_ll_rng.h,disabled
88.3,Function,-,LL_RNG_Init,0xbe149556,"ErrorStatus LL_RNG_Init(RNG_TypeDef*, LL_RNG_InitTypeDef*)",lib/stm32wb_hal/Inc/stm32wbxx_ll_rng.h,disabled
88.3,Function,-,LL_RNG_StructInit,0xec6b821b,void LL_RNG_StructInit(LL_RNG_InitTypeDef*),lib/stm32wb_hal/Inc/stm32wbxx_ll_rng.h,disabled
88.3,Function,-,LL_RTC_ALMA_Init,0x34002cb2,"ErrorStatus LL_RTC_ALMA_Init(RTC_TypeDef*, uint32_t, LL_RTC_AlarmTypeDef*)",lib/stm32wb_hal/Inc/stm32wbxx_ll_rtc.h,disabled
88.3,Function,-,LL_RTC_ALMA_StructInit,0x2a5a2e77,void LL_RTC_ALMA_StructInit(LL_RTC_AlarmTypeDef*),lib/stm32wb_hal/Inc/stm32wbxx_ll_rtc.h,disabled
88.3,Function,-,LL_RTC_ALMB_Init,0x36555553,"ErrorStatus LL_RTC_ALMB_Init(RTC_TypeDef*, uint32_t, LL_RTC_AlarmTypeDef*)",lib/stm32wb_hal/Inc/stm32wbxx_ll_rtc.h,disabled
88.3,Function,-,LL_RTC_ALMB_StructInit,0x5b4d8bd8,void LL_RTC_ALMB_StructInit(LL_RTC_AlarmTypeDef*),lib/stm32wb_hal/Inc/stm32wbxx_ll_rtc.h,disabled
88.3,Function,-,LL_RTC_DATE_Init,0x8ecda5d5,"ErrorStatus LL_RTC_DATE_Init(RTC_TypeDef*, uint32_t, LL_RTC_DateTypeDef*)",lib/stm32wb_hal/Inc/stm32wbxx_ll_rtc.h,disabled
88.3,Function,-,LL_RTC_DATE_StructInit,0x77d4b5da,void LL_RTC_DATE_StructInit(LL_RTC_DateTypeDef*),lib/stm32wb_hal/Inc/stm32wbxx_ll_rtc.h,disabled
88.3,Function,-,LL_RTC_DeInit,0x93145601,ErrorStatus LL_RTC_DeInit(RTC_TypeDef*),lib/stm32wb_hal/Inc/stm32wbxx_ll_rtc.h,disabled
88.3,Function,+,LL_RTC_EnterInitMode,0xa29e49db,ErrorStatus LL_RTC_EnterInitMode(RTC_TypeDef*),lib/stm32wb_hal/Inc/stm32wbxx_ll_rtc.h,supported
88.3,Function,-,LL_RTC_ExitInitMode,0xe9bd8897,ErrorStatus LL_RTC_ExitInitMode(RTC_TypeDef*),lib/stm32wb_hal/Inc/stm32wbxx_ll_rtc.h,disabled
88.3,Function,+,LL_RTC_Init,0x829d5f58,"ErrorStatus LL_RTC_Init(RTC_TypeDef*, LL_RTC_InitTypeDef*)",lib/stm32wb_hal/Inc/stm32wbxx_ll_rtc.h,supported
88.3,Function,-,LL_RTC_StructInit,0x04d8459d,void LL_RTC_StructInit(LL_RTC_InitTypeDef*),lib/stm32wb_hal/Inc/stm32wbxx_ll_rtc.h,disabled
88.3,Function,-,LL_RTC_TIME_Init,0x1dcbb3a6,"ErrorStatus LL_RTC_TIME_Init(RTC_TypeDef*, uint32_t, LL_RTC_TimeTypeDef*)",lib/stm32wb_hal/Inc/stm32wbxx_ll_rtc.h,disabled
88.3,Function,-,LL_RTC_TIME_StructInit,0x5ab41c6b,void LL_RTC_TIME_StructInit(LL_RTC_TimeTypeDef*),lib/stm32wb_hal/Inc/stm32wbxx_ll_rtc.h,disabled
88.3,Function,-,LL_RTC_WaitForSynchro,0x89381466,ErrorStatus LL_RTC_WaitForSynchro(RTC_TypeDef*),lib/stm32wb_hal/Inc/stm32wbxx_ll_rtc.h,disabled
88.3,Function,-,LL_SPI_DeInit,0x4eb82064,ErrorStatus LL_SPI_DeInit(SPI_TypeDef*),lib/stm32wb_hal/Inc/stm32wbxx_ll_spi.h,disabled
88.3,Function,+,LL_SPI_Init,0x48f534fb,"ErrorStatus LL_SPI_Init(SPI_TypeDef*, LL_SPI_InitTypeDef*)",lib/stm32wb_hal/Inc/stm32wbxx_ll_spi.h,supported
88.3,Function,-,LL_SPI_StructInit,0x28508980,void LL_SPI_StructInit(LL_SPI_InitTypeDef*),lib/stm32wb_hal/Inc/stm32wbxx_ll_spi.h,disabled
88.3,Function,-,LL_SetFlashLatency,0xb67a45e6,ErrorStatus LL_SetFlashLatency(uint32_t),lib/stm32wb_hal/Inc/stm32wbxx_ll_utils.h,disabled
88.3,Function,+,LL_SetSystemCoreClock,0x97ea5802,void LL_SetSystemCoreClock(uint32_t),lib/stm32wb_hal/Inc/stm32wbxx_ll_utils.h,supported
88.3,Function,-,LL_TIM_BDTR_Init,0x42d57704,"ErrorStatus LL_TIM_BDTR_Init(TIM_TypeDef*, const LL_TIM_BDTR_InitTypeDef*)",lib/stm32wb_hal/Inc/stm32wbxx_ll_tim.h,disabled
88.3,Function,-,LL_TIM_BDTR_StructInit,0x42a66e49,void LL_TIM_BDTR_StructInit(LL_TIM_BDTR_InitTypeDef*),lib/stm32wb_hal/Inc/stm32wbxx_ll_tim.h,disabled
88.3,Function,+,LL_TIM_DeInit,0xd462ee02,ErrorStatus LL_TIM_DeInit(TIM_TypeDef*),lib/stm32wb_hal/Inc/stm32wbxx_ll_tim.h,supported
88.3,Function,-,LL_TIM_ENCODER_Init,0xd552ff38,"ErrorStatus LL_TIM_ENCODER_Init(TIM_TypeDef*, const LL_TIM_ENCODER_InitTypeDef*)",lib/stm32wb_hal/Inc/stm32wbxx_ll_tim.h,disabled
88.3,Function,-,LL_TIM_ENCODER_StructInit,0x91fe4d7d,void LL_TIM_ENCODER_StructInit(LL_TIM_ENCODER_InitTypeDef*),lib/stm32wb_hal/Inc/stm32wbxx_ll_tim.h,disabled
88.3,Function,-,LL_TIM_HALLSENSOR_Init,0xce3f2173,"ErrorStatus LL_TIM_HALLSENSOR_Init(TIM_TypeDef*, const LL_TIM_HALLSENSOR_InitTypeDef*)",lib/stm32wb_hal/Inc/stm32wbxx_ll_tim.h,disabled
88.3,Function,-,LL_TIM_HALLSENSOR_StructInit,0x85a7eff8,void LL_TIM_HALLSENSOR_StructInit(LL_TIM_HALLSENSOR_InitTypeDef*),lib/stm32wb_hal/Inc/stm32wbxx_ll_tim.h,disabled
88.3,Function,-,LL_TIM_IC_Init,0x93ce5e04,"ErrorStatus LL_TIM_IC_Init(TIM_TypeDef*, uint32_t, const LL_TIM_IC_InitTypeDef*)",lib/stm32wb_hal/Inc/stm32wbxx_ll_tim.h,disabled
88.3,Function,-,LL_TIM_IC_StructInit,0x3a709549,void LL_TIM_IC_StructInit(LL_TIM_IC_InitTypeDef*),lib/stm32wb_hal/Inc/stm32wbxx_ll_tim.h,disabled
88.3,Function,+,LL_TIM_Init,0x23b40319,"ErrorStatus LL_TIM_Init(TIM_TypeDef*, const LL_TIM_InitTypeDef*)",lib/stm32wb_hal/Inc/stm32wbxx_ll_tim.h,supported
88.3,Function,+,LL_TIM_OC_Init,0x61abca8a,"ErrorStatus LL_TIM_OC_Init(TIM_TypeDef*, uint32_t, const LL_TIM_OC_InitTypeDef*)",lib/stm32wb_hal/Inc/stm32wbxx_ll_tim.h,supported
88.3,Function,-,LL_TIM_OC_StructInit,0x16aace4f,void LL_TIM_OC_StructInit(LL_TIM_OC_InitTypeDef*),lib/stm32wb_hal/Inc/stm32wbxx_ll_tim.h,disabled
88.3,Function,-,LL_TIM_StructInit,0xfbc4f61e,void LL_TIM_StructInit(LL_TIM_InitTypeDef*),lib/stm32wb_hal/Inc/stm32wbxx_ll_tim.h,disabled
88.3,Function,-,LL_USART_ClockInit,0x2918fc2a,"ErrorStatus LL_USART_ClockInit(USART_TypeDef*, const LL_USART_ClockInitTypeDef*)",lib/stm32wb_hal/Inc/stm32wbxx_ll_usart.h,disabled
88.3,Function,-,LL_USART_ClockStructInit,0xfddeb7ef,void LL_USART_ClockStructInit(LL_USART_ClockInitTypeDef*),lib/stm32wb_hal/Inc/stm32wbxx_ll_usart.h,disabled
88.3,Function,-,LL_USART_DeInit,0xae7a0007,ErrorStatus LL_USART_DeInit(const USART_TypeDef*),lib/stm32wb_hal/Inc/stm32wbxx_ll_usart.h,disabled
88.3,Function,+,LL_USART_Init,0x8e64cfde,"ErrorStatus LL_USART_Init(USART_TypeDef*, const LL_USART_InitTypeDef*)",lib/stm32wb_hal/Inc/stm32wbxx_ll_usart.h,supported
88.3,Function,-,LL_USART_StructInit,0x4f6f82a3,void LL_USART_StructInit(LL_USART_InitTypeDef*),lib/stm32wb_hal/Inc/stm32wbxx_ll_usart.h,disabled
88.3,Function,-,LL_mDelay,0x3ebfded8,void LL_mDelay(uint32_t),lib/stm32wb_hal/Inc/stm32wbxx_ll_cortex.h;lib/stm32wb_hal/Inc/stm32wbxx_ll_utils.h,disabled
88.3,Function,-,Osal_MemCmp,0xfe8be8d2,"int Osal_MemCmp(const void*, const void*, unsigned int)",@sdk/toolchain-or-transitive-runtime,disabled
88.3,Function,-,Osal_MemCpy,0xfe8be93e,"void* Osal_MemCpy(void*, const void*, unsigned int)",@sdk/toolchain-or-transitive-runtime,disabled
88.3,Function,-,Osal_MemSet,0xfe8c2bde,"void* Osal_MemSet(void*, int, unsigned int)",@sdk/toolchain-or-transitive-runtime,disabled
88.3,Function,-,SystemCoreClockUpdate,0x26f66102,void SystemCoreClockUpdate(),@sdk/toolchain-or-transitive-runtime,disabled
88.3,Function,-,SystemInit,0x8a59defe,void SystemInit(),@sdk/toolchain-or-transitive-runtime,disabled
88.3,Function,-,_Exit,0x0eddfa9e,void _Exit(int),@sdk/toolchain-or-transitive-runtime,disabled
88.3,Function,+,__aeabi_f2d,0x58e924d0,double __aeabi_f2d(float),targets/f7/platform_specific/intrinsic_export.h,supported
88.3,Function,+,__aeabi_uldivmod,0x81ac83b8,"void* __aeabi_uldivmod(uint64_t, uint64_t)",targets/f7/platform_specific/intrinsic_export.h,supported
88.3,Function,-,__assert,0xa3a40875,"void __assert(const char*, int, const char*)",@sdk/toolchain-or-transitive-runtime,disabled
88.3,Function,+,__assert_func,0x4b45a060,"void __assert_func(const char*, int, const char*, const char*)",@sdk/toolchain-or-transitive-runtime,supported
88.3,Function,+,__clear_cache,0xf92892fd,"void __clear_cache(void*, void*)",targets/f7/platform_specific/intrinsic_export.h,supported
88.3,Function,+,__cxa_pure_virtual,0xa6056800,void __cxa_pure_virtual(),targets/f7/platform_specific/cxx_virtual_stub.h,supported
88.3,Function,-,__eprintf,0x44fe989b,"void __eprintf(const char*, const char*, unsigned int, const char*)",@sdk/toolchain-or-transitive-runtime,disabled
88.3,Function,+,__errno,0x799a5e69,int* __errno(),@sdk/toolchain-or-transitive-runtime,supported
88.3,Function,-,__fpclassifyd,0xea7358bb,int __fpclassifyd(double),@sdk/toolchain-or-transitive-runtime,disabled
88.3,Function,-,__fpclassifyf,0xea7358bd,int __fpclassifyf(float),@sdk/toolchain-or-transitive-runtime,disabled
88.3,Function,+,__furi_crash_implementation,0x3e1255ee,void __furi_crash_implementation(),@sdk/toolchain-or-transitive-runtime,supported
88.3,Function,+,__furi_critical_enter,0xd73f9820,__FuriCriticalInfo __furi_critical_enter(),@sdk/toolchain-or-transitive-runtime,supported
88.3,Function,+,__furi_critical_exit,0xc0b4831c,void __furi_critical_exit(__FuriCriticalInfo),@sdk/toolchain-or-transitive-runtime,supported
88.3,Function,+,__furi_halt_implementation,0x27a67566,void __furi_halt_implementation(),@sdk/toolchain-or-transitive-runtime,supported
88.3,Function,-,__getdelim,0x72df7f8e,"ssize_t __getdelim(char**, size_t*, int, FILE*)",@sdk/toolchain-or-transitive-runtime,disabled
88.3,Function,-,__getline,0xc570134b,"ssize_t __getline(char**, size_t*, FILE*)",@sdk/toolchain-or-transitive-runtime,disabled
88.3,Function,-,__isinfd,0xb647f660,int __isinfd(double),@sdk/toolchain-or-transitive-runtime,disabled
88.3,Function,-,__isinff,0xb647f662,int __isinff(float),@sdk/toolchain-or-transitive-runtime,disabled
88.3,Function,-,__isnand,0xb64a7e00,int __isnand(double),@sdk/toolchain-or-transitive-runtime,disabled
88.3,Function,-,__isnanf,0xb64a7e02,int __isnanf(float),@sdk/toolchain-or-transitive-runtime,disabled
88.3,Function,-,__itoa,0xec6bc050,"char* __itoa(int, char*, int)",@sdk/toolchain-or-transitive-runtime,disabled
88.3,Function,-,__locale_mb_cur_max,0x29ca9def,int __locale_mb_cur_max(),@sdk/toolchain-or-transitive-runtime,disabled
88.3,Function,+,__retarget_lock_acquire,0x8f152c92,void __retarget_lock_acquire(_LOCK_T),@sdk/toolchain-or-transitive-runtime,supported
88.3,Function,+,__retarget_lock_acquire_recursive,0x9eab8d09,void __retarget_lock_acquire_recursive(_LOCK_T),@sdk/toolchain-or-transitive-runtime,supported
88.3,Function,-,__retarget_lock_close,0x3ed29a5e,void __retarget_lock_close(_LOCK_T),@sdk/toolchain-or-transitive-runtime,disabled
88.3,Function,+,__retarget_lock_close_recursive,0x9db5a9d5,void __retarget_lock_close_recursive(_LOCK_T),@sdk/toolchain-or-transitive-runtime,supported
88.3,Function,-,__retarget_lock_init,0x4f7e10dc,void __retarget_lock_init(_LOCK_T*),@sdk/toolchain-or-transitive-runtime,disabled
88.3,Function,+,__retarget_lock_init_recursive,0x1f4dd5d3,void __retarget_lock_init_recursive(_LOCK_T*),@sdk/toolchain-or-transitive-runtime,supported
88.3,Function,+,__retarget_lock_release,0xaffa2429,void __retarget_lock_release(_LOCK_T),@sdk/toolchain-or-transitive-runtime,supported
88.3,Function,+,__retarget_lock_release_recursive,0x49202d60,void __retarget_lock_release_recursive(_LOCK_T),@sdk/toolchain-or-transitive-runtime,supported
88.3,Function,-,__retarget_lock_try_acquire,0x27242bb0,int __retarget_lock_try_acquire(_LOCK_T),@sdk/toolchain-or-transitive-runtime,disabled
88.3,Function,-,__retarget_lock_try_acquire_recursive,0x19a289a7,int __retarget_lock_try_acquire_recursive(_LOCK_T),@sdk/toolchain-or-transitive-runtime,disabled
88.3,Function,-,__signbitd,0x9c3ea177,int __signbitd(double),@sdk/toolchain-or-transitive-runtime,disabled
88.3,Function,-,__signbitf,0x9c3ea179,int __signbitf(float),@sdk/toolchain-or-transitive-runtime,disabled
88.3,Function,-,__signgam,0x69955ee9,int* __signgam(),@sdk/toolchain-or-transitive-runtime,disabled
88.3,Function,-,__srget_r,0x7e8f1439,"int __srget_r(_reent*, FILE*)",@sdk/toolchain-or-transitive-runtime,disabled
88.3,Function,-,__swbuf_r,0x89e6ef5b,"int __swbuf_r(_reent*, int, FILE*)",@sdk/toolchain-or-transitive-runtime,disabled
88.3,Function,-,__utoa,0xec7254dc,"char* __utoa(unsigned, char*, int)",@sdk/toolchain-or-transitive-runtime,disabled
88.3,Function,+,__wrap___assert,0x8de829cc,"void __wrap___assert(const char*, int, const char*)",lib/print/wrappers.h,supported
88.3,Function,+,__wrap___assert_func,0x05373017,"void __wrap___assert_func(const char*, int, const char*, const char*)",lib/print/wrappers.h,supported
88.3,Function,+,__wrap_fflush,0xdc8e11c4,int __wrap_fflush(FILE*),lib/print/wrappers.h,supported
88.3,Function,+,__wrap_fgetc,0xd823c445,int __wrap_fgetc(FILE*),lib/print/wrappers.h,supported
88.3,Function,+,__wrap_fgets,0xd823c455,"char* __wrap_fgets(char*, size_t, FILE*)",lib/print/wrappers.h,supported
88.3,Function,+,__wrap_getc,0x7aea555f,int __wrap_getc(FILE*),lib/print/wrappers.h,supported
88.3,Function,+,__wrap_getchar,0xb97c145a,int __wrap_getchar(),lib/print/wrappers.h,supported
88.3,Function,+,__wrap_printf,0xf4b90b4f,"int __wrap_printf(const char*, ...)",lib/print/wrappers.h,supported
88.3,Function,+,__wrap_putc,0x7aef88d8,"int __wrap_putc(int, FILE*)",lib/print/wrappers.h,supported
88.3,Function,+,__wrap_putchar,0x939ac133,int __wrap_putchar(int),lib/print/wrappers.h,supported
88.3,Function,+,__wrap_puts,0x7aef88e8,int __wrap_puts(const char*),lib/print/wrappers.h,supported
88.3,Function,+,__wrap_snprintf,0xa89c4e50,"int __wrap_snprintf(char*, size_t, const char*, ...)",lib/print/wrappers.h,supported
88.3,Function,+,__wrap_strtod,0xfbe1be7c,"double __wrap_strtod(const char*, char**)",lib/ieee754_parse_wrap/wrappers.h,supported
88.3,Function,+,__wrap_strtof,0xfbe1be7e,"float __wrap_strtof(const char*, char**)",lib/ieee754_parse_wrap/wrappers.h,supported
88.3,Function,+,__wrap_ungetc,0x00193562,"int __wrap_ungetc(int, FILE*)",lib/print/wrappers.h,supported
88.3,Function,+,__wrap_vsnprintf,0x18e5d046,"int __wrap_vsnprintf(char*, size_t, const char*, va_list)",lib/print/wrappers.h,supported
88.3,Function,-,_asiprintf_r,0x440e60c5,"int _asiprintf_r(_reent*, char**, const char*, ...)",@sdk/toolchain-or-transitive-runtime,disabled
88.3,Function,-,_asniprintf_r,0x7ae21bf3,"char* _asniprintf_r(_reent*, char*, size_t*, const char*, ...)",@sdk/toolchain-or-transitive-runtime,disabled
88.3,Function,-,_asnprintf_r,0x8a7c95ca,"char* _asnprintf_r(_reent*, char*, size_t*, const char*, ...)",@sdk/toolchain-or-transitive-runtime,disabled
88.3,Function,-,_asprintf_r,0xe5ea885c,"int _asprintf_r(_reent*, char**, const char*, ...)",@sdk/toolchain-or-transitive-runtime,disabled
88.3,Function,-,_atoi_r,0x7f5251e2,"int _atoi_r(_reent*, const char*)",@sdk/toolchain-or-transitive-runtime,disabled
88.3,Function,-,_atol_r,0x7f525ea5,"long _atol_r(_reent*, const char*)",@sdk/toolchain-or-transitive-runtime,disabled
88.3,Function,-,_atoll_r,0x699e6891,"long long _atoll_r(_reent*, const char*)",@sdk/toolchain-or-transitive-runtime,disabled
88.3,Function,-,_calloc_r,0xb85edc63,"void* _calloc_r(_reent*, size_t, size_t)",@sdk/toolchain-or-transitive-runtime,disabled
88.3,Function,-,_diprintf_r,0x652dd1b5,"int _diprintf_r(_reent*, int, const char*, ...)",@sdk/toolchain-or-transitive-runtime,disabled
88.3,Function,-,_dprintf_r,0xd7679b4c,"int _dprintf_r(_reent*, int, const char*, ...)",@sdk/toolchain-or-transitive-runtime,disabled
88.3,Function,-,_drand48_r,0x9e1e366a,double _drand48_r(_reent*),@sdk/toolchain-or-transitive-runtime,disabled
88.3,Function,-,_dtoa_r,0x8651a9bd,"char* _dtoa_r(_reent*, double, int, int, int*, int*, char**)",@sdk/toolchain-or-transitive-runtime,disabled
88.3,Function,-,_erand48_r,0x129aa76b,"double _erand48_r(_reent*, unsigned short[3])",@sdk/toolchain-or-transitive-runtime,disabled
88.3,Function,-,_fclose_r,0x17515811,"int _fclose_r(_reent*, FILE*)",@sdk/toolchain-or-transitive-runtime,disabled
88.3,Function,-,_fcloseall_r,0x521e694a,int _fcloseall_r(_reent*),@sdk/toolchain-or-transitive-runtime,disabled
88.3,Function,-,_fdopen_r,0x6b55a031,"FILE* _fdopen_r(_reent*, int, const char*)",@sdk/toolchain-or-transitive-runtime,disabled
88.3,Function,-,_fflush_r,0xfeacae1d,"int _fflush_r(_reent*, FILE*)",@sdk/toolchain-or-transitive-runtime,disabled
88.3,Function,-,_fgetc_r,0xcb7dcfde,"int _fgetc_r(_reent*, FILE*)",@sdk/toolchain-or-transitive-runtime,disabled
88.3,Function,-,_fgetc_unlocked_r,0x2936fe92,"int _fgetc_unlocked_r(_reent*, FILE*)",@sdk/toolchain-or-transitive-runtime,disabled
88.3,Function,-,_fgetpos_r,0xa32554ed,"int _fgetpos_r(_reent*, FILE*, fpos_t*)",@sdk/toolchain-or-transitive-runtime,disabled
88.3,Function,-,_fgets_r,0xcb7e13ee,"char* _fgets_r(_reent*, char*, int, FILE*)",@sdk/toolchain-or-transitive-runtime,disabled
88.3,Function,-,_fgets_unlocked_r,0x386cd4a2,"char* _fgets_unlocked_r(_reent*, char*, int, FILE*)",@sdk/toolchain-or-transitive-runtime,disabled
88.3,Function,-,_findenv,0xd0c2420e,"char* _findenv(const char*, int*)",@sdk/toolchain-or-transitive-runtime,disabled
88.3,Function,-,_findenv_r,0x0a5b0a3f,"char* _findenv_r(_reent*, const char*, int*)",@sdk/toolchain-or-transitive-runtime,disabled
88.3,Function,-,_fiprintf_r,0x6d42f3f7,"int _fiprintf_r(_reent*, FILE*, const char*, ...)",@sdk/toolchain-or-transitive-runtime,disabled
88.3,Function,-,_fiscanf_r,0x88a06b4f,"int _fiscanf_r(_reent*, FILE*, const char*, ...)",@sdk/toolchain-or-transitive-runtime,disabled
88.3,Function,-,_fmemopen_r,0xa5986fac,"FILE* _fmemopen_r(_reent*, void*, size_t, const char*)",@sdk/toolchain-or-transitive-runtime,disabled
88.3,Function,-,_fopen_r,0xdee6178d,"FILE* _fopen_r(_reent*, const char*, const char*)",@sdk/toolchain-or-transitive-runtime,disabled
88.3,Function,-,_fopencookie_r,0xa97f9467,"FILE* _fopencookie_r(_reent*, void*, const char*, cookie_io_functions_t)",@sdk/toolchain-or-transitive-runtime,disabled
88.3,Function,-,_fprintf_r,0xc0607d4e,"int _fprintf_r(_reent*, FILE*, const char*, ...)",@sdk/toolchain-or-transitive-runtime,disabled
88.3,Function,-,_fpurge_r,0x1534907e,"int _fpurge_r(_reent*, FILE*)",@sdk/toolchain-or-transitive-runtime,disabled
88.3,Function,-,_fputc_r,0xe19dc597,"int _fputc_r(_reent*, int, FILE*)",@sdk/toolchain-or-transitive-runtime,disabled
88.3,Function,-,_fputc_unlocked_r,0x9abd746b,"int _fputc_unlocked_r(_reent*, int, FILE*)",@sdk/toolchain-or-transitive-runtime,disabled
88.3,Function,-,_fputs_r,0xe19e09a7,"int _fputs_r(_reent*, const char*, FILE*)",@sdk/toolchain-or-transitive-runtime,disabled
88.3,Function,-,_fputs_unlocked_r,0xa9f34a7b,"int _fputs_unlocked_r(_reent*, const char*, FILE*)",@sdk/toolchain-or-transitive-runtime,disabled
88.3,Function,-,_fread_r,0xe51c27d7,"size_t _fread_r(_reent*, void*, size_t, size_t, FILE*)",@sdk/toolchain-or-transitive-runtime,disabled
88.3,Function,-,_fread_unlocked_r,0x7a2e5eab,"size_t _fread_unlocked_r(_reent*, void*, size_t, size_t, FILE*)",@sdk/toolchain-or-transitive-runtime,disabled
88.3,Function,-,_free_r,0x8ad25f37,"void _free_r(_reent*, void*)",@sdk/toolchain-or-transitive-runtime,disabled
88.3,Function,-,_freopen_r,0xbe4a1e64,"FILE* _freopen_r(_reent*, const char*, const char*, FILE*)",@sdk/toolchain-or-transitive-runtime,disabled
88.3,Function,-,_fscanf_r,0xd0f6a5c6,"int _fscanf_r(_reent*, FILE*, const char*, ...)",@sdk/toolchain-or-transitive-runtime,disabled
88.3,Function,-,_fseek_r,0xe7739fc3,"int _fseek_r(_reent*, FILE*, long, int)",@sdk/toolchain-or-transitive-runtime,disabled
88.3,Function,-,_fseeko_r,0xd5e7da32,"int _fseeko_r(_reent*, FILE*, _off_t, int)",@sdk/toolchain-or-transitive-runtime,disabled
88.3,Function,-,_fsetpos_r,0xb63b4f79,"int _fsetpos_r(_reent*, FILE*, const fpos_t*)",@sdk/toolchain-or-transitive-runtime,disabled
88.3,Function,-,_ftell_r,0xe9cca34c,"long _ftell_r(_reent*, FILE*)",@sdk/toolchain-or-transitive-runtime,disabled
88.3,Function,-,_ftello_r,0x23614edb,"_off_t _ftello_r(_reent*, FILE*)",@sdk/toolchain-or-transitive-runtime,disabled
88.3,Function,-,_funopen_r,0x37dbbfd0,"FILE* _funopen_r(_reent*, const void*, int (*)(void*, char*, int), int (*)(void*, const char*, int), fpos_t (*)(void*, fpos_t, int), int (*)(void*))",@sdk/toolchain-or-transitive-runtime,disabled
88.3,Function,-,_fwalk_sglue,0x68458a58,"int _fwalk_sglue(_reent*, int (*)(_reent*, __FILE*), _glue*)",@sdk/toolchain-or-transitive-runtime,disabled
88.3,Function,-,_fwrite_r,0x28710446,"size_t _fwrite_r(_reent*, const void*, size_t, size_t, FILE*)",@sdk/toolchain-or-transitive-runtime,disabled
88.3,Function,-,_fwrite_unlocked_r,0x914fa7fa,"size_t _fwrite_unlocked_r(_reent*, const void*, size_t, size_t, FILE*)",@sdk/toolchain-or-transitive-runtime,disabled
88.3,Function,-,_getc_r,0x8c447a78,"int _getc_r(_reent*, FILE*)",@sdk/toolchain-or-transitive-runtime,disabled
88.3,Function,-,_getc_unlocked_r,0x9b78366c,"int _getc_unlocked_r(_reent*, FILE*)",@sdk/toolchain-or-transitive-runtime,disabled
88.3,Function,-,_getchar_r,0x99878333,int _getchar_r(_reent*),@sdk/toolchain-or-transitive-runtime,disabled
88.3,Function,-,_getchar_unlocked_r,0x8c5c4187,int _getchar_unlocked_r(_reent*),@sdk/toolchain-or-transitive-runtime,disabled
88.3,Function,-,_getenv_r,0xaf7980de,"char* _getenv_r(_reent*, const char*)",@sdk/toolchain-or-transitive-runtime,disabled
88.3,Function,-,_gets_r,0x8c44be88,"char* _gets_r(_reent*, char*)",@sdk/toolchain-or-transitive-runtime,disabled
88.3,Function,-,_iprintf_r,0x1dd5d051,"int _iprintf_r(_reent*, const char*, ...)",@sdk/toolchain-or-transitive-runtime,disabled
88.3,Function,-,_iscanf_r,0x95bc2469,"int _iscanf_r(_reent*, const char*, ...)",@sdk/toolchain-or-transitive-runtime,disabled
88.3,Function,-,_jrand48_r,0x5908dc70,"long _jrand48_r(_reent*, unsigned short[3])",@sdk/toolchain-or-transitive-runtime,disabled
88.3,Function,-,_l64a_r,0x9478a52c,"char* _l64a_r(_reent*, long)",@sdk/toolchain-or-transitive-runtime,disabled
88.3,Function,-,_lcong48_r,0xa00be154,"void _lcong48_r(_reent*, unsigned short[7])",@sdk/toolchain-or-transitive-runtime,disabled
88.3,Function,-,_lrand48_r,0x4201be72,long _lrand48_r(_reent*),@sdk/toolchain-or-transitive-runtime,disabled
88.3,Function,-,_malloc_r,0xf2f12d2d,"void* _malloc_r(_reent*, size_t)",@sdk/toolchain-or-transitive-runtime,disabled
88.3,Function,-,_mblen_r,0xdb224ea3,"int _mblen_r(_reent*, const char*, size_t, _mbstate_t*)",@sdk/toolchain-or-transitive-runtime,disabled
88.3,Function,-,_mbstowcs_r,0xc7788227,"size_t _mbstowcs_r(_reent*, wchar_t*, const char*, size_t, _mbstate_t*)",@sdk/toolchain-or-transitive-runtime,disabled
88.3,Function,-,_mbtowc_r,0x52cf5b81,"int _mbtowc_r(_reent*, wchar_t*, const char*, size_t, _mbstate_t*)",@sdk/toolchain-or-transitive-runtime,disabled
88.3,Function,-,_mkdtemp_r,0x35d14fa7,"char* _mkdtemp_r(_reent*, char*)",@sdk/toolchain-or-transitive-runtime,disabled
88.3,Function,-,_mkostemp_r,0xec406c05,"int _mkostemp_r(_reent*, char*, int)",@sdk/toolchain-or-transitive-runtime,disabled
88.3,Function,-,_mkostemps_r,0x744e3fb8,"int _mkostemps_r(_reent*, char*, int, int)",@sdk/toolchain-or-transitive-runtime,disabled
88.3,Function,-,_mkstemp_r,0xb87adef6,"int _mkstemp_r(_reent*, char*)",@sdk/toolchain-or-transitive-runtime,disabled
88.3,Function,-,_mkstemps_r,0xc7d710c9,"int _mkstemps_r(_reent*, char*, int)",@sdk/toolchain-or-transitive-runtime,disabled
88.3,Function,-,_mktemp_r,0x06e144c3,"char* _mktemp_r(_reent*, char*)",@sdk/toolchain-or-transitive-runtime,disabled
88.3,Function,-,_mrand48_r,0xb67e2f73,long _mrand48_r(_reent*),@sdk/toolchain-or-transitive-runtime,disabled
88.3,Function,-,_mstats_r,0x6e6eac31,"void _mstats_r(_reent*, char*)",@sdk/toolchain-or-transitive-runtime,disabled
88.3,Function,-,_nrand48_r,0x2afaa074,"long _nrand48_r(_reent*, unsigned short[3])",@sdk/toolchain-or-transitive-runtime,disabled
88.3,Function,-,_open_memstream_r,0x63bbac51,"FILE* _open_memstream_r(_reent*, char**, size_t*)",@sdk/toolchain-or-transitive-runtime,disabled
88.3,Function,-,_perror_r,0xfa0b656f,"void _perror_r(_reent*, const char*)",@sdk/toolchain-or-transitive-runtime,disabled
88.3,Function,-,_printf_r,0xcd7c3668,"int _printf_r(_reent*, const char*, ...)",@sdk/toolchain-or-transitive-runtime,disabled
88.3,Function,-,_putc_r,0xa2647031,"int _putc_r(_reent*, int, FILE*)",@sdk/toolchain-or-transitive-runtime,disabled
88.3,Function,-,_putc_unlocked_r,0x0cfeac45,"int _putc_unlocked_r(_reent*, int, FILE*)",@sdk/toolchain-or-transitive-runtime,disabled
88.3,Function,-,_putchar_r,0x7604ca4c,"int _putchar_r(_reent*, int)",@sdk/toolchain-or-transitive-runtime,disabled
88.3,Function,-,_putchar_unlocked_r,0x18c194c0,"int _putchar_unlocked_r(_reent*, int)",@sdk/toolchain-or-transitive-runtime,disabled
88.3,Function,-,_putenv_r,0xcd6dc8d7,"int _putenv_r(_reent*, char*)",@sdk/toolchain-or-transitive-runtime,disabled
88.3,Function,-,_puts_r,0xa264b441,"int _puts_r(_reent*, const char*)",@sdk/toolchain-or-transitive-runtime,disabled
88.3,Function,-,_realloc_r,0xf99c1917,"void* _realloc_r(_reent*, void*, size_t)",@sdk/toolchain-or-transitive-runtime,disabled
88.3,Function,-,_reallocf_r,0x2d1f57bd,"void* _reallocf_r(_reent*, void*, size_t)",@sdk/toolchain-or-transitive-runtime,disabled
88.3,Function,-,_reclaim_reent,0xaf75dcde,void _reclaim_reent(_reent*),@sdk/toolchain-or-transitive-runtime,disabled
88.3,Function,-,_remove_r,0xc6b299e3,"int _remove_r(_reent*, const char*)",@sdk/toolchain-or-transitive-runtime,disabled
88.3,Function,-,_rename_r,0xc8057c0d,"int _rename_r(_reent*, const char*, const char*)",@sdk/toolchain-or-transitive-runtime,disabled
88.3,Function,-,_rewind_r,0xdd9535de,"void _rewind_r(_reent*, FILE*)",@sdk/toolchain-or-transitive-runtime,disabled
88.3,Function,-,_scanf_r,0xaa92a3a0,"int _scanf_r(_reent*, const char*, ...)",@sdk/toolchain-or-transitive-runtime,disabled
88.3,Function,-,_seed48_r,0x9f5f2bc2,"unsigned short* _seed48_r(_reent*, unsigned short[3])",@sdk/toolchain-or-transitive-runtime,disabled
88.3,Function,-,_setenv_r,0xc28f7b6a,"int _setenv_r(_reent*, const char*, const char*, int)",@sdk/toolchain-or-transitive-runtime,disabled
88.3,Function,-,_siprintf_r,0xa1cc52a4,"int _siprintf_r(_reent*, char*, const char*, ...)",@sdk/toolchain-or-transitive-runtime,disabled
88.3,Function,-,_siscanf_r,0x72f2285c,"int _siscanf_r(_reent*, const char*, const char*, ...)",@sdk/toolchain-or-transitive-runtime,disabled
88.3,Function,-,_sniprintf_r,0x905e49b2,"int _sniprintf_r(_reent*, char*, size_t, const char*, ...)",@sdk/toolchain-or-transitive-runtime,disabled
88.3,Function,-,_snprintf_r,0xe83a87a9,"int _snprintf_r(_reent*, char*, size_t, const char*, ...)",@sdk/toolchain-or-transitive-runtime,disabled
88.3,Function,-,_sprintf_r,0xaab23a5b,"int _sprintf_r(_reent*, char*, const char*, ...)",@sdk/toolchain-or-transitive-runtime,disabled
88.3,Function,-,_srand48_r,0x7168d579,"void _srand48_r(_reent*, long)",@sdk/toolchain-or-transitive-runtime,disabled
88.3,Function,-,_sscanf_r,0xd04e7533,"int _sscanf_r(_reent*, const char*, const char*, ...)",@sdk/toolchain-or-transitive-runtime,disabled
88.3,Function,-,_strdup_r,0x40805e17,"char* _strdup_r(_reent*, const char*)",@sdk/toolchain-or-transitive-runtime,disabled
88.3,Function,-,_strerror_r,0xa8380678,"char* _strerror_r(_reent*, int, int, int*)",@sdk/toolchain-or-transitive-runtime,disabled
88.3,Function,-,_strndup_r,0x66af1ae5,"char* _strndup_r(_reent*, const char*, size_t)",@sdk/toolchain-or-transitive-runtime,disabled
88.3,Function,-,_strtod_r,0x419e68d5,"double _strtod_r(_reent*, const char*, char**)",@sdk/toolchain-or-transitive-runtime,disabled
88.3,Function,-,_strtol_r,0x419e8add,"long _strtol_r(_reent*, const char*, char**, int)",@sdk/toolchain-or-transitive-runtime,disabled
88.3,Function,-,_strtold_r,0x756ff9c1,"long double _strtold_r(_reent*, const char*, char**)",@sdk/toolchain-or-transitive-runtime,disabled
88.3,Function,-,_strtoll_r,0x75701bc9,"long long _strtoll_r(_reent*, const char*, char**, int)",@sdk/toolchain-or-transitive-runtime,disabled
88.3,Function,-,_strtoul_r,0x75750b32,"unsigned long _strtoul_r(_reent*, const char*, char**, int)",@sdk/toolchain-or-transitive-runtime,disabled
88.3,Function,-,_strtoull_r,0x2416a6be,"unsigned long long _strtoull_r(_reent*, const char*, char**, int)",@sdk/toolchain-or-transitive-runtime,disabled
88.3,Function,-,_system_r,0xc4d16bba,"int _system_r(_reent*, const char*)",@sdk/toolchain-or-transitive-runtime,disabled
88.3,Function,-,_tempnam_r,0x87c124e7,"char* _tempnam_r(_reent*, const char*, const char*)",@sdk/toolchain-or-transitive-runtime,disabled
88.3,Function,-,_tmpfile_r,0xb9165786,FILE* _tmpfile_r(_reent*),@sdk/toolchain-or-transitive-runtime,disabled
88.3,Function,-,_tmpnam_r,0x0dea2922,"char* _tmpnam_r(_reent*, char*)",@sdk/toolchain-or-transitive-runtime,disabled
88.3,Function,-,_ungetc_r,0x318f313b,"int _ungetc_r(_reent*, int, FILE*)",@sdk/toolchain-or-transitive-runtime,disabled
88.3,Function,-,_unsetenv_r,0xe562eeed,"int _unsetenv_r(_reent*, const char*)",@sdk/toolchain-or-transitive-runtime,disabled
88.3,Function,-,_vasiprintf_r,0x3288dbfb,"int _vasiprintf_r(_reent*, char**, const char*, __gnuc_va_list)",@sdk/toolchain-or-transitive-runtime,disabled
88.3,Function,-,_vasniprintf_r,0x38abfde9,"char* _vasniprintf_r(_reent*, char*, size_t*, const char*, __gnuc_va_list)",@sdk/toolchain-or-transitive-runtime,disabled
88.3,Function,-,_vasnprintf_r,0x78f71100,"char* _vasnprintf_r(_reent*, char*, size_t*, const char*, __gnuc_va_list)",@sdk/toolchain-or-transitive-runtime,disabled
88.3,Function,-,_vasprintf_r,0x78c774d2,"int _vasprintf_r(_reent*, char**, const char*, __gnuc_va_list)",@sdk/toolchain-or-transitive-runtime,disabled
88.3,Function,-,_vdiprintf_r,0xf80abe2b,"int _vdiprintf_r(_reent*, int, const char*, __gnuc_va_list)",@sdk/toolchain-or-transitive-runtime,disabled
88.3,Function,-,_vdprintf_r,0x677dd102,"int _vdprintf_r(_reent*, int, const char*, __gnuc_va_list)",@sdk/toolchain-or-transitive-runtime,disabled
88.3,Function,-,_vfiprintf_r,0x001fe06d,"int _vfiprintf_r(_reent*, FILE*, const char*, __gnuc_va_list)",@sdk/toolchain-or-transitive-runtime,disabled
88.3,Function,-,_vfiscanf_r,0x18b6a105,"int _vfiscanf_r(_reent*, FILE*, const char*, __gnuc_va_list)",@sdk/toolchain-or-transitive-runtime,disabled
88.3,Function,-,_vfprintf_r,0x5076b304,"int _vfprintf_r(_reent*, FILE*, const char*, __gnuc_va_list)",@sdk/toolchain-or-transitive-runtime,disabled
88.3,Function,-,_vfscanf_r,0x0ba1fcbc,"int _vfscanf_r(_reent*, FILE*, const char*, __gnuc_va_list)",@sdk/toolchain-or-transitive-runtime,disabled
88.3,Function,-,_viprintf_r,0xadec0607,"int _viprintf_r(_reent*, const char*, __gnuc_va_list)",@sdk/toolchain-or-transitive-runtime,disabled
88.3,Function,-,_viscanf_r,0xd0677b5f,"int _viscanf_r(_reent*, const char*, __gnuc_va_list)",@sdk/toolchain-or-transitive-runtime,disabled
88.3,Function,-,_vprintf_r,0x08278d5e,"int _vprintf_r(_reent*, const char*, __gnuc_va_list)",@sdk/toolchain-or-transitive-runtime,disabled
88.3,Function,-,_vscanf_r,0x9513f3d6,"int _vscanf_r(_reent*, const char*, __gnuc_va_list)",@sdk/toolchain-or-transitive-runtime,disabled
88.3,Function,-,_vsiprintf_r,0x34a93f1a,"int _vsiprintf_r(_reent*, char*, const char*, __gnuc_va_list)",@sdk/toolchain-or-transitive-runtime,disabled
88.3,Function,-,_vsiscanf_r,0x03085e12,"int _vsiscanf_r(_reent*, const char*, const char*, __gnuc_va_list)",@sdk/toolchain-or-transitive-runtime,disabled
88.3,Function,-,_vsniprintf_r,0x7ed8c4e8,"int _vsniprintf_r(_reent*, char*, size_t, const char*, __gnuc_va_list)",@sdk/toolchain-or-transitive-runtime,disabled
88.3,Function,-,_vsnprintf_r,0x7b17741f,"int _vsnprintf_r(_reent*, char*, size_t, const char*, __gnuc_va_list)",@sdk/toolchain-or-transitive-runtime,disabled
88.3,Function,-,_vsprintf_r,0x3ac87011,"int _vsprintf_r(_reent*, char*, const char*, __gnuc_va_list)",@sdk/toolchain-or-transitive-runtime,disabled
88.3,Function,-,_vsscanf_r,0x0af9cc29,"int _vsscanf_r(_reent*, const char*, const char*, __gnuc_va_list)",@sdk/toolchain-or-transitive-runtime,disabled
88.3,Function,-,_wcstombs_r,0x63a91d07,"size_t _wcstombs_r(_reent*, char*, const wchar_t*, size_t, _mbstate_t*)",@sdk/toolchain-or-transitive-runtime,disabled
88.3,Function,-,_wctomb_r,0xda566901,"int _wctomb_r(_reent*, char*, wchar_t, _mbstate_t*)",@sdk/toolchain-or-transitive-runtime,disabled
88.3,Function,-,a64l,0x7c932d1c,long a64l(const char*),@sdk/toolchain-or-transitive-runtime,disabled
88.3,Function,+,abort,0x0f11ed7d,void abort(),lib/mlib/m-core.h;lib/nanopb/pb_decode.h;lib/nanopb/pb_encode.h;targets/furi_hal_include/furi_hal_nfc.h,supported
88.3,Function,-,abs,0x0b885c9b,int abs(int),@sdk/toolchain-or-transitive-runtime,disabled
88.3,Function,-,acos,0x7c93f42b,double acos(double),@sdk/toolchain-or-transitive-runtime,disabled
88.3,Function,-,acosf,0x0f1279f1,float acosf(float),@sdk/toolchain-or-transitive-runtime,disabled
88.3,Function,-,acosh,0x0f1279f3,double acosh(double),@sdk/toolchain-or-transitive-runtime,disabled
88.3,Function,-,acoshf,0xf161b8b9,float acoshf(float),@sdk/toolchain-or-transitive-runtime,disabled
88.3,Function,-,acoshl,0xf161b8bf,long double acoshl(long double),@sdk/toolchain-or-transitive-runtime,disabled
88.3,Function,-,acosl,0x0f1279f7,long double acosl(long double),@sdk/toolchain-or-transitive-runtime,disabled
88.3,Function,-,aligned_alloc,0xb3d3c623,"void* aligned_alloc(size_t, size_t)",@sdk/toolchain-or-transitive-runtime,disabled
88.3,Function,+,aligned_free,0x8194e43a,void aligned_free(void*),@sdk/toolchain-or-transitive-runtime,supported
88.3,Function,+,aligned_malloc,0x498359b0,"void* aligned_malloc(size_t, size_t)",@sdk/toolchain-or-transitive-runtime,supported
88.3,Function,-,arc4random,0xae6843d0,__uint32_t arc4random(),@sdk/toolchain-or-transitive-runtime,disabled
88.3,Function,-,arc4random_buf,0x6dbb742c,"void arc4random_buf(void*, size_t)",@sdk/toolchain-or-transitive-runtime,disabled
88.3,Function,-,arc4random_uniform,0xb0202f8f,__uint32_t arc4random_uniform(__uint32_t),@sdk/toolchain-or-transitive-runtime,disabled
88.3,Function,+,args_char_to_hex,0xf3b3f475,"_Bool args_char_to_hex(char, char, uint8_t*)",lib/toolbox/args.h,supported
88.3,Function,+,args_get_first_word_length,0xa7aff4f4,size_t args_get_first_word_length(FuriString*),lib/toolbox/args.h,supported
88.3,Function,+,args_length,0xd40ea053,size_t args_length(FuriString*),lib/toolbox/args.h,supported
88.3,Function,+,args_read_duration,0xc141ebd2,"_Bool args_read_duration(FuriString*, uint32_t*, const char*)",lib/toolbox/args.h,supported
88.3,Function,+,args_read_float_and_trim,0x5a217e2f,"_Bool args_read_float_and_trim(FuriString*, float*)",lib/toolbox/args.h,supported
88.3,Function,+,args_read_hex_bytes,0xbf4a18d7,"_Bool args_read_hex_bytes(FuriString*, uint8_t*, size_t)",lib/toolbox/args.h,supported
88.3,Function,+,args_read_int_and_trim,0x70f566a4,"_Bool args_read_int_and_trim(FuriString*, int*)",lib/toolbox/args.h,supported
88.3,Function,+,args_read_probably_quoted_string_and_trim,0x8bfc82db,"_Bool args_read_probably_quoted_string_and_trim(FuriString*, FuriString*)",lib/toolbox/args.h,supported
88.3,Function,+,args_read_string_and_trim,0x5c78aa90,"_Bool args_read_string_and_trim(FuriString*, FuriString*)",lib/toolbox/args.h,supported
88.3,Function,-,asin,0x7c943770,double asin(double),@sdk/toolchain-or-transitive-runtime,disabled
88.3,Function,-,asinf,0x0f1b25d6,float asinf(float),@sdk/toolchain-or-transitive-runtime,disabled
88.3,Function,-,asinh,0x0f1b25d8,double asinh(double),@sdk/toolchain-or-transitive-runtime,disabled
88.3,Function,-,asinhf,0xf27fe13e,float asinhf(float),@sdk/toolchain-or-transitive-runtime,disabled
88.3,Function,-,asinhl,0xf27fe144,long double asinhl(long double),@sdk/toolchain-or-transitive-runtime,disabled
88.3,Function,-,asinl,0x0f1b25dc,long double asinl(long double),@sdk/toolchain-or-transitive-runtime,disabled
88.3,Function,-,asiprintf,0xd7050f35,"int asiprintf(char**, const char*, ...)",@sdk/toolchain-or-transitive-runtime,disabled
88.3,Function,-,asniprintf,0x360e2b03,"char* asniprintf(char*, size_t*, const char*, ...)",@sdk/toolchain-or-transitive-runtime,disabled
88.3,Function,-,asnprintf,0x57e83efa,"char* asnprintf(char*, size_t*, const char*, ...)",@sdk/toolchain-or-transitive-runtime,disabled
88.3,Function,-,asprintf,0xa29a64ec,"int asprintf(char**, const char*, ...)",@sdk/toolchain-or-transitive-runtime,disabled
88.3,Function,-,at_quick_exit,0xdd8387ef,int at_quick_exit(void (*)()),@sdk/toolchain-or-transitive-runtime,disabled
88.3,Function,-,atan,0x7c943aa9,double atan(double),@sdk/toolchain-or-transitive-runtime,disabled
88.3,Function,-,atan2,0x0f1b8ffb,"double atan2(double, double)",@sdk/toolchain-or-transitive-runtime,disabled
88.3,Function,-,atan2f,0xf28d8fc1,"float atan2f(float, float)",@sdk/toolchain-or-transitive-runtime,disabled
88.3,Function,-,atan2l,0xf28d8fc7,"long double atan2l(long double, long double)",@sdk/toolchain-or-transitive-runtime,disabled
88.3,Function,-,atanf,0x0f1b902f,float atanf(float),@sdk/toolchain-or-transitive-runtime,disabled
88.3,Function,-,atanh,0x0f1b9031,double atanh(double),@sdk/toolchain-or-transitive-runtime,disabled
88.3,Function,-,atanhf,0xf28d96b7,float atanhf(float),@sdk/toolchain-or-transitive-runtime,disabled
88.3,Function,-,atanhl,0xf28d96bd,long double atanhl(long double),@sdk/toolchain-or-transitive-runtime,disabled
88.3,Function,-,atanl,0x0f1b9035,long double atanl(long double),@sdk/toolchain-or-transitive-runtime,disabled
88.3,Function,-,atexit,0xf28ff2f4,int atexit(void (*)()),@sdk/toolchain-or-transitive-runtime,disabled
88.3,Function,-,atof,0x7c943c6f,double atof(const char*),@sdk/toolchain-or-transitive-runtime,disabled
88.3,Function,-,atoff,0x0f1bcab5,float atoff(const char*),@sdk/toolchain-or-transitive-runtime,disabled
88.3,Function,+,atoi,0x7c943c72,int atoi(const char*),@sdk/toolchain-or-transitive-runtime,supported
88.3,Function,-,atol,0x7c943c75,long atol(const char*),@sdk/toolchain-or-transitive-runtime,disabled
88.3,Function,-,atoll,0x0f1bcb81,long long atoll(const char*),@sdk/toolchain-or-transitive-runtime,disabled
88.3,Function,-,basename,0x2b5ab541,char* basename(const char*),lib/toolbox/path.h,disabled
88.3,Function,-,bcmp,0x7c948047,"int bcmp(const void*, const void*, size_t)",@sdk/toolchain-or-transitive-runtime,disabled
88.3,Function,-,bcopy,0x0f249222,"void bcopy(const void*, void*, size_t)",@sdk/toolchain-or-transitive-runtime,disabled
88.3,Function,+,bit_buffer_alloc,0xc83c90e7,BitBuffer* bit_buffer_alloc(size_t),lib/toolbox/bit_buffer.h,supported
88.3,Function,+,bit_buffer_append,0xd0191894,"void bit_buffer_append(BitBuffer*, const BitBuffer*)",lib/toolbox/bit_buffer.h,supported
88.3,Function,+,bit_buffer_append_bit,0xf1910972,"void bit_buffer_append_bit(BitBuffer*, _Bool)",lib/toolbox/bit_buffer.h,supported
88.3,Function,+,bit_buffer_append_byte,0x23b27c27,"void bit_buffer_append_byte(BitBuffer*, uint8_t)",lib/toolbox/bit_buffer.h,supported
88.3,Function,+,bit_buffer_append_bytes,0x9a02017a,"void bit_buffer_append_bytes(BitBuffer*, const uint8_t*, size_t)",lib/toolbox/bit_buffer.h,supported
88.3,Function,+,bit_buffer_append_right,0x9b1a8c91,"void bit_buffer_append_right(BitBuffer*, const BitBuffer*, size_t)",lib/toolbox/bit_buffer.h,supported
88.3,Function,+,bit_buffer_copy,0x6aebb617,"void bit_buffer_copy(BitBuffer*, const BitBuffer*)",lib/toolbox/bit_buffer.h,supported
88.3,Function,+,bit_buffer_copy_bits,0xbd42bf88,"void bit_buffer_copy_bits(BitBuffer*, const uint8_t*, size_t)",lib/toolbox/bit_buffer.h,supported
88.3,Function,+,bit_buffer_copy_bytes,0x65a3753d,"void bit_buffer_copy_bytes(BitBuffer*, const uint8_t*, size_t)",lib/toolbox/bit_buffer.h,supported
88.3,Function,+,bit_buffer_copy_bytes_with_parity,0x7c394390,"void bit_buffer_copy_bytes_with_parity(BitBuffer*, const uint8_t*, size_t)",lib/toolbox/bit_buffer.h,supported
88.3,Function,+,bit_buffer_copy_left,0xbd482881,"void bit_buffer_copy_left(BitBuffer*, const BitBuffer*, size_t)",lib/toolbox/bit_buffer.h,supported
88.3,Function,+,bit_buffer_copy_right,0x66bc0054,"void bit_buffer_copy_right(BitBuffer*, const BitBuffer*, size_t)",lib/toolbox/bit_buffer.h,supported
88.3,Function,+,bit_buffer_free,0x6aed667e,void bit_buffer_free(BitBuffer*),lib/toolbox/bit_buffer.h,supported
88.3,Function,+,bit_buffer_get_byte,0x7e6dd22f,"uint8_t bit_buffer_get_byte(const BitBuffer*, size_t)",lib/toolbox/bit_buffer.h,supported
88.3,Function,+,bit_buffer_get_byte_from_bit,0x20b959a0,"uint8_t bit_buffer_get_byte_from_bit(const BitBuffer*, size_t)",lib/toolbox/bit_buffer.h,supported
88.3,Function,+,bit_buffer_get_capacity_bytes,0x5080142f,size_t bit_buffer_get_capacity_bytes(const BitBuffer*),lib/toolbox/bit_buffer.h,supported
88.3,Function,+,bit_buffer_get_data,0x7e6e84d5,const uint8_t* bit_buffer_get_data(const BitBuffer*),lib/toolbox/bit_buffer.h,supported
88.3,Function,+,bit_buffer_get_parity,0xf0200e54,const uint8_t* bit_buffer_get_parity(const BitBuffer*),lib/toolbox/bit_buffer.h,supported
88.3,Function,+,bit_buffer_get_size,0x7e76e156,size_t bit_buffer_get_size(const BitBuffer*),lib/toolbox/bit_buffer.h,supported
88.3,Function,+,bit_buffer_get_size_bytes,0xaf37d3bc,size_t bit_buffer_get_size_bytes(const BitBuffer*),lib/toolbox/bit_buffer.h,supported
88.3,Function,+,bit_buffer_has_partial_byte,0x6350c0d7,_Bool bit_buffer_has_partial_byte(const BitBuffer*),lib/toolbox/bit_buffer.h,supported
88.3,Function,+,bit_buffer_reset,0xc96c775f,void bit_buffer_reset(BitBuffer*),lib/toolbox/bit_buffer.h,supported
88.3,Function,+,bit_buffer_set_byte,0x9183ccbb,"void bit_buffer_set_byte(BitBuffer*, size_t, uint8_t)",lib/toolbox/bit_buffer.h,supported
88.3,Function,+,bit_buffer_set_byte_with_parity,0xd51ac80e,"void bit_buffer_set_byte_with_parity(BitBuffer*, size_t, uint8_t, _Bool)",lib/toolbox/bit_buffer.h,supported
88.3,Function,+,bit_buffer_set_size,0x918cdbe2,"void bit_buffer_set_size(BitBuffer*, size_t)",lib/toolbox/bit_buffer.h,supported
88.3,Function,+,bit_buffer_set_size_bytes,0x763a8748,"void bit_buffer_set_size_bytes(BitBuffer*, size_t)",lib/toolbox/bit_buffer.h,supported
88.3,Function,+,bit_buffer_starts_with_byte,0xa3accf8b,"_Bool bit_buffer_starts_with_byte(const BitBuffer*, uint8_t)",lib/toolbox/bit_buffer.h,supported
88.3,Function,+,bit_buffer_write_bytes,0x8a00754d,"void bit_buffer_write_bytes(const BitBuffer*, void*, size_t)",lib/toolbox/bit_buffer.h,supported
88.3,Function,+,bit_buffer_write_bytes_mid,0xd4da4966,"void bit_buffer_write_bytes_mid(const BitBuffer*, void*, size_t, size_t)",lib/toolbox/bit_buffer.h,supported
88.3,Function,+,bit_buffer_write_bytes_with_parity,0x0a06dba0,"void bit_buffer_write_bytes_with_parity(const BitBuffer*, void*, size_t, size_t*)",lib/toolbox/bit_buffer.h,supported
88.3,Function,+,bit_lib_add_parity,0x954769fa,"size_t bit_lib_add_parity(const uint8_t*, size_t, uint8_t*, size_t, uint8_t, uint8_t, BitLibParity)",lib/bit_lib/bit_lib.h,supported
88.3,Function,+,bit_lib_bytes_to_num_bcd,0xb2efa0f9,"uint64_t bit_lib_bytes_to_num_bcd(const uint8_t*, uint8_t, _Bool*)",lib/bit_lib/bit_lib.h,supported
88.3,Function,+,bit_lib_bytes_to_num_be,0x628361f7,"uint64_t bit_lib_bytes_to_num_be(const uint8_t*, uint8_t)",lib/bit_lib/bit_lib.h,supported
88.3,Function,+,bit_lib_bytes_to_num_le,0x62836341,"uint64_t bit_lib_bytes_to_num_le(const uint8_t*, uint8_t)",lib/bit_lib/bit_lib.h,supported
88.3,Function,+,bit_lib_copy_bits,0x124a8565,"void bit_lib_copy_bits(uint8_t*, size_t, size_t, const uint8_t*, size_t)",lib/bit_lib/bit_lib.h,supported
88.3,Function,+,bit_lib_crc16,0x39413d18,"uint16_t bit_lib_crc16(const uint8_t*, size_t, uint16_t, uint16_t, _Bool, _Bool, uint16_t)",lib/bit_lib/bit_lib.h,supported
88.3,Function,+,bit_lib_crc8,0x01bc28a9,"uint16_t bit_lib_crc8(const uint8_t*, size_t, uint8_t, uint8_t, _Bool, _Bool, uint8_t)",lib/bit_lib/bit_lib.h,supported
88.3,Function,+,bit_lib_get_bit,0xa5686917,"_Bool bit_lib_get_bit(const uint8_t*, size_t)",lib/bit_lib/bit_lib.h,supported
88.3,Function,+,bit_lib_get_bit_count,0x85a70a5f,uint8_t bit_lib_get_bit_count(uint32_t),lib/bit_lib/bit_lib.h,supported
88.3,Function,+,bit_lib_get_bits,0x52758c6a,"uint8_t bit_lib_get_bits(const uint8_t*, size_t, uint8_t)",lib/bit_lib/bit_lib.h,supported
88.3,Function,+,bit_lib_get_bits_16,0x8755c6d0,"uint16_t bit_lib_get_bits_16(const uint8_t*, size_t, uint8_t)",lib/bit_lib/bit_lib.h,supported
88.3,Function,+,bit_lib_get_bits_32,0x8755c70e,"uint32_t bit_lib_get_bits_32(const uint8_t*, size_t, uint8_t)",lib/bit_lib/bit_lib.h,supported
88.3,Function,+,bit_lib_get_bits_64,0x8755c773,"uint64_t bit_lib_get_bits_64(const uint8_t*, size_t, uint8_t)",lib/bit_lib/bit_lib.h,supported
88.3,Function,+,bit_lib_num_to_bytes_be,0xe251c217,"void bit_lib_num_to_bytes_be(uint64_t, uint8_t, uint8_t*)",lib/bit_lib/bit_lib.h,supported
88.3,Function,+,bit_lib_num_to_bytes_le,0xe251c361,"void bit_lib_num_to_bytes_le(uint64_t, uint8_t, uint8_t*)",lib/bit_lib/bit_lib.h,supported
88.3,Function,+,bit_lib_print_bits,0x59ce7c17,"void bit_lib_print_bits(const uint8_t*, size_t)",lib/bit_lib/bit_lib.h,supported
88.3,Function,+,bit_lib_print_regions,0xb879eebc,"void bit_lib_print_regions(const BitLibRegion*, size_t, const uint8_t*, size_t)",lib/bit_lib/bit_lib.h,supported
88.3,Function,+,bit_lib_push_bit,0x6eb5c3f7,"void bit_lib_push_bit(uint8_t*, size_t, _Bool)",lib/bit_lib/bit_lib.h,supported
88.3,Function,+,bit_lib_remove_bit_every_nth,0x85422c38,"size_t bit_lib_remove_bit_every_nth(uint8_t*, size_t, uint8_t, uint8_t)",lib/bit_lib/bit_lib.h,supported
88.3,Function,+,bit_lib_reverse_16_fast,0x6f98cfc8,uint16_t bit_lib_reverse_16_fast(uint16_t),lib/bit_lib/bit_lib.h,supported
88.3,Function,+,bit_lib_reverse_8_fast,0xd8900199,uint8_t bit_lib_reverse_8_fast(uint8_t),lib/bit_lib/bit_lib.h,supported
88.3,Function,+,bit_lib_reverse_bits,0xf1026a26,"void bit_lib_reverse_bits(uint8_t*, size_t, uint8_t)",lib/bit_lib/bit_lib.h,supported
88.3,Function,+,bit_lib_set_bit,0x41234223,"void bit_lib_set_bit(uint8_t*, size_t, _Bool)",lib/bit_lib/bit_lib.h,supported
88.3,Function,+,bit_lib_set_bits,0x658b86f6,"void bit_lib_set_bits(uint8_t*, size_t, uint8_t, uint8_t)",lib/bit_lib/bit_lib.h,supported
88.3,Function,+,bit_lib_test_parity,0x62023c31,"_Bool bit_lib_test_parity(const uint8_t*, size_t, uint8_t, BitLibParity, uint8_t)",lib/bit_lib/bit_lib.h,supported
88.3,Function,+,bit_lib_test_parity_32,0x5bc53575,"_Bool bit_lib_test_parity_32(uint32_t, BitLibParity)",lib/bit_lib/bit_lib.h,supported
88.3,Function,-,ble_app_deinit,0x613e41b4,void ble_app_deinit(),@sdk/toolchain-or-transitive-runtime,disabled
88.3,Function,-,ble_app_get_key_storage_buff,0x23d0dd15,"void ble_app_get_key_storage_buff(uint8_t**, uint16_t*)",@sdk/toolchain-or-transitive-runtime,disabled
88.3,Function,-,ble_app_init,0x69e2be2b,_Bool ble_app_init(),@sdk/toolchain-or-transitive-runtime,disabled
88.3,Function,-,ble_event_app_notification,0xf23abfbf,BleEventFlowStatus ble_event_app_notification(void*),targets/f7/ble_glue/furi_ble/event_dispatcher.h,disabled
88.3,Function,-,ble_event_dispatcher_init,0xb05d02d2,void ble_event_dispatcher_init(),targets/f7/ble_glue/furi_ble/event_dispatcher.h,disabled
88.3,Function,-,ble_event_dispatcher_process_event,0x29be543e,BleEventFlowStatus ble_event_dispatcher_process_event(void*),targets/f7/ble_glue/furi_ble/event_dispatcher.h,disabled
88.3,Function,+,ble_event_dispatcher_register_svc_handler,0xc83b220b,"GapSvcEventHandler* ble_event_dispatcher_register_svc_handler(BleSvcEventHandlerCb, void*)",targets/f7/ble_glue/furi_ble/event_dispatcher.h,supported
88.3,Function,-,ble_event_dispatcher_reset,0xbc9b7341,void ble_event_dispatcher_reset(),targets/f7/ble_glue/furi_ble/event_dispatcher.h,disabled
88.3,Function,+,ble_event_dispatcher_unregister_svc_handler,0xddb3a08e,void ble_event_dispatcher_unregister_svc_handler(GapSvcEventHandler*),targets/f7/ble_glue/furi_ble/event_dispatcher.h,supported
88.3,Function,+,ble_gatt_characteristic_delete,0x14fd9121,"void ble_gatt_characteristic_delete(uint16_t, BleGattCharacteristicInstance*)",targets/f7/ble_glue/furi_ble/gatt.h,supported
88.3,Function,+,ble_gatt_characteristic_init,0xe2a553a2,"void ble_gatt_characteristic_init(uint16_t, const BleGattCharacteristicParams*, BleGattCharacteristicInstance*)",targets/f7/ble_glue/furi_ble/gatt.h,supported
88.3,Function,+,ble_gatt_characteristic_update,0x3d67dd51,"_Bool ble_gatt_characteristic_update(uint16_t, BleGattCharacteristicInstance*, const void*)",targets/f7/ble_glue/furi_ble/gatt.h,supported
88.3,Function,+,ble_gatt_service_add,0x5ff1c81f,"_Bool ble_gatt_service_add(uint8_t, const Service_UUID_t*, uint8_t, uint8_t, uint16_t*)",targets/f7/ble_glue/furi_ble/gatt.h,supported
88.3,Function,+,ble_gatt_service_delete,0x9b257a29,_Bool ble_gatt_service_delete(uint16_t),targets/f7/ble_glue/furi_ble/gatt.h,supported
88.3,Function,+,ble_glue_force_c2_mode,0xfcc7636a,BleGlueCommandResult ble_glue_force_c2_mode(BleGlueC2Mode),@sdk/toolchain-or-transitive-runtime,supported
88.3,Function,-,ble_glue_fus_get_status,0xb7e89c93,BleGlueCommandResult ble_glue_fus_get_status(),@sdk/toolchain-or-transitive-runtime,disabled
88.3,Function,-,ble_glue_fus_stack_delete,0x48d75718,BleGlueCommandResult ble_glue_fus_stack_delete(),@sdk/toolchain-or-transitive-runtime,disabled
88.3,Function,-,ble_glue_fus_stack_install,0xfa2a6d3c,"BleGlueCommandResult ble_glue_fus_stack_install(uint32_t, uint32_t)",@sdk/toolchain-or-transitive-runtime,disabled
88.3,Function,-,ble_glue_fus_wait_operation,0x7fd491f5,BleGlueCommandResult ble_glue_fus_wait_operation(),@sdk/toolchain-or-transitive-runtime,disabled
88.3,Function,+,ble_glue_get_c2_info,0x26d75a42,const BleGlueC2Info* ble_glue_get_c2_info(),@sdk/toolchain-or-transitive-runtime,supported
88.3,Function,-,ble_glue_get_c2_status,0x51d482fa,BleGlueStatus ble_glue_get_c2_status(),@sdk/toolchain-or-transitive-runtime,disabled
88.3,Function,-,ble_glue_get_hardfault_info,0xb09e1588,const BleGlueHardfaultInfo* ble_glue_get_hardfault_info(),@sdk/toolchain-or-transitive-runtime,disabled
88.3,Function,+,ble_glue_init,0x3e485af7,void ble_glue_init(),@sdk/toolchain-or-transitive-runtime,supported
88.3,Function,+,ble_glue_is_alive,0xf8cfcd8f,_Bool ble_glue_is_alive(),@sdk/toolchain-or-transitive-runtime,supported
88.3,Function,+,ble_glue_is_radio_stack_ready,0xb413b336,_Bool ble_glue_is_radio_stack_ready(),@sdk/toolchain-or-transitive-runtime,supported
88.3,Function,+,ble_glue_reinit_c2,0x5f78a0a2,_Bool ble_glue_reinit_c2(),@sdk/toolchain-or-transitive-runtime,supported
88.3,Function,+,ble_glue_set_key_storage_changed_callback,0xc80e7740,"void ble_glue_set_key_storage_changed_callback(BleGlueKeyStorageChangedCallback, void*)",@sdk/toolchain-or-transitive-runtime,supported
88.3,Function,-,ble_glue_start,0x080bd751,_Bool ble_glue_start(),@sdk/toolchain-or-transitive-runtime,disabled
88.3,Function,-,ble_glue_stop,0x3e4df109,void ble_glue_stop(),@sdk/toolchain-or-transitive-runtime,disabled
88.3,Function,+,ble_glue_wait_for_c2_start,0x775c14df,_Bool ble_glue_wait_for_c2_start(int32_t),@sdk/toolchain-or-transitive-runtime,supported
88.3,Function,-,ble_profile_hid_consumer_key_press,0x3a93e77b,"_Bool ble_profile_hid_consumer_key_press(FuriHalBleProfileBase*, uint16_t)",lib/ble_profile/extra_profiles/hid_profile.h,disabled
88.3,Function,-,ble_profile_hid_consumer_key_release,0xab43dc6f,"_Bool ble_profile_hid_consumer_key_release(FuriHalBleProfileBase*, uint16_t)",lib/ble_profile/extra_profiles/hid_profile.h,disabled
88.3,Function,-,ble_profile_hid_consumer_key_release_all,0x29e03ee7,_Bool ble_profile_hid_consumer_key_release_all(FuriHalBleProfileBase*),lib/ble_profile/extra_profiles/hid_profile.h,disabled
88.3,Function,-,ble_profile_hid_kb_press,0x63b18cb4,"_Bool ble_profile_hid_kb_press(FuriHalBleProfileBase*, uint16_t)",lib/ble_profile/extra_profiles/hid_profile.h,disabled
88.3,Function,-,ble_profile_hid_kb_release,0x925fb3e8,"_Bool ble_profile_hid_kb_release(FuriHalBleProfileBase*, uint16_t)",lib/ble_profile/extra_profiles/hid_profile.h,disabled
88.3,Function,-,ble_profile_hid_kb_release_all,0x619d2ae0,_Bool ble_profile_hid_kb_release_all(FuriHalBleProfileBase*),lib/ble_profile/extra_profiles/hid_profile.h,disabled
88.3,Function,-,ble_profile_hid_mouse_move,0x1e827bba,"_Bool ble_profile_hid_mouse_move(FuriHalBleProfileBase*, int8_t, int8_t)",lib/ble_profile/extra_profiles/hid_profile.h,disabled
88.3,Function,-,ble_profile_hid_mouse_press,0xef099b90,"_Bool ble_profile_hid_mouse_press(FuriHalBleProfileBase*, uint8_t)",lib/ble_profile/extra_profiles/hid_profile.h,disabled
88.3,Function,-,ble_profile_hid_mouse_release,0x53f6e9c4,"_Bool ble_profile_hid_mouse_release(FuriHalBleProfileBase*, uint8_t)",lib/ble_profile/extra_profiles/hid_profile.h,disabled
88.3,Function,-,ble_profile_hid_mouse_release_all,0xe553eebc,_Bool ble_profile_hid_mouse_release_all(FuriHalBleProfileBase*),lib/ble_profile/extra_profiles/hid_profile.h,disabled
88.3,Function,-,ble_profile_hid_mouse_scroll,0xd6342752,"_Bool ble_profile_hid_mouse_scroll(FuriHalBleProfileBase*, int8_t)",lib/ble_profile/extra_profiles/hid_profile.h,disabled
88.3,Function,+,ble_profile_serial_notify_buffer_is_empty,0x152fa781,void ble_profile_serial_notify_buffer_is_empty(FuriHalBleProfileBase*),targets/f7/ble_glue/profiles/serial_profile.h,supported
88.3,Function,+,ble_profile_serial_set_event_callback,0x25f7575f,"void ble_profile_serial_set_event_callback(FuriHalBleProfileBase*, uint16_t, FuriHalBtSerialCallback, void*)",targets/f7/ble_glue/profiles/serial_profile.h,supported
88.3,Function,+,ble_profile_serial_set_rpc_active,0xa21e3cd1,"void ble_profile_serial_set_rpc_active(FuriHalBleProfileBase*, _Bool)",targets/f7/ble_glue/profiles/serial_profile.h,supported
88.3,Function,+,ble_profile_serial_tx,0xdd64b412,"_Bool ble_profile_serial_tx(FuriHalBleProfileBase*, uint8_t*, uint16_t)",targets/f7/ble_glue/profiles/serial_profile.h,supported
88.3,Function,+,ble_svc_battery_start,0x054252aa,BleServiceBattery* ble_svc_battery_start(_Bool),targets/f7/ble_glue/services/battery_service.h,supported
88.3,Function,+,ble_svc_battery_state_update,0xfbf22fbf,"void ble_svc_battery_state_update(uint8_t*, _Bool*)",targets/f7/ble_glue/services/battery_service.h,supported
88.3,Function,+,ble_svc_battery_stop,0x7485e542,void ble_svc_battery_stop(BleServiceBattery*),targets/f7/ble_glue/services/battery_service.h,supported
88.3,Function,+,ble_svc_battery_update_level,0x21694f76,"_Bool ble_svc_battery_update_level(BleServiceBattery*, uint8_t)",targets/f7/ble_glue/services/battery_service.h,supported
88.3,Function,+,ble_svc_battery_update_power_state,0xe6734b6b,"_Bool ble_svc_battery_update_power_state(BleServiceBattery*, _Bool)",targets/f7/ble_glue/services/battery_service.h,supported
88.3,Function,+,ble_svc_dev_info_start,0x291f7b79,BleServiceDevInfo* ble_svc_dev_info_start(),targets/f7/ble_glue/services/dev_info_service.h,supported
88.3,Function,+,ble_svc_dev_info_stop,0xabe9b031,void ble_svc_dev_info_stop(BleServiceDevInfo*),targets/f7/ble_glue/services/dev_info_service.h,supported
88.3,Function,-,ble_svc_hid_start,0xb9022364,BleServiceHid* ble_svc_hid_start(),lib/ble_profile/extra_services/hid_service.h,disabled
88.3,Function,-,ble_svc_hid_stop,0xded186bc,void ble_svc_hid_stop(BleServiceHid*),lib/ble_profile/extra_services/hid_service.h,disabled
88.3,Function,-,ble_svc_hid_update_info,0xd4c10924,"_Bool ble_svc_hid_update_info(BleServiceHid*, uint8_t*)",lib/ble_profile/extra_services/hid_service.h,disabled
88.3,Function,-,ble_svc_hid_update_input_report,0x5a8e5463,"_Bool ble_svc_hid_update_input_report(BleServiceHid*, uint8_t, uint8_t*, uint16_t)",lib/ble_profile/extra_services/hid_service.h,disabled
88.3,Function,-,ble_svc_hid_update_report_map,0x99baecd1,"_Bool ble_svc_hid_update_report_map(BleServiceHid*, const uint8_t*, uint16_t)",lib/ble_profile/extra_services/hid_service.h,disabled
88.3,Function,+,ble_svc_serial_notify_buffer_is_empty,0xc0efee5c,void ble_svc_serial_notify_buffer_is_empty(BleServiceSerial*),targets/f7/ble_glue/services/serial_service.h,supported
88.3,Function,+,ble_svc_serial_set_callbacks,0xfcdb3dcc,"void ble_svc_serial_set_callbacks(BleServiceSerial*, uint16_t, SerialServiceEventCallback, void*)",targets/f7/ble_glue/services/serial_service.h,supported
88.3,Function,+,ble_svc_serial_set_rpc_active,0x6efed8ac,"void ble_svc_serial_set_rpc_active(BleServiceSerial*, _Bool)",targets/f7/ble_glue/services/serial_service.h,supported
88.3,Function,+,ble_svc_serial_start,0x0693360f,BleServiceSerial* ble_svc_serial_start(),targets/f7/ble_glue/services/serial_service.h,supported
88.3,Function,+,ble_svc_serial_stop,0xc9e57007,void ble_svc_serial_stop(BleServiceSerial*),targets/f7/ble_glue/services/serial_service.h,supported
88.3,Function,+,ble_svc_serial_update_tx,0xe1bf3d6f,"_Bool ble_svc_serial_update_tx(BleServiceSerial*, uint8_t*, uint16_t)",targets/f7/ble_glue/services/serial_service.h,supported
88.3,Function,-,bsearch,0x8f26ed5d,"void* bsearch(const void*, const void*, size_t, size_t, __compar_fn_t)",@sdk/toolchain-or-transitive-runtime,disabled
88.3,Function,+,bt_disconnect,0xc77ee764,void bt_disconnect(Bt*),applications/services/bt/bt_service/bt.h,supported
88.3,Function,+,bt_forget_bonded_devices,0x4777ec4e,void bt_forget_bonded_devices(Bt*),applications/services/bt/bt_service/bt.h,supported
88.3,Function,+,bt_keys_storage_alloc,0x02713814,BtKeysStorage* bt_keys_storage_alloc(const char*),applications/services/bt/bt_service/bt_keys_storage.h,supported
88.3,Function,+,bt_keys_storage_delete,0x5718e0fc,_Bool bt_keys_storage_delete(BtKeysStorage*),applications/services/bt/bt_service/bt_keys_storage.h,supported
88.3,Function,+,bt_keys_storage_free,0x36635c0b,void bt_keys_storage_free(BtKeysStorage*),applications/services/bt/bt_service/bt_keys_storage.h,supported
88.3,Function,+,bt_keys_storage_get_root_keys,0x5f917ec7,const GapRootSecurityKeys* bt_keys_storage_get_root_keys(BtKeysStorage*),applications/services/bt/bt_service/bt_keys_storage.h,supported
88.3,Function,+,bt_keys_storage_is_changed,0xc807856e,_Bool bt_keys_storage_is_changed(BtKeysStorage*),applications/services/bt/bt_service/bt_keys_storage.h,supported
88.3,Function,+,bt_keys_storage_load,0x36669909,_Bool bt_keys_storage_load(BtKeysStorage*),applications/services/bt/bt_service/bt_keys_storage.h,supported
88.3,Function,+,bt_keys_storage_set_default_path,0x69336a25,void bt_keys_storage_set_default_path(Bt*),applications/services/bt/bt_service/bt.h,supported
88.3,Function,+,bt_keys_storage_set_file_path,0x0ebc3c00,"void bt_keys_storage_set_file_path(BtKeysStorage*, const char*)",applications/services/bt/bt_service/bt_keys_storage.h,supported
88.3,Function,+,bt_keys_storage_set_ram_params,0xb7e4afb7,"void bt_keys_storage_set_ram_params(BtKeysStorage*, uint8_t*, uint16_t)",applications/services/bt/bt_service/bt_keys_storage.h,supported
88.3,Function,+,bt_keys_storage_set_storage_path,0xdf81ea15,"void bt_keys_storage_set_storage_path(Bt*, const char*)",applications/services/bt/bt_service/bt.h,supported
88.3,Function,+,bt_keys_storage_update,0x7f832d2c,"_Bool bt_keys_storage_update(BtKeysStorage*, uint8_t*, uint32_t)",applications/services/bt/bt_service/bt_keys_storage.h,supported
88.3,Function,+,bt_profile_restore_default,0xe88d2352,_Bool bt_profile_restore_default(Bt*),applications/services/bt/bt_service/bt.h,supported
88.3,Function,+,bt_profile_start,0x1039c338,"FuriHalBleProfileBase* bt_profile_start(Bt*, const FuriHalBleProfileTemplate*, FuriHalBleProfileParams)",applications/services/bt/bt_service/bt.h,supported
88.3,Function,+,bt_set_status_changed_callback,0x33ea609e,"void bt_set_status_changed_callback(Bt*, BtStatusChangedCallback, void*)",applications/services/bt/bt_service/bt.h,supported
88.3,Function,+,buffered_file_stream_alloc,0x2278387c,Stream* buffered_file_stream_alloc(Storage*),lib/toolbox/stream/buffered_file_stream.h,supported
88.3,Function,+,buffered_file_stream_close,0x229c76c7,_Bool buffered_file_stream_close(Stream*),lib/toolbox/stream/buffered_file_stream.h,supported
88.3,Function,+,buffered_file_stream_get_error,0x2499ee3a,FS_Error buffered_file_stream_get_error(Stream*),lib/toolbox/stream/buffered_file_stream.h,supported
88.3,Function,+,buffered_file_stream_open,0x27dcd663,"_Bool buffered_file_stream_open(Stream*, const char*, FS_AccessMode, FS_OpenMode)",lib/toolbox/stream/buffered_file_stream.h,supported
88.3,Function,+,buffered_file_stream_sync,0x27df2f4e,_Bool buffered_file_stream_sync(Stream*),lib/toolbox/stream/buffered_file_stream.h,supported
88.3,Function,+,button_menu_add_item,0x812cc0ab,"ButtonMenuItem* button_menu_add_item(ButtonMenu*, const char*, int32_t, ButtonMenuItemCallback, ButtonMenuItemType, void*)",applications/services/gui/modules/button_menu.h,supported
88.3,Function,+,button_menu_alloc,0x4d869aff,ButtonMenu* button_menu_alloc(),applications/services/gui/modules/button_menu.h,supported
88.3,Function,+,button_menu_free,0xdb928d96,void button_menu_free(ButtonMenu*),applications/services/gui/modules/button_menu.h,supported
88.3,Function,+,button_menu_get_view,0x7d0b76ee,View* button_menu_get_view(ButtonMenu*),applications/services/gui/modules/button_menu.h,supported
88.3,Function,+,button_menu_reset,0x4eb68177,void button_menu_reset(ButtonMenu*),applications/services/gui/modules/button_menu.h,supported
88.3,Function,+,button_menu_set_header,0xfd50a848,"void button_menu_set_header(ButtonMenu*, const char*)",applications/services/gui/modules/button_menu.h,supported
88.3,Function,+,button_menu_set_selected_item,0xf01e9016,"void button_menu_set_selected_item(ButtonMenu*, uint32_t)",applications/services/gui/modules/button_menu.h,supported
88.3,Function,+,button_panel_add_icon,0x56f7cd00,"void button_panel_add_icon(ButtonPanel*, uint16_t, uint16_t, const Icon*)",applications/services/gui/modules/button_panel.h,supported
88.3,Function,+,button_panel_add_item,0x56f81406,"void button_panel_add_item(ButtonPanel*, uint32_t, uint16_t, uint16_t, uint16_t, uint16_t, const Icon*, const Icon*, ButtonItemCallback, void*)",applications/services/gui/modules/button_panel.h,supported
88.3,Function,+,button_panel_add_label,0x362665b7,"void button_panel_add_label(ButtonPanel*, uint16_t, uint16_t, Font, const char*)",applications/services/gui/modules/button_panel.h,supported
88.3,Function,+,button_panel_alloc,0x9d6c343a,ButtonPanel* button_panel_alloc(),applications/services/gui/modules/button_panel.h,supported
88.3,Function,+,button_panel_free,0xd63c6b71,void button_panel_free(ButtonPanel*),applications/services/gui/modules/button_panel.h,supported
88.3,Function,+,button_panel_get_view,0x52d6ca49,View* button_panel_get_view(ButtonPanel*),applications/services/gui/modules/button_panel.h,supported
88.3,Function,+,button_panel_reserve,0xb60d964b,"void button_panel_reserve(ButtonPanel*, size_t, size_t)",applications/services/gui/modules/button_panel.h,supported
88.3,Function,+,button_panel_reset,0x9e9c1ab2,void button_panel_reset(ButtonPanel*),applications/services/gui/modules/button_panel.h,supported
88.3,Function,+,byte_input_alloc,0x10fdc972,ByteInput* byte_input_alloc(),applications/services/gui/modules/byte_input.h,supported
88.3,Function,+,byte_input_free,0x36d439a9,void byte_input_free(ByteInput*),applications/services/gui/modules/byte_input.h,supported
88.3,Function,+,byte_input_get_view,0xba9af481,View* byte_input_get_view(ByteInput*),applications/services/gui/modules/byte_input.h,supported
88.3,Function,+,byte_input_set_header_text,0xb653a0df,"void byte_input_set_header_text(ByteInput*, const char*)",applications/services/gui/modules/byte_input.h,supported
88.3,Function,+,byte_input_set_result_callback,0xe987dcdd,"void byte_input_set_result_callback(ByteInput*, ByteInputCallback, ByteChangedCallback, void*, uint8_t*, uint8_t)",applications/services/gui/modules/byte_input.h,supported
88.3,Function,-,bzero,0x0f310487,"void bzero(void*, size_t)",@sdk/toolchain-or-transitive-runtime,disabled
88.3,Function,+,calloc,0xf5e616f3,"void* calloc(size_t, size_t)",@sdk/toolchain-or-transitive-runtime,supported
88.3,Function,+,canvas_clear,0x3af87667,void canvas_clear(Canvas*),@sdk/toolchain-or-transitive-runtime,supported
88.3,Function,+,canvas_commit,0x9a422229,void canvas_commit(Canvas*),@sdk/toolchain-or-transitive-runtime,supported
88.3,Function,+,canvas_current_font_height,0x24a9aef1,size_t canvas_current_font_height(const Canvas*),@sdk/toolchain-or-transitive-runtime,supported
88.3,Function,+,canvas_draw_bitmap,0x34ae9bca,"void canvas_draw_bitmap(Canvas*, int32_t, int32_t, size_t, size_t, const uint8_t*)",@sdk/toolchain-or-transitive-runtime,supported
88.3,Function,+,canvas_draw_box,0xeb352f76,"void canvas_draw_box(Canvas*, int32_t, int32_t, size_t, size_t)",@sdk/toolchain-or-transitive-runtime,supported
88.3,Function,+,canvas_draw_circle,0x3702827f,"void canvas_draw_circle(Canvas*, int32_t, int32_t, size_t)",@sdk/toolchain-or-transitive-runtime,supported
88.3,Function,+,canvas_draw_disc,0x51dc1d30,"void canvas_draw_disc(Canvas*, int32_t, int32_t, size_t)",@sdk/toolchain-or-transitive-runtime,supported
88.3,Function,+,canvas_draw_dot,0xeb3537f4,"void canvas_draw_dot(Canvas*, int32_t, int32_t)",@sdk/toolchain-or-transitive-runtime,supported
88.3,Function,+,canvas_draw_frame,0x8d8898b8,"void canvas_draw_frame(Canvas*, int32_t, int32_t, size_t, size_t)",@sdk/toolchain-or-transitive-runtime,supported
88.3,Function,+,canvas_draw_glyph,0x8d97cd71,"void canvas_draw_glyph(Canvas*, int32_t, int32_t, uint16_t)",@sdk/toolchain-or-transitive-runtime,supported
88.3,Function,+,canvas_draw_icon,0x51dec116,"void canvas_draw_icon(Canvas*, int32_t, int32_t, const Icon*)",@sdk/toolchain-or-transitive-runtime,supported
88.3,Function,+,canvas_draw_icon_animation,0xd959a3d5,"void canvas_draw_icon_animation(Canvas*, int32_t, int32_t, IconAnimation*)",@sdk/toolchain-or-transitive-runtime,supported
88.3,Function,+,canvas_draw_icon_ex,0xd700d2f2,"void canvas_draw_icon_ex(Canvas*, int32_t, int32_t, const Icon*, IconRotation)",@sdk/toolchain-or-transitive-runtime,supported
88.3,Function,+,canvas_draw_line,0x51e07f95,"void canvas_draw_line(Canvas*, int32_t, int32_t, int32_t, int32_t)",@sdk/toolchain-or-transitive-runtime,supported
88.3,Function,+,canvas_draw_rbox,0x51e3ac48,"void canvas_draw_rbox(Canvas*, int32_t, int32_t, size_t, size_t, size_t)",@sdk/toolchain-or-transitive-runtime,supported
88.3,Function,+,canvas_draw_rframe,0x59c9920a,"void canvas_draw_rframe(Canvas*, int32_t, int32_t, size_t, size_t, size_t)",@sdk/toolchain-or-transitive-runtime,supported
88.3,Function,+,canvas_draw_str,0xeb357866,"void canvas_draw_str(Canvas*, int32_t, int32_t, const char*)",@sdk/toolchain-or-transitive-runtime,supported
88.3,Function,+,canvas_draw_str_aligned,0xe9951039,"void canvas_draw_str_aligned(Canvas*, int32_t, int32_t, Align, Align, const char*)",@sdk/toolchain-or-transitive-runtime,supported
88.3,Function,+,canvas_draw_triangle,0x51b6f4e3,"void canvas_draw_triangle(Canvas*, int32_t, int32_t, size_t, size_t, CanvasDirection)",@sdk/toolchain-or-transitive-runtime,supported
88.3,Function,+,canvas_draw_xbm,0xeb358b54,"void canvas_draw_xbm(Canvas*, int32_t, int32_t, size_t, size_t, const uint8_t*)",@sdk/toolchain-or-transitive-runtime,supported
88.3,Function,+,canvas_draw_xbm_ex,0x677d5c70,"void canvas_draw_xbm_ex(Canvas*, int32_t, int32_t, size_t, size_t, IconRotation, const uint8_t*)",@sdk/toolchain-or-transitive-runtime,supported
88.3,Function,+,canvas_get_buffer,0x08cc12d9,uint8_t* canvas_get_buffer(Canvas*),@sdk/toolchain-or-transitive-runtime,supported
88.3,Function,+,canvas_get_buffer_size,0x664eb8b3,size_t canvas_get_buffer_size(const Canvas*),@sdk/toolchain-or-transitive-runtime,supported
88.3,Function,+,canvas_get_font_params,0x209b1679,"const CanvasFontParameters* canvas_get_font_params(const Canvas*, Font)",@sdk/toolchain-or-transitive-runtime,supported
88.3,Function,+,canvas_glyph_width,0xd126eea3,"size_t canvas_glyph_width(Canvas*, uint16_t)",@sdk/toolchain-or-transitive-runtime,supported
88.3,Function,+,canvas_height,0xa534ad19,size_t canvas_height(const Canvas*),@sdk/toolchain-or-transitive-runtime,supported
88.3,Function,+,canvas_invert_color,0xa7e32bd6,void canvas_invert_color(Canvas*),@sdk/toolchain-or-transitive-runtime,supported
88.3,Function,+,canvas_reset,0x3c044b63,void canvas_reset(Canvas*),@sdk/toolchain-or-transitive-runtime,supported
88.3,Function,+,canvas_set_bitmap_mode,0x792d988c,"void canvas_set_bitmap_mode(Canvas*, _Bool)",@sdk/toolchain-or-transitive-runtime,supported
88.3,Function,+,canvas_set_color,0xa4b4168a,"void canvas_set_color(Canvas*, Color)",@sdk/toolchain-or-transitive-runtime,supported
88.3,Function,+,canvas_set_custom_u8g2_font,0x2dc676a1,"void canvas_set_custom_u8g2_font(Canvas*, const uint8_t*)",@sdk/toolchain-or-transitive-runtime,supported
88.3,Function,+,canvas_set_font,0x04ff5882,"void canvas_set_font(Canvas*, Font)",@sdk/toolchain-or-transitive-runtime,supported
88.3,Function,+,canvas_set_font_direction,0x48f2aba2,"void canvas_set_font_direction(Canvas*, CanvasDirection)",@sdk/toolchain-or-transitive-runtime,supported
88.3,Function,+,canvas_string_width,0xdb02a5b6,"uint16_t canvas_string_width(Canvas*, const char*)",@sdk/toolchain-or-transitive-runtime,supported
88.3,Function,+,canvas_width,0x3c60b980,size_t canvas_width(const Canvas*),@sdk/toolchain-or-transitive-runtime,supported
88.3,Function,-,cbrt,0x7c950910,double cbrt(double),@sdk/toolchain-or-transitive-runtime,disabled
88.3,Function,-,cbrtf,0x0f362b76,float cbrtf(float),@sdk/toolchain-or-transitive-runtime,disabled
88.3,Function,-,cbrtl,0x0f362b7c,long double cbrtl(long double),@sdk/toolchain-or-transitive-runtime,disabled
88.3,Function,-,ceil,0x7c9514a2,double ceil(double),@sdk/toolchain-or-transitive-runtime,disabled
88.3,Function,-,ceilf,0x0f37a948,float ceilf(float),@sdk/toolchain-or-transitive-runtime,disabled
88.3,Function,-,ceill,0x0f37a94e,long double ceill(long double),@sdk/toolchain-or-transitive-runtime,disabled
88.3,Function,-,cfree,0x0f385b0a,void cfree(void*),@sdk/toolchain-or-transitive-runtime,disabled
88.3,Function,-,clearerr,0x456eced5,void clearerr(FILE*),@sdk/toolchain-or-transitive-runtime,disabled
88.3,Function,-,clearerr_unlocked,0x6a898589,void clearerr_unlocked(FILE*),@sdk/toolchain-or-transitive-runtime,disabled
88.3,Function,+,cli_ansi_parser_alloc,0x2f3a7d1d,CliAnsiParser* cli_ansi_parser_alloc(),lib/toolbox/cli/cli_ansi.h,supported
88.3,Function,+,cli_ansi_parser_feed,0xcb236ca6,"CliAnsiParserResult cli_ansi_parser_feed(CliAnsiParser*, char)",lib/toolbox/cli/cli_ansi.h,supported
88.3,Function,+,cli_ansi_parser_feed_timeout,0xd12d9c8c,CliAnsiParserResult cli_ansi_parser_feed_timeout(CliAnsiParser*),lib/toolbox/cli/cli_ansi.h,supported
88.3,Function,+,cli_ansi_parser_free,0xcb23a3f4,void cli_ansi_parser_free(CliAnsiParser*),lib/toolbox/cli/cli_ansi.h,supported
88.3,Function,+,cli_is_pipe_broken_or_is_etx_next_char,0x4a758c4b,_Bool cli_is_pipe_broken_or_is_etx_next_char(PipeSide*),lib/toolbox/cli/cli_command.h,supported
88.3,Function,+,cli_print_usage,0xad42c81d,"void cli_print_usage(const char*, const char*, const char*)",lib/toolbox/cli/cli_command.h,supported
88.3,Function,+,cli_registry_add_command,0x4a90b15b,"void cli_registry_add_command(CliRegistry*, const char*, CliCommandFlag, CliCommandExecuteCallback, void*)",applications/services/cli/cli.h;lib/toolbox/cli/cli_registry.h,supported
88.3,Function,+,cli_registry_add_command_ex,0x61d29917,"void cli_registry_add_command_ex(CliRegistry*, const char*, CliCommandFlag, CliCommandExecuteCallback, void*, size_t)",lib/toolbox/cli/cli_registry.h,supported
88.3,Function,+,cli_registry_alloc,0x2be5cfff,CliRegistry* cli_registry_alloc(),lib/toolbox/cli/cli_registry.h,supported
88.3,Function,+,cli_registry_delete_command,0xf5cbc8a5,"void cli_registry_delete_command(CliRegistry*, const char*)",lib/toolbox/cli/cli_registry.h,supported
88.3,Function,+,cli_registry_free,0x205f2296,void cli_registry_free(CliRegistry*),lib/toolbox/cli/cli_registry.h,supported
88.3,Function,+,cli_registry_reload_external_commands,0x8dee7c3e,"void cli_registry_reload_external_commands(CliRegistry*, const CliCommandExternalConfig*)",lib/toolbox/cli/cli_registry.h,supported
88.3,Function,+,cli_registry_remove_external_commands,0x70abfb15,void cli_registry_remove_external_commands(CliRegistry*),lib/toolbox/cli/cli_registry.h,supported
88.3,Function,+,cli_shell_alloc,0x013a57de,"CliShell* cli_shell_alloc(CliShellMotd, void*, PipeSide*, CliRegistry*, const CliCommandExternalConfig*)",lib/toolbox/cli/shell/cli_shell.h,supported
88.3,Function,+,cli_shell_free,0xd942aa95,void cli_shell_free(CliShell*),lib/toolbox/cli/shell/cli_shell.h,supported
88.3,Function,+,cli_shell_join,0xd944cfe3,void cli_shell_join(CliShell*),lib/toolbox/cli/shell/cli_shell.h,supported
88.3,Function,+,cli_shell_set_prompt,0x9e84a120,"void cli_shell_set_prompt(CliShell*, const char*)",lib/toolbox/cli/shell/cli_shell.h,supported
88.3,Function,+,cli_shell_start,0x028445a1,void cli_shell_start(CliShell*),lib/toolbox/cli/shell/cli_shell.h,supported
88.3,Function,+,cli_sleep,0x229d01d5,"_Bool cli_sleep(PipeSide*, uint32_t)",lib/toolbox/cli/cli_command.h,supported
88.3,Function,+,cli_vcp_disable,0x2fdde3d8,void cli_vcp_disable(CliVcp*),applications/services/cli/cli_vcp.h,supported
88.3,Function,+,cli_vcp_enable,0xcdcb8aeb,void cli_vcp_enable(CliVcp*),applications/services/cli/cli_vcp.h,supported
88.3,Function,+,composite_api_resolver_add,0xf0e4078a,"void composite_api_resolver_add(CompositeApiResolver*, const ElfApiInterface*)",lib/flipper_application/plugins/composite_resolver.h,supported
88.3,Function,+,composite_api_resolver_alloc,0xba08a5cc,CompositeApiResolver* composite_api_resolver_alloc(),lib/flipper_application/plugins/composite_resolver.h,supported
88.3,Function,+,composite_api_resolver_free,0x0d67f2c3,void composite_api_resolver_free(CompositeApiResolver*),lib/flipper_application/plugins/composite_resolver.h,supported
88.3,Function,+,composite_api_resolver_get,0xf0e42141,const ElfApiInterface* composite_api_resolver_get(CompositeApiResolver*),lib/flipper_application/plugins/composite_resolver.h,supported
88.3,Function,+,compress_alloc,0xed1b023b,"Compress* compress_alloc(CompressType, const void*)",lib/toolbox/compress.h,supported
88.3,Function,+,compress_decode,0x96f72914,"_Bool compress_decode(Compress*, uint8_t*, size_t, uint8_t*, size_t, size_t*)",lib/toolbox/compress.h,supported
88.3,Function,+,compress_decode_streamed,0xad5387e8,"_Bool compress_decode_streamed(Compress*, CompressIoCallback, void*, CompressIoCallback, void*)",lib/toolbox/compress.h,supported
88.3,Function,+,compress_encode,0x99ef2e3e,"_Bool compress_encode(Compress*, uint8_t*, size_t, uint8_t*, size_t, size_t*)",lib/toolbox/compress.h,supported
88.3,Function,+,compress_free,0xa258fd52,void compress_free(Compress*),lib/toolbox/compress.h,supported
88.3,Function,+,compress_icon_alloc,0x07702a63,CompressIcon* compress_icon_alloc(size_t),lib/toolbox/compress.h,supported
88.3,Function,+,compress_icon_decode,0xfbf1563c,"void compress_icon_decode(CompressIcon*, const uint8_t*, uint8_t**)",lib/toolbox/compress.h,supported
88.3,Function,+,compress_icon_free,0x6515c07a,void compress_icon_free(CompressIcon*),lib/toolbox/compress.h,supported
88.3,Function,+,compress_stream_decoder_alloc,0x30faee7b,"CompressStreamDecoder* compress_stream_decoder_alloc(CompressType, const void*, CompressIoCallback, void*)",lib/toolbox/compress.h,supported
88.3,Function,+,compress_stream_decoder_free,0x37cc6192,void compress_stream_decoder_free(CompressStreamDecoder*),lib/toolbox/compress.h,supported
88.3,Function,+,compress_stream_decoder_read,0x37d2be4c,"_Bool compress_stream_decoder_read(CompressStreamDecoder*, uint8_t*, size_t)",lib/toolbox/compress.h,supported
88.3,Function,+,compress_stream_decoder_rewind,0x7787b579,_Bool compress_stream_decoder_rewind(CompressStreamDecoder*),lib/toolbox/compress.h,supported
88.3,Function,+,compress_stream_decoder_seek,0x37d34b38,"_Bool compress_stream_decoder_seek(CompressStreamDecoder*, size_t)",lib/toolbox/compress.h,supported
88.3,Function,+,compress_stream_decoder_tell,0x37d3d881,size_t compress_stream_decoder_tell(CompressStreamDecoder*),lib/toolbox/compress.h,supported
88.3,Function,-,copysign,0x47b92c11,"double copysign(double, double)",@sdk/toolchain-or-transitive-runtime,disabled
88.3,Function,-,copysignf,0x3edeae97,"float copysignf(float, float)",@sdk/toolchain-or-transitive-runtime,disabled
88.3,Function,-,copysignl,0x3edeae9d,"long double copysignl(long double, long double)",@sdk/toolchain-or-transitive-runtime,disabled
88.3,Function,-,cos,0x0b8866ca,double cos(double),@sdk/toolchain-or-transitive-runtime,disabled
88.3,Function,-,cosf,0x7c954070,float cosf(float),@sdk/toolchain-or-transitive-runtime,disabled
88.3,Function,-,cosh,0x7c954072,double cosh(double),@sdk/toolchain-or-transitive-runtime,disabled
88.3,Function,-,coshf,0x0f3d4f18,float coshf(float),@sdk/toolchain-or-transitive-runtime,disabled
88.3,Function,-,coshl,0x0f3d4f1e,long double coshl(long double),@sdk/toolchain-or-transitive-runtime,disabled
88.3,Function,-,cosl,0x7c954076,long double cosl(long double),@sdk/toolchain-or-transitive-runtime,disabled
88.3,Function,+,crc32_calc_buffer,0x6938226d,"uint32_t crc32_calc_buffer(uint32_t, const void*, size_t)",lib/toolbox/crc32_calc.h,supported
88.3,Function,+,crc32_calc_file,0x17245eb3,"uint32_t crc32_calc_file(File*, const FileCrcProgressCb, void*)",lib/toolbox/crc32_calc.h,supported
88.3,Function,+,crypto1_alloc,0x92135401,Crypto1* crypto1_alloc(),lib/nfc/helpers/crypto1.h,supported
88.3,Function,+,crypto1_bit,0x9e93a975,"uint8_t crypto1_bit(Crypto1*, uint8_t, int)",lib/nfc/helpers/crypto1.h,supported
88.3,Function,+,crypto1_byte,0x71091c8a,"uint8_t crypto1_byte(Crypto1*, uint8_t, int)",lib/nfc/helpers/crypto1.h,supported
88.3,Function,+,crypto1_decrypt,0x3a322731,"void crypto1_decrypt(Crypto1*, const BitBuffer*, BitBuffer*)",lib/nfc/helpers/crypto1.h,supported
88.3,Function,+,crypto1_decrypt_nt_enc,0x67d6f587,"uint32_t crypto1_decrypt_nt_enc(uint32_t, uint32_t, MfClassicKey)",lib/nfc/helpers/crypto1.h,supported
88.3,Function,+,crypto1_encrypt,0x9c2ad19b,"void crypto1_encrypt(Crypto1*, uint8_t*, const BitBuffer*, BitBuffer*)",lib/nfc/helpers/crypto1.h,supported
88.3,Function,+,crypto1_encrypt_reader_nonce,0x29357b1f,"void crypto1_encrypt_reader_nonce(Crypto1*, uint64_t, uint32_t, uint8_t*, uint8_t*, BitBuffer*, _Bool)",lib/nfc/helpers/crypto1.h,supported
88.3,Function,+,crypto1_free,0x710b2e58,void crypto1_free(Crypto1*),lib/nfc/helpers/crypto1.h,supported
88.3,Function,+,crypto1_init,0x710cc30a,"void crypto1_init(Crypto1*, uint64_t)",lib/nfc/helpers/crypto1.h,supported
88.3,Function,+,crypto1_is_weak_prng_nonce,0xda8e3ba1,_Bool crypto1_is_weak_prng_nonce(uint32_t),lib/nfc/helpers/crypto1.h,supported
88.3,Function,+,crypto1_lfsr_rollback_word,0xee93b491,"uint32_t crypto1_lfsr_rollback_word(Crypto1*, uint32_t, int)",lib/nfc/helpers/crypto1.h,supported
88.3,Function,+,crypto1_nonce_matches_encrypted_parity_bits,0x78a665a3,"_Bool crypto1_nonce_matches_encrypted_parity_bits(uint32_t, uint32_t, uint8_t)",lib/nfc/helpers/crypto1.h,supported
88.3,Function,+,crypto1_prng_successor,0x9006c066,"uint32_t crypto1_prng_successor(uint32_t, uint32_t)",lib/nfc/helpers/crypto1.h,supported
88.3,Function,+,crypto1_reset,0x93433a79,void crypto1_reset(Crypto1*),lib/nfc/helpers/crypto1.h,supported
88.3,Function,+,crypto1_word,0x711475b2,"uint32_t crypto1_word(Crypto1*, uint32_t, int)",lib/nfc/helpers/crypto1.h,supported
88.3,Function,-,ctermid,0xde7f90ad,char* ctermid(char*),@sdk/toolchain-or-transitive-runtime,disabled
88.3,Function,-,cuserid,0xe1cb04b4,char* cuserid(char*),@sdk/toolchain-or-transitive-runtime,disabled
88.3,Function,+,date_time_input_alloc,0x4faa46ea,DateTimeInput* date_time_input_alloc(),applications/services/gui/modules/date_time_input.h,supported
88.3,Function,+,date_time_input_free,0xfaaae821,void date_time_input_free(DateTimeInput*),applications/services/gui/modules/date_time_input.h,supported
88.3,Function,+,date_time_input_get_view,0xce941ef9,View* date_time_input_get_view(DateTimeInput*),applications/services/gui/modules/date_time_input.h,supported
88.3,Function,+,date_time_input_set_editable_fields,0x15af897a,"void date_time_input_set_editable_fields(DateTimeInput*, _Bool, _Bool, _Bool, _Bool, _Bool, _Bool)",applications/services/gui/modules/date_time_input.h,supported
88.3,Function,+,date_time_input_set_result_callback,0xcf468c55,"void date_time_input_set_result_callback(DateTimeInput*, DateTimeChangedCallback, DateTimeDoneCallback, void*, DateTime*)",applications/services/gui/modules/date_time_input.h,supported
88.3,Function,+,datetime_datetime_to_timestamp,0xa07e96f3,uint32_t datetime_datetime_to_timestamp(DateTime*),lib/datetime/datetime.h,supported
88.3,Function,+,datetime_get_days_per_month,0xd51eed4c,"uint8_t datetime_get_days_per_month(_Bool, uint8_t)",lib/datetime/datetime.h,supported
88.3,Function,+,datetime_get_days_per_year,0x3cc948b7,uint16_t datetime_get_days_per_year(uint16_t),lib/datetime/datetime.h,supported
88.3,Function,+,datetime_is_leap_year,0x698e095e,_Bool datetime_is_leap_year(uint16_t),lib/datetime/datetime.h,supported
88.3,Function,+,datetime_timestamp_to_datetime,0xda3ec7b3,"void datetime_timestamp_to_datetime(uint32_t, DateTime*)",lib/datetime/datetime.h,supported
88.3,Function,+,datetime_validate_datetime,0xc7b192c7,_Bool datetime_validate_datetime(DateTime*),lib/datetime/datetime.h,supported
88.3,Function,+,dialog_ex_alloc,0x45aa855b,DialogEx* dialog_ex_alloc(),applications/services/gui/modules/dialog_ex.h,supported
88.3,Function,+,dialog_ex_disable_extended_events,0x25138de8,void dialog_ex_disable_extended_events(DialogEx*),applications/services/gui/modules/dialog_ex.h,supported
88.3,Function,+,dialog_ex_enable_extended_events,0x51288d7b,void dialog_ex_enable_extended_events(DialogEx*),applications/services/gui/modules/dialog_ex.h,supported
88.3,Function,+,dialog_ex_free,0x57749c72,void dialog_ex_free(DialogEx*),applications/services/gui/modules/dialog_ex.h,supported
88.3,Function,+,dialog_ex_get_view,0x26d193ca,View* dialog_ex_get_view(DialogEx*),applications/services/gui/modules/dialog_ex.h,supported
88.3,Function,+,dialog_ex_reset,0x46da6bd3,void dialog_ex_reset(DialogEx*),applications/services/gui/modules/dialog_ex.h,supported
88.3,Function,+,dialog_ex_set_center_button_text,0x0f95269b,"void dialog_ex_set_center_button_text(DialogEx*, const char*)",applications/services/gui/modules/dialog_ex.h,supported
88.3,Function,+,dialog_ex_set_context,0xeaa35d00,"void dialog_ex_set_context(DialogEx*, void*)",applications/services/gui/modules/dialog_ex.h,supported
88.3,Function,+,dialog_ex_set_header,0x31116c24,"void dialog_ex_set_header(DialogEx*, const char*, uint8_t, uint8_t, Align, Align)",applications/services/gui/modules/dialog_ex.h,supported
88.3,Function,+,dialog_ex_set_icon,0x39e05524,"void dialog_ex_set_icon(DialogEx*, uint8_t, uint8_t, const Icon*)",applications/services/gui/modules/dialog_ex.h,supported
88.3,Function,+,dialog_ex_set_left_button_text,0x4274f145,"void dialog_ex_set_left_button_text(DialogEx*, const char*)",applications/services/gui/modules/dialog_ex.h,supported
88.3,Function,+,dialog_ex_set_result_callback,0xa462bc86,"void dialog_ex_set_result_callback(DialogEx*, DialogExResultCallback)",applications/services/gui/modules/dialog_ex.h,supported
88.3,Function,+,dialog_ex_set_right_button_text,0x292f3238,"void dialog_ex_set_right_button_text(DialogEx*, const char*)",applications/services/gui/modules/dialog_ex.h,supported
88.3,Function,+,dialog_ex_set_text,0x39e66700,"void dialog_ex_set_text(DialogEx*, const char*, uint8_t, uint8_t, Align, Align)",applications/services/gui/modules/dialog_ex.h,supported
88.3,Function,+,dialog_file_browser_set_basic_options,0xed39c32e,"void dialog_file_browser_set_basic_options(DialogsFileBrowserOptions*, const char*, const Icon*)",applications/services/dialogs/dialogs.h,supported
88.3,Function,+,dialog_file_browser_show,0xcbb8d3d7,"_Bool dialog_file_browser_show(DialogsApp*, FuriString*, FuriString*, const DialogsFileBrowserOptions*)",applications/services/dialogs/dialogs.h,supported
88.3,Function,+,dialog_message_alloc,0x5c8b27e3,DialogMessage* dialog_message_alloc(),applications/services/dialogs/dialogs.h,supported
88.3,Function,+,dialog_message_free,0xdc070dfa,void dialog_message_free(DialogMessage*),applications/services/dialogs/dialogs.h,supported
88.3,Function,+,dialog_message_set_buttons,0xaa5738d2,"void dialog_message_set_buttons(DialogMessage*, const char*, const char*, const char*)",applications/services/dialogs/dialogs.h,supported
88.3,Function,+,dialog_message_set_header,0xb4e4e3ac,"void dialog_message_set_header(DialogMessage*, const char*, uint8_t, uint8_t, Align, Align)",applications/services/dialogs/dialogs.h,supported
88.3,Function,+,dialog_message_set_icon,0xbde04aac,"void dialog_message_set_icon(DialogMessage*, const Icon*, uint8_t, uint8_t)",applications/services/dialogs/dialogs.h,supported
88.3,Function,+,dialog_message_set_text,0xbde65c88,"void dialog_message_set_text(DialogMessage*, const char*, uint8_t, uint8_t, Align, Align)",applications/services/dialogs/dialogs.h,supported
88.3,Function,+,dialog_message_show,0xdc0e05b9,"DialogMessageButton dialog_message_show(DialogsApp*, const DialogMessage*)",applications/services/dialogs/dialogs.h,supported
88.3,Function,+,dialog_message_show_storage_error,0x2860ea96,"void dialog_message_show_storage_error(DialogsApp*, const char*)",applications/services/dialogs/dialogs.h,supported
88.3,Function,+,digital_sequence_add_signal,0xa3049100,"void digital_sequence_add_signal(DigitalSequence*, uint8_t)",lib/digital_signal/digital_sequence.h,supported
88.3,Function,-,digital_sequence_alloc,0x0e367a25,"DigitalSequence* digital_sequence_alloc(uint32_t, const GpioPin*)",lib/digital_signal/digital_sequence.h,disabled
88.3,Function,-,digital_sequence_clear,0x0e5a8ba1,void digital_sequence_clear(DigitalSequence*),lib/digital_signal/digital_sequence.h,disabled
88.3,Function,-,digital_sequence_free,0x7c901ffc,void digital_sequence_free(DigitalSequence*),lib/digital_signal/digital_sequence.h,disabled
88.3,Function,+,digital_sequence_register_signal,0xbead305c,"void digital_sequence_register_signal(DigitalSequence*, uint8_t, const DigitalSignal*)",lib/digital_signal/digital_sequence.h,supported
88.3,Function,+,digital_sequence_transmit,0x6a80898c,void digital_sequence_transmit(DigitalSequence*),lib/digital_signal/digital_sequence.h,supported
88.3,Function,+,digital_signal_add_period,0xc4e196aa,"void digital_signal_add_period(DigitalSignal*, uint32_t)",lib/digital_signal/digital_signal.h,supported
88.3,Function,+,digital_signal_add_period_with_level,0xcee1df7c,"void digital_signal_add_period_with_level(DigitalSignal*, uint32_t, _Bool)",lib/digital_signal/digital_signal.h,supported
88.3,Function,-,digital_signal_alloc,0x0fbf83ea,DigitalSignal* digital_signal_alloc(uint32_t),lib/digital_signal/digital_signal.h,disabled
88.3,Function,-,digital_signal_free,0x3e8c8521,void digital_signal_free(DigitalSignal*),lib/digital_signal/digital_signal.h,disabled
88.3,Function,+,digital_signal_get_size,0x33fa9979,uint32_t digital_signal_get_size(const DigitalSignal*),lib/digital_signal/digital_signal.h,supported
88.3,Function,+,digital_signal_get_start_level,0x4c907163,_Bool digital_signal_get_start_level(const DigitalSignal*),lib/digital_signal/digital_signal.h,supported
88.3,Function,+,digital_signal_set_start_level,0xf3e9966f,"void digital_signal_set_start_level(DigitalSignal*, _Bool)",lib/digital_signal/digital_signal.h,supported
88.3,Function,-,diprintf,0x65998405,"int diprintf(int, const char*, ...)",@sdk/toolchain-or-transitive-runtime,disabled
88.3,Function,+,dir_walk_alloc,0xca5e25dc,DirWalk* dir_walk_alloc(Storage*),lib/toolbox/dir_walk.h,supported
88.3,Function,+,dir_walk_close,0xca826427,void dir_walk_close(DirWalk*),lib/toolbox/dir_walk.h,supported
88.3,Function,+,dir_walk_free,0x8a05b0d3,void dir_walk_free(DirWalk*),lib/toolbox/dir_walk.h,supported
88.3,Function,+,dir_walk_get_error,0xfe778b9a,FS_Error dir_walk_get_error(DirWalk*),lib/toolbox/dir_walk.h,supported
88.3,Function,+,dir_walk_open,0x8a0a97c3,"_Bool dir_walk_open(DirWalk*, const char*)",lib/toolbox/dir_walk.h,supported
88.3,Function,+,dir_walk_read,0x8a0c0d8d,"DirWalkResult dir_walk_read(DirWalk*, FuriString*, FileInfo*)",lib/toolbox/dir_walk.h,supported
88.3,Function,+,dir_walk_set_filter_cb,0x5be97446,"void dir_walk_set_filter_cb(DirWalk*, DirWalkFilterCb, void*)",lib/toolbox/dir_walk.h,supported
88.3,Function,+,dir_walk_set_recursive,0x6f2c6a94,"void dir_walk_set_recursive(DirWalk*, _Bool)",lib/toolbox/dir_walk.h,supported
88.3,Function,-,div,0x0b886a48,"div_t div(int, int)",targets/f7/furi_hal/furi_hal_clock.h,disabled
88.3,Function,+,dolphin_deed,0x8ab50484,void dolphin_deed(DolphinDeed),applications/services/dolphin/dolphin.h,supported
88.3,Function,+,dolphin_deed_get_app,0x0ac19f23,DolphinApp dolphin_deed_get_app(DolphinDeed),@sdk/toolchain-or-transitive-runtime,supported
88.3,Function,+,dolphin_deed_get_app_limit,0x2eeb0901,uint8_t dolphin_deed_get_app_limit(DolphinApp),@sdk/toolchain-or-transitive-runtime,supported
88.3,Function,+,dolphin_deed_get_weight,0x28eccdea,uint8_t dolphin_deed_get_weight(DolphinDeed),@sdk/toolchain-or-transitive-runtime,supported
88.3,Function,+,dolphin_flush,0xe17de314,void dolphin_flush(Dolphin*),applications/services/dolphin/dolphin.h,supported
88.3,Function,+,dolphin_get_pubsub,0x09460382,FuriPubSub* dolphin_get_pubsub(Dolphin*),applications/services/dolphin/dolphin.h,supported
88.3,Function,+,dolphin_get_settings,0x91ff3ea2,"void dolphin_get_settings(Dolphin*, DolphinSettings*)",applications/services/dolphin/dolphin.h,supported
88.3,Function,+,dolphin_set_settings,0xdd679f2e,"void dolphin_set_settings(Dolphin*, DolphinSettings*)",applications/services/dolphin/dolphin.h,supported
88.3,Function,+,dolphin_stats,0xe26d2fc1,DolphinStats dolphin_stats(Dolphin*),applications/services/dolphin/dolphin.h,supported
88.3,Function,+,dolphin_upgrade_level,0xfa2c1951,void dolphin_upgrade_level(Dolphin*),applications/services/dolphin/dolphin.h,supported
88.3,Function,-,dprintf,0x230b7fbc,"int dprintf(int, const char*, ...)",@sdk/toolchain-or-transitive-runtime,disabled
88.3,Function,-,drand48,0x2684bb5a,double drand48(),@sdk/toolchain-or-transitive-runtime,disabled
88.3,Function,-,drem,0x7c95d7cd,"double drem(double, double)",@sdk/toolchain-or-transitive-runtime,disabled
88.3,Function,-,dremf,0x0f50d1d3,"float dremf(float, float)",@sdk/toolchain-or-transitive-runtime,disabled
88.3,Function,+,elements_bold_rounded_frame,0xe860249c,"void elements_bold_rounded_frame(Canvas*, int32_t, int32_t, size_t, size_t)",applications/services/gui/elements.h,supported
88.3,Function,+,elements_bubble,0xed8fbe8d,"void elements_bubble(Canvas*, int32_t, int32_t, size_t, size_t)",applications/services/gui/elements.h,supported
88.3,Function,+,elements_bubble_str,0x956c4da5,"void elements_bubble_str(Canvas*, int32_t, int32_t, const char*, Align, Align)",applications/services/gui/elements.h,supported
88.3,Function,+,elements_button_center,0x0726391d,"void elements_button_center(Canvas*, const char*)",applications/services/gui/elements.h,supported
88.3,Function,+,elements_button_down,0x0c3bc234,"void elements_button_down(Canvas*, const char*)",applications/services/gui/elements.h,supported
88.3,Function,+,elements_button_left,0x0c3ff887,"void elements_button_left(Canvas*, const char*)",applications/services/gui/elements.h,supported
88.3,Function,+,elements_button_right,0x94add11a,"void elements_button_right(Canvas*, const char*)",applications/services/gui/elements.h,supported
88.3,Function,+,elements_button_up,0x337e4ce1,"void elements_button_up(Canvas*, const char*)",applications/services/gui/elements.h,supported
88.3,Function,+,elements_frame,0x2e43532c,"void elements_frame(Canvas*, int32_t, int32_t, size_t, size_t)",applications/services/gui/elements.h,supported
88.3,Function,+,elements_multiline_text,0x77202198,"void elements_multiline_text(Canvas*, int32_t, int32_t, const char*)",applications/services/gui/elements.h,supported
88.3,Function,+,elements_multiline_text_aligned,0xa666cb6b,"void elements_multiline_text_aligned(Canvas*, int32_t, int32_t, Align, Align, const char*)",applications/services/gui/elements.h,supported
88.3,Function,+,elements_multiline_text_framed,0x7db819a6,"void elements_multiline_text_framed(Canvas*, int32_t, int32_t, const char*)",applications/services/gui/elements.h,supported
88.3,Function,+,elements_progress_bar,0xf20d48ea,"void elements_progress_bar(Canvas*, int32_t, int32_t, size_t, float)",applications/services/gui/elements.h,supported
88.3,Function,+,elements_progress_bar_with_text,0x07be22a9,"void elements_progress_bar_with_text(Canvas*, int32_t, int32_t, size_t, float, const char*)",applications/services/gui/elements.h,supported
88.3,Function,+,elements_scrollable_text_line,0x9d56a06f,"void elements_scrollable_text_line(Canvas*, int32_t, int32_t, size_t, FuriString*, size_t, _Bool)",applications/services/gui/elements.h,supported
88.3,Function,+,elements_scrollbar,0xad4b3965,"void elements_scrollbar(Canvas*, size_t, size_t)",applications/services/gui/elements.h,supported
88.3,Function,+,elements_scrollbar_pos,0x69996716,"void elements_scrollbar_pos(Canvas*, int32_t, int32_t, size_t, size_t, size_t)",applications/services/gui/elements.h,supported
88.3,Function,+,elements_slightly_rounded_box,0x9cb9b169,"void elements_slightly_rounded_box(Canvas*, int32_t, int32_t, size_t, size_t)",applications/services/gui/elements.h,supported
88.3,Function,+,elements_slightly_rounded_frame,0xb235636b,"void elements_slightly_rounded_frame(Canvas*, int32_t, int32_t, size_t, size_t)",applications/services/gui/elements.h,supported
88.3,Function,+,elements_string_fit_width,0xbf85a879,"void elements_string_fit_width(Canvas*, FuriString*, size_t)",applications/services/gui/elements.h,supported
88.3,Function,+,elements_text_box,0x9206d98e,"void elements_text_box(Canvas*, int32_t, int32_t, size_t, size_t, Align, Align, const char*, _Bool)",applications/services/gui/elements.h,supported
88.3,Function,+,elf_resolve_from_hashtable,0x16464ad9,"_Bool elf_resolve_from_hashtable(const ElfApiInterface*, uint32_t, Elf32_Addr*)",lib/flipper_application/api_hashtable/api_hashtable.h,supported
88.3,Function,+,elf_symbolname_hash,0x2bd6c4d5,uint32_t elf_symbolname_hash(const char*),lib/flipper_application/api_hashtable/api_hashtable.h,supported
88.3,Function,+,em4305_write,0x9a7a0d6d,void em4305_write(LFRFIDEM4305*),@sdk/toolchain-or-transitive-runtime,supported
88.3,Function,+,empty_screen_alloc,0x1d91dfbd,EmptyScreen* empty_screen_alloc(),applications/services/gui/modules/empty_screen.h,supported
88.3,Function,+,empty_screen_free,0x84c93294,void empty_screen_free(EmptyScreen*),applications/services/gui/modules/empty_screen.h,supported
88.3,Function,+,empty_screen_get_view,0x7ae86aec,View* empty_screen_get_view(EmptyScreen*),applications/services/gui/modules/empty_screen.h,supported
88.3,Function,-,erand48,0x737ef81b,double erand48(unsigned short[3]),@sdk/toolchain-or-transitive-runtime,disabled
88.3,Function,-,erf,0x0b886fa2,double erf(double),@sdk/toolchain-or-transitive-runtime,disabled
88.3,Function,-,erfc,0x7c966445,double erfc(double),@sdk/toolchain-or-transitive-runtime,disabled
88.3,Function,-,erfcf,0x0f62ed4b,float erfcf(float),@sdk/toolchain-or-transitive-runtime,disabled
88.3,Function,-,erfcl,0x0f62ed51,long double erfcl(long double),@sdk/toolchain-or-transitive-runtime,disabled
88.3,Function,-,erff,0x7c966448,float erff(float),@sdk/toolchain-or-transitive-runtime,disabled
88.3,Function,-,erfl,0x7c96644e,long double erfl(long double),@sdk/toolchain-or-transitive-runtime,disabled
88.3,Function,-,exit,0x7c967e3f,void exit(int),applications/services/rpc/rpc_app.h;lib/drivers/cc1101_regs.h;lib/libusb_stm32/inc/usb_dfu.h;lib/mbedtls/include/mbedtls/aes.h;lib/mbedtls/include/mbedtls/des.h;lib/mbedtls/include/mbedtls/ecp.h;lib/mlib/m-array.h;lib/mlib/m-bptree.h;lib/mlib/m-core.h;lib/mlib/m-deque.h;lib/mlib/m-dict.h;lib/mlib/m-list.h;lib/mlib/m-rbtree.h;lib/mlib/m-tuple.h;lib/mlib/m-variant.h;lib/stm32wb_hal/Inc/stm32wbxx_ll_cortex.h;lib/stm32wb_hal/Inc/stm32wbxx_ll_pwr.h;targets/furi_hal_include/furi_hal_nfc.h,disabled
88.3,Function,-,exp,0x0b887072,double exp(double),lib/libusb_stm32/inc/usb_hid.h,disabled
88.3,Function,-,exp10,0x0f665b73,double exp10(double),@sdk/toolchain-or-transitive-runtime,disabled
88.3,Function,-,exp10f,0xfc31ca39,float exp10f(float),@sdk/toolchain-or-transitive-runtime,disabled
88.3,Function,-,exp2,0x7c967ee4,double exp2(double),@sdk/toolchain-or-transitive-runtime,disabled
88.3,Function,-,exp2f,0x0f665bca,float exp2f(float),@sdk/toolchain-or-transitive-runtime,disabled
88.3,Function,-,exp2l,0x0f665bd0,long double exp2l(long double),@sdk/toolchain-or-transitive-runtime,disabled
88.3,Function,+,expansion_disable,0x5761482d,void expansion_disable(Expansion*),applications/services/expansion/expansion.h,supported
88.3,Function,+,expansion_enable,0x3b9938a0,void expansion_enable(Expansion*),applications/services/expansion/expansion.h,supported
88.3,Function,+,expansion_set_listen_serial,0xa4398c92,"void expansion_set_listen_serial(Expansion*, FuriHalSerialId)",applications/services/expansion/expansion.h,supported
88.3,Function,-,expf,0x7c967f18,float expf(float),@sdk/toolchain-or-transitive-runtime,disabled
88.3,Function,-,expl,0x7c967f1e,long double expl(long double),@sdk/toolchain-or-transitive-runtime,disabled
88.3,Function,-,explicit_bzero,0xb083a668,"void explicit_bzero(void*, size_t)",@sdk/toolchain-or-transitive-runtime,disabled
88.3,Function,-,expm1,0x0f666330,double expm1(double),@sdk/toolchain-or-transitive-runtime,disabled
88.3,Function,-,expm1f,0xfc32c996,float expm1f(float),@sdk/toolchain-or-transitive-runtime,disabled
88.3,Function,-,expm1l,0xfc32c99c,long double expm1l(long double),@sdk/toolchain-or-transitive-runtime,disabled
88.3,Function,-,fabs,0x7c96a7e1,double fabs(double),@sdk/toolchain-or-transitive-runtime,disabled
88.3,Function,-,fabsf,0x0f6ba467,float fabsf(float),@sdk/toolchain-or-transitive-runtime,disabled
88.3,Function,-,fabsl,0x0f6ba46d,long double fabsl(long double),@sdk/toolchain-or-transitive-runtime,disabled
88.3,Function,-,fclose,0xfd09cf21,int fclose(FILE*),@sdk/toolchain-or-transitive-runtime,disabled
88.3,Function,-,fcloseall,0x3dff327a,int fcloseall(),@sdk/toolchain-or-transitive-runtime,disabled
88.3,Function,-,fdim,0x7c96b585,"double fdim(double, double)",@sdk/toolchain-or-transitive-runtime,disabled
88.3,Function,-,fdimf,0x0f6d668b,"float fdimf(float, float)",@sdk/toolchain-or-transitive-runtime,disabled
88.3,Function,-,fdiml,0x0f6d6691,"long double fdiml(long double, long double)",@sdk/toolchain-or-transitive-runtime,disabled
88.3,Function,-,fdopen,0xfd1d8f41,"FILE* fdopen(int, const char*)",@sdk/toolchain-or-transitive-runtime,disabled
88.3,Function,+,felica_alloc,0x5fa5d6f3,FelicaData* felica_alloc(),lib/nfc/protocols/felica/felica.h,supported
88.3,Function,+,felica_calculate_mac_read,0xdb4b2c21,"void felica_calculate_mac_read(mbedtls_des3_context*, const uint8_t*, const uint8_t*, const uint8_t*, const uint8_t, const uint8_t*, uint8_t*)",lib/nfc/protocols/felica/felica.h,supported
88.3,Function,+,felica_calculate_mac_write,0x45127030,"void felica_calculate_mac_write(mbedtls_des3_context*, const uint8_t*, const uint8_t*, const uint8_t*, const uint8_t*, uint8_t*)",lib/nfc/protocols/felica/felica.h,supported
88.3,Function,+,felica_calculate_session_key,0x8451c301,"void felica_calculate_session_key(mbedtls_des3_context*, const uint8_t*, const uint8_t*, uint8_t*)",lib/nfc/protocols/felica/felica.h,supported
88.3,Function,+,felica_check_mac,0xddb0ceb6,"_Bool felica_check_mac(mbedtls_des3_context*, const uint8_t*, const uint8_t*, const uint8_t*, const uint8_t, uint8_t*)",lib/nfc/protocols/felica/felica.h,supported
88.3,Function,+,felica_copy,0x5ffe6aa3,"void felica_copy(FelicaData*, const FelicaData*)",lib/nfc/protocols/felica/felica.h,supported
88.3,Function,+,felica_crc_append,0xfe1c34f7,void felica_crc_append(BitBuffer*),lib/nfc/helpers/felica_crc.h,supported
88.3,Function,+,felica_crc_check,0x746e0d1d,_Bool felica_crc_check(const BitBuffer*),lib/nfc/helpers/felica_crc.h,supported
88.3,Function,+,felica_crc_trim,0x7fafbbfb,void felica_crc_trim(BitBuffer*),lib/nfc/helpers/felica_crc.h,supported
88.3,Function,+,felica_free,0x60001b0a,void felica_free(FelicaData*),lib/nfc/protocols/felica/felica.h,supported
88.3,Function,+,felica_get_base_data,0xd471817b,FelicaData* felica_get_base_data(const FelicaData*),lib/nfc/protocols/felica/felica.h,supported
88.3,Function,+,felica_get_device_name,0x164ed097,"const char* felica_get_device_name(const FelicaData*, NfcDeviceNameType)",lib/nfc/protocols/felica/felica.h,supported
88.3,Function,+,felica_get_ic_name,0xa71fba33,"void felica_get_ic_name(const FelicaData*, FuriString*)",lib/nfc/protocols/felica/felica.h,supported
88.3,Function,+,felica_get_uid,0x9e890849,"const uint8_t* felica_get_uid(const FelicaData*, size_t*)",lib/nfc/protocols/felica/felica.h,supported
88.3,Function,+,felica_get_workflow_type,0x5d3b6263,void felica_get_workflow_type(FelicaData*),lib/nfc/protocols/felica/felica.h,supported
88.3,Function,+,felica_is_equal,0x4d4b4d1b,"_Bool felica_is_equal(const FelicaData*, const FelicaData*)",lib/nfc/protocols/felica/felica.h,supported
88.3,Function,+,felica_load,0x60035808,"_Bool felica_load(FelicaData*, FlipperFormat*, uint32_t)",lib/nfc/protocols/felica/felica.h,supported
88.3,Function,+,felica_poller_activate,0x2a175ec6,"FelicaError felica_poller_activate(FelicaPoller*, FelicaData*)",lib/nfc/protocols/felica/felica_poller.h,supported
88.3,Function,+,felica_poller_read_blocks,0x72b6ef8e,"FelicaError felica_poller_read_blocks(FelicaPoller*, const uint8_t, const uint8_t* const, uint16_t, FelicaPollerReadCommandResponse** const)",lib/nfc/protocols/felica/felica_poller.h,supported
88.3,Function,+,felica_poller_sync_read,0x0df7f38d,"FelicaError felica_poller_sync_read(Nfc*, FelicaData*, const FelicaCardKey*)",lib/nfc/protocols/felica/felica_poller_sync.h,supported
88.3,Function,+,felica_reset,0x60d5bd6b,void felica_reset(FelicaData*),lib/nfc/protocols/felica/felica.h,supported
88.3,Function,+,felica_save,0x6006f5d7,"_Bool felica_save(const FelicaData*, FlipperFormat*)",lib/nfc/protocols/felica/felica.h,supported
88.3,Function,+,felica_service_get_attribute_string,0x73f17ca1,"void felica_service_get_attribute_string(const FelicaService*, FuriString*)",lib/nfc/protocols/felica/felica.h,supported
88.3,Function,+,felica_set_uid,0x3a43e155,"_Bool felica_set_uid(FelicaData*, const uint8_t*, size_t)",lib/nfc/protocols/felica/felica.h,supported
88.3,Function,+,felica_verify,0x84e1909d,"_Bool felica_verify(FelicaData*, const FuriString*)",lib/nfc/protocols/felica/felica.h,supported
88.3,Function,+,felica_write_directory_tree,0xb03a8116,"void felica_write_directory_tree(const FelicaSystem*, FuriString*)",lib/nfc/protocols/felica/felica.h,supported
88.3,Function,-,feof,0x7c96ba85,int feof(FILE*),@sdk/toolchain-or-transitive-runtime,disabled
88.3,Function,-,feof_unlocked,0x180d9739,int feof_unlocked(FILE*),@sdk/toolchain-or-transitive-runtime,disabled
88.3,Function,-,ferror,0xfd3156b5,int ferror(FILE*),@sdk/toolchain-or-transitive-runtime,disabled
88.3,Function,-,ferror_unlocked,0x1852e969,int ferror_unlocked(FILE*),@sdk/toolchain-or-transitive-runtime,disabled
88.3,Function,-,fflush,0xfd40322d,int fflush(FILE*),@sdk/toolchain-or-transitive-runtime,disabled
88.3,Function,-,fflush_unlocked,0xf73c2be1,int fflush_unlocked(FILE*),@sdk/toolchain-or-transitive-runtime,disabled
88.3,Function,-,ffs,0x0b887264,int ffs(int),@sdk/toolchain-or-transitive-runtime,disabled
88.3,Function,-,ffsl,0x7c96bf50,int ffsl(long),@sdk/toolchain-or-transitive-runtime,disabled
88.3,Function,-,ffsll,0x0f6ea9bc,int ffsll(long long),@sdk/toolchain-or-transitive-runtime,disabled
88.3,Function,-,fgetc,0x0f6efb8e,int fgetc(FILE*),lib/mlib/m-array.h;lib/mlib/m-bptree.h;lib/mlib/m-core.h;lib/mlib/m-deque.h;lib/mlib/m-dict.h;lib/mlib/m-list.h;lib/mlib/m-rbtree.h;lib/mlib/m-tuple.h;lib/mlib/m-variant.h,disabled
88.3,Function,-,fgetc_unlocked,0x311e1262,int fgetc_unlocked(FILE*),@sdk/toolchain-or-transitive-runtime,disabled
88.3,Function,-,fgetpos,0xa71c5d1d,"int fgetpos(FILE*, fpos_t*)",@sdk/toolchain-or-transitive-runtime,disabled
88.3,Function,-,fgets,0x0f6efb9e,"char* fgets(char*, int, FILE*)",@sdk/toolchain-or-transitive-runtime,disabled
88.3,Function,-,fgets_unlocked,0x71c72472,"char* fgets_unlocked(char*, int, FILE*)",@sdk/toolchain-or-transitive-runtime,disabled
88.3,Function,+,file_browser_alloc,0x9e24ce92,FileBrowser* file_browser_alloc(FuriString*),applications/services/gui/modules/file_browser.h,supported
88.3,Function,+,file_browser_configure,0xdd8942e9,"void file_browser_configure(FileBrowser*, const char*, const char*, _Bool, _Bool, const Icon*, _Bool)",applications/services/gui/modules/file_browser.h,supported
88.3,Function,+,file_browser_free,0x4a9f1ac9,void file_browser_free(FileBrowser*),applications/services/gui/modules/file_browser.h,supported
88.3,Function,+,file_browser_get_view,0x8d3165a1,View* file_browser_get_view(FileBrowser*),applications/services/gui/modules/file_browser.h,supported
88.3,Function,+,file_browser_set_callback,0x573571bf,"void file_browser_set_callback(FileBrowser*, FileBrowserCallback, void*)",applications/services/gui/modules/file_browser.h,supported
88.3,Function,+,file_browser_set_item_callback,0x3ce1e7ed,"void file_browser_set_item_callback(FileBrowser*, FileBrowserLoadItemCallback, void*)",applications/services/gui/modules/file_browser.h,supported
88.3,Function,+,file_browser_start,0x9f6ebc55,"void file_browser_start(FileBrowser*, FuriString*)",applications/services/gui/modules/file_browser.h,supported
88.3,Function,+,file_browser_stop,0x4aa6458d,void file_browser_stop(FileBrowser*),applications/services/gui/modules/file_browser.h,supported
88.3,Function,+,file_browser_worker_alloc,0x946f668b,"BrowserWorker* file_browser_worker_alloc(FuriString*, const char*, const char*, _Bool, _Bool)",applications/services/gui/modules/file_browser_worker.h,supported
88.3,Function,+,file_browser_worker_folder_enter,0x6c8c16b9,"void file_browser_worker_folder_enter(BrowserWorker*, FuriString*, int32_t)",applications/services/gui/modules/file_browser_worker.h,supported
88.3,Function,+,file_browser_worker_folder_exit,0x96af1295,void file_browser_worker_folder_exit(BrowserWorker*),applications/services/gui/modules/file_browser_worker.h,supported
88.3,Function,+,file_browser_worker_folder_refresh,0x92acf2ea,"void file_browser_worker_folder_refresh(BrowserWorker*, int32_t)",applications/services/gui/modules/file_browser_worker.h,supported
88.3,Function,+,file_browser_worker_free,0x238a17a2,void file_browser_worker_free(BrowserWorker*),applications/services/gui/modules/file_browser_worker.h,supported
88.3,Function,+,file_browser_worker_is_in_start_folder,0x3d6756ba,_Bool file_browser_worker_is_in_start_folder(BrowserWorker*),applications/services/gui/modules/file_browser_worker.h,supported
88.3,Function,+,file_browser_worker_load,0x238d54a0,"void file_browser_worker_load(BrowserWorker*, uint32_t, uint32_t)",applications/services/gui/modules/file_browser_worker.h,supported
88.3,Function,+,file_browser_worker_set_callback_context,0x712a4c7c,"void file_browser_worker_set_callback_context(BrowserWorker*, void*)",applications/services/gui/modules/file_browser_worker.h,supported
88.3,Function,+,file_browser_worker_set_config,0x9814df21,"void file_browser_worker_set_config(BrowserWorker*, FuriString*, const char*, _Bool, _Bool)",applications/services/gui/modules/file_browser_worker.h,supported
88.3,Function,+,file_browser_worker_set_folder_callback,0x6eca7ff3,"void file_browser_worker_set_folder_callback(BrowserWorker*, BrowserWorkerFolderOpenCallback)",applications/services/gui/modules/file_browser_worker.h,supported
88.3,Function,+,file_browser_worker_set_item_callback,0x34373d66,"void file_browser_worker_set_item_callback(BrowserWorker*, BrowserWorkerListItemCallback)",applications/services/gui/modules/file_browser_worker.h,supported
88.3,Function,+,file_browser_worker_set_list_callback,0x6f3b3833,"void file_browser_worker_set_list_callback(BrowserWorker*, BrowserWorkerListLoadCallback)",applications/services/gui/modules/file_browser_worker.h,supported
88.3,Function,+,file_browser_worker_set_long_load_callback,0xb5052d26,"void file_browser_worker_set_long_load_callback(BrowserWorker*, BrowserWorkerLongLoadCallback)",applications/services/gui/modules/file_browser_worker.h,supported
88.3,Function,+,file_info_is_dir,0xe4fd6069,_Bool file_info_is_dir(const FileInfo*),@sdk/toolchain-or-transitive-runtime,supported
88.3,Function,+,file_stream_alloc,0x0fe7c75a,Stream* file_stream_alloc(Storage*),lib/toolbox/stream/file_stream.h,supported
88.3,Function,+,file_stream_close,0x100c05a5,_Bool file_stream_close(Stream*),lib/toolbox/stream/file_stream.h,supported
88.3,Function,+,file_stream_get_error,0x4ad1bc18,FS_Error file_stream_get_error(Stream*),lib/toolbox/stream/file_stream.h,supported
88.3,Function,+,file_stream_open,0x10070181,"_Bool file_stream_open(Stream*, const char*, FS_AccessMode, FS_OpenMode)",lib/toolbox/stream/file_stream.h,supported
88.3,Function,-,fileno,0xfd763702,int fileno(FILE*),@sdk/toolchain-or-transitive-runtime,disabled
88.3,Function,-,fileno_unlocked,0x1b417056,int fileno_unlocked(FILE*),@sdk/toolchain-or-transitive-runtime,disabled
88.3,Function,+,filesystem_api_error_get_desc,0xbf8baa09,const char* filesystem_api_error_get_desc(FS_Error),@sdk/toolchain-or-transitive-runtime,supported
88.3,Function,-,finite,0xfd776184,int finite(double),@sdk/toolchain-or-transitive-runtime,disabled
88.3,Function,-,finitef,0xac63926a,int finitef(float),@sdk/toolchain-or-transitive-runtime,disabled
88.3,Function,-,finitel,0xac639270,int finitel(long double),@sdk/toolchain-or-transitive-runtime,disabled
88.3,Function,-,fiprintf,0x3e1d2dc7,"int fiprintf(FILE*, const char*, ...)",@sdk/toolchain-or-transitive-runtime,disabled
88.3,Function,-,fiscanf,0xacba72ff,"int fiscanf(FILE*, const char*, ...)",@sdk/toolchain-or-transitive-runtime,disabled
88.3,Function,+,flipper_application_alloc,0x79807734,"FlipperApplication* flipper_application_alloc(Storage*, const ElfApiInterface*)",lib/flipper_application/flipper_application.h,supported
88.3,Function,+,flipper_application_alloc_thread,0x07e0fb6b,"FuriThread* flipper_application_alloc_thread(FlipperApplication*, const char*)",lib/flipper_application/flipper_application.h,supported
88.3,Function,+,flipper_application_free,0x1af7372b,void flipper_application_free(FlipperApplication*),lib/flipper_application/flipper_application.h,supported
88.3,Function,+,flipper_application_get_manifest,0x272d0cbf,const FlipperApplicationManifest* flipper_application_get_manifest(FlipperApplication*),lib/flipper_application/flipper_application.h,supported
88.3,Function,+,flipper_application_is_plugin,0xdac62733,_Bool flipper_application_is_plugin(FlipperApplication*),lib/flipper_application/flipper_application.h,supported
88.3,Function,+,flipper_application_load_name_and_icon,0x14084283,"_Bool flipper_application_load_name_and_icon(FuriString*, Storage*, uint8_t**, FuriString*)",lib/flipper_application/flipper_application.h,supported
88.3,Function,+,flipper_application_load_status_to_string,0xdf05db44,const char* flipper_application_load_status_to_string(FlipperApplicationLoadStatus),lib/flipper_application/flipper_application.h,supported
88.3,Function,+,flipper_application_manifest_is_target_compatible,0xd47635a0,_Bool flipper_application_manifest_is_target_compatible(const FlipperApplicationManifest*),@sdk/toolchain-or-transitive-runtime,supported
88.3,Function,+,flipper_application_manifest_is_too_new,0x965a1c75,"_Bool flipper_application_manifest_is_too_new(const FlipperApplicationManifest*, const ElfApiInterface*)",@sdk/toolchain-or-transitive-runtime,supported
88.3,Function,+,flipper_application_manifest_is_too_old,0x965a218a,"_Bool flipper_application_manifest_is_too_old(const FlipperApplicationManifest*, const ElfApiInterface*)",@sdk/toolchain-or-transitive-runtime,supported
88.3,Function,+,flipper_application_manifest_is_valid,0xdc8474ea,_Bool flipper_application_manifest_is_valid(const FlipperApplicationManifest*),@sdk/toolchain-or-transitive-runtime,supported
88.3,Function,+,flipper_application_map_to_memory,0xb1669b61,FlipperApplicationLoadStatus flipper_application_map_to_memory(FlipperApplication*),lib/flipper_application/flipper_application.h,supported
88.3,Function,+,flipper_application_plugin_get_descriptor,0xb82f5555,const FlipperAppPluginDescriptor* flipper_application_plugin_get_descriptor(FlipperApplication*),lib/flipper_application/flipper_application.h,supported
88.3,Function,+,flipper_application_preload,0x6ba38690,"FlipperApplicationPreloadStatus flipper_application_preload(FlipperApplication*, const char*)",lib/flipper_application/flipper_application.h,supported
88.3,Function,+,flipper_application_preload_manifest,0x062fae86,"FlipperApplicationPreloadStatus flipper_application_preload_manifest(FlipperApplication*, const char*)",lib/flipper_application/flipper_application.h,supported
88.3,Function,+,flipper_application_preload_status_to_string,0x101ce88b,const char* flipper_application_preload_status_to_string(FlipperApplicationPreloadStatus),lib/flipper_application/flipper_application.h,supported
88.3,Function,+,flipper_format_buffered_file_alloc,0x698eebaa,FlipperFormat* flipper_format_buffered_file_alloc(Storage*),lib/flipper_format/flipper_format.h,supported
88.3,Function,+,flipper_format_buffered_file_close,0x69b329f5,_Bool flipper_format_buffered_file_close(FlipperFormat*),lib/flipper_format/flipper_format.h,supported
88.3,Function,+,flipper_format_buffered_file_open_always,0xa5d37b81,"_Bool flipper_format_buffered_file_open_always(FlipperFormat*, const char*)",lib/flipper_format/flipper_format.h,supported
88.3,Function,+,flipper_format_buffered_file_open_existing,0x95fd32bb,"_Bool flipper_format_buffered_file_open_existing(FlipperFormat*, const char*)",lib/flipper_format/flipper_format.h,supported
88.3,Function,+,flipper_format_delete_key,0x2ce466b9,"_Bool flipper_format_delete_key(FlipperFormat*, const char*)",lib/flipper_format/flipper_format.h,supported
88.3,Function,+,flipper_format_file_alloc,0xd5adbc28,FlipperFormat* flipper_format_file_alloc(Storage*),lib/flipper_format/flipper_format.h,supported
88.3,Function,+,flipper_format_file_close,0xd5d1fa73,_Bool flipper_format_file_close(FlipperFormat*),lib/flipper_format/flipper_format.h,supported
88.3,Function,+,flipper_format_file_open_always,0x64f8327f,"_Bool flipper_format_file_open_always(FlipperFormat*, const char*)",lib/flipper_format/flipper_format.h,supported
88.3,Function,+,flipper_format_file_open_append,0x653ccd66,"_Bool flipper_format_file_open_append(FlipperFormat*, const char*)",lib/flipper_format/flipper_format.h,supported
88.3,Function,+,flipper_format_file_open_existing,0xb12ba139,"_Bool flipper_format_file_open_existing(FlipperFormat*, const char*)",lib/flipper_format/flipper_format.h,supported
88.3,Function,+,flipper_format_file_open_new,0x08d63d78,"_Bool flipper_format_file_open_new(FlipperFormat*, const char*)",lib/flipper_format/flipper_format.h,supported
88.3,Function,+,flipper_format_free,0x9c136b60,void flipper_format_free(FlipperFormat*),lib/flipper_format/flipper_format.h,supported
88.3,Function,+,flipper_format_get_raw_stream,0x2be2a572,Stream* flipper_format_get_raw_stream(FlipperFormat*),lib/flipper_format/flipper_format_i.h,supported
88.3,Function,+,flipper_format_get_value_count,0xa2445322,"_Bool flipper_format_get_value_count(FlipperFormat*, const char*, uint32_t*)",lib/flipper_format/flipper_format.h,supported
88.3,Function,+,flipper_format_insert_or_update_bool,0xe50f3ae0,"_Bool flipper_format_insert_or_update_bool(FlipperFormat*, const char*, const _Bool*, const uint16_t)",lib/flipper_format/flipper_format.h,supported
88.3,Function,+,flipper_format_insert_or_update_float,0x873d52ca,"_Bool flipper_format_insert_or_update_float(FlipperFormat*, const char*, const float*, const uint16_t)",lib/flipper_format/flipper_format.h,supported
88.3,Function,+,flipper_format_insert_or_update_hex,0xa217d439,"_Bool flipper_format_insert_or_update_hex(FlipperFormat*, const char*, const uint8_t*, const uint16_t)",lib/flipper_format/flipper_format.h,supported
88.3,Function,+,flipper_format_insert_or_update_int32,0x8774c424,"_Bool flipper_format_insert_or_update_int32(FlipperFormat*, const char*, const int32_t*, const uint16_t)",lib/flipper_format/flipper_format.h,supported
88.3,Function,+,flipper_format_insert_or_update_string,0x8dcd470b,"_Bool flipper_format_insert_or_update_string(FlipperFormat*, const char*, FuriString*)",lib/flipper_format/flipper_format.h,supported
88.3,Function,+,flipper_format_insert_or_update_string_cstr,0xf4c9bfe6,"_Bool flipper_format_insert_or_update_string_cstr(FlipperFormat*, const char*, const char*)",lib/flipper_format/flipper_format.h,supported
88.3,Function,+,flipper_format_insert_or_update_uint32,0x91ae8039,"_Bool flipper_format_insert_or_update_uint32(FlipperFormat*, const char*, const uint32_t*, const uint16_t)",lib/flipper_format/flipper_format.h,supported
88.3,Function,+,flipper_format_key_exist,0xdbe8fe93,"_Bool flipper_format_key_exist(FlipperFormat*, const char*)",lib/flipper_format/flipper_format.h,supported
88.3,Function,+,flipper_format_read_bool,0xdf0ba445,"_Bool flipper_format_read_bool(FlipperFormat*, const char*, _Bool*, const uint16_t)",lib/flipper_format/flipper_format.h,supported
88.3,Function,+,flipper_format_read_float,0xc0c6e8cf,"_Bool flipper_format_read_float(FlipperFormat*, const char*, float*, const uint16_t)",lib/flipper_format/flipper_format.h,supported
88.3,Function,+,flipper_format_read_header,0xddc80662,"_Bool flipper_format_read_header(FlipperFormat*, FuriString*, uint32_t*)",lib/flipper_format/flipper_format.h,supported
88.3,Function,+,flipper_format_read_hex,0x25ca24fe,"_Bool flipper_format_read_hex(FlipperFormat*, const char*, uint8_t*, const uint16_t)",lib/flipper_format/flipper_format.h,supported
88.3,Function,+,flipper_format_read_hex_uint64,0xd33d4ba7,"_Bool flipper_format_read_hex_uint64(FlipperFormat*, const char*, uint64_t*, const uint16_t)",lib/flipper_format/flipper_format.h,supported
88.3,Function,+,flipper_format_read_int32,0xc0fe5a29,"_Bool flipper_format_read_int32(FlipperFormat*, const char*, int32_t*, const uint16_t)",lib/flipper_format/flipper_format.h,supported
88.3,Function,+,flipper_format_read_string,0xf8899db0,"_Bool flipper_format_read_string(FlipperFormat*, const char*, FuriString*)",lib/flipper_format/flipper_format.h,supported
88.3,Function,+,flipper_format_read_uint32,0xfc6ad6de,"_Bool flipper_format_read_uint32(FlipperFormat*, const char*, uint32_t*, const uint16_t)",lib/flipper_format/flipper_format.h,supported
88.3,Function,+,flipper_format_rewind,0x09b86ac7,_Bool flipper_format_rewind(FlipperFormat*),lib/flipper_format/flipper_format.h,supported
88.3,Function,+,flipper_format_seek,0x9c1a5506,"_Bool flipper_format_seek(FlipperFormat*, int32_t, FlipperFormatOffset)",lib/flipper_format/flipper_format.h,supported
88.3,Function,+,flipper_format_seek_to_end,0xc7951afe,_Bool flipper_format_seek_to_end(FlipperFormat*),lib/flipper_format/flipper_format.h,supported
88.3,Function,+,flipper_format_set_strict_mode,0x44e30f66,"void flipper_format_set_strict_mode(FlipperFormat*, _Bool)",lib/flipper_format/flipper_format.h,supported
88.3,Function,+,flipper_format_stream_delete_key_and_write,0x72e153c0,"_Bool flipper_format_stream_delete_key_and_write(Stream*, FlipperStreamWriteData*, _Bool)",lib/flipper_format/flipper_format_stream.h,supported
88.3,Function,+,flipper_format_stream_get_value_count,0x7b87946d,"_Bool flipper_format_stream_get_value_count(Stream*, const char*, uint32_t*, _Bool)",lib/flipper_format/flipper_format_stream.h,supported
88.3,Function,+,flipper_format_stream_read_value_line,0x77853788,"_Bool flipper_format_stream_read_value_line(Stream*, const char*, FlipperStreamValue, void*, size_t, _Bool)",lib/flipper_format/flipper_format_stream.h,supported
88.3,Function,+,flipper_format_stream_write_comment_cstr,0xc9149901,"_Bool flipper_format_stream_write_comment_cstr(Stream*, const char*)",lib/flipper_format/flipper_format_stream.h,supported
88.3,Function,+,flipper_format_stream_write_value_line,0xcc1668b7,"_Bool flipper_format_stream_write_value_line(Stream*, FlipperStreamWriteData*)",lib/flipper_format/flipper_format_stream.h,supported
88.3,Function,+,flipper_format_string_alloc,0xa033707f,FlipperFormat* flipper_format_string_alloc(),lib/flipper_format/flipper_format.h,supported
88.3,Function,+,flipper_format_tell,0x9c1ae24f,size_t flipper_format_tell(FlipperFormat*),lib/flipper_format/flipper_format.h,supported
88.3,Function,+,flipper_format_update_bool,0x7c1de24c,"_Bool flipper_format_update_bool(FlipperFormat*, const char*, const _Bool*, const uint16_t)",lib/flipper_format/flipper_format.h,supported
88.3,Function,+,flipper_format_update_float,0x0020e7b6,"_Bool flipper_format_update_float(FlipperFormat*, const char*, const float*, const uint16_t)",lib/flipper_format/flipper_format.h,supported
88.3,Function,+,flipper_format_update_hex,0xdcf93e25,"_Bool flipper_format_update_hex(FlipperFormat*, const char*, const uint8_t*, const uint16_t)",lib/flipper_format/flipper_format.h,supported
88.3,Function,+,flipper_format_update_int32,0x00585910,"_Bool flipper_format_update_int32(FlipperFormat*, const char*, const int32_t*, const uint16_t)",lib/flipper_format/flipper_format.h,supported
88.3,Function,+,flipper_format_update_string,0x23237977,"_Bool flipper_format_update_string(FlipperFormat*, const char*, FuriString*)",lib/flipper_format/flipper_format.h,supported
88.3,Function,+,flipper_format_update_string_cstr,0xedbc55d2,"_Bool flipper_format_update_string_cstr(FlipperFormat*, const char*, const char*)",lib/flipper_format/flipper_format.h,supported
88.3,Function,+,flipper_format_update_uint32,0x2704b2a5,"_Bool flipper_format_update_uint32(FlipperFormat*, const char*, const uint32_t*, const uint16_t)",lib/flipper_format/flipper_format.h,supported
88.3,Function,+,flipper_format_write_bool,0xfe7abcd4,"_Bool flipper_format_write_bool(FlipperFormat*, const char*, const _Bool*, const uint16_t)",lib/flipper_format/flipper_format.h,supported
88.3,Function,+,flipper_format_write_comment,0xd89dd0bb,"_Bool flipper_format_write_comment(FlipperFormat*, FuriString*)",lib/flipper_format/flipper_format.h,supported
88.3,Function,+,flipper_format_write_comment_cstr,0xaee3d796,"_Bool flipper_format_write_comment_cstr(FlipperFormat*, const char*)",lib/flipper_format/flipper_format.h,supported
88.3,Function,+,flipper_format_write_empty_line,0x8e40ea3e,_Bool flipper_format_write_empty_line(FlipperFormat*),lib/flipper_format/flipper_format.h,supported
88.3,Function,+,flipper_format_write_float,0xce19133e,"_Bool flipper_format_write_float(FlipperFormat*, const char*, const float*, const uint16_t)",lib/flipper_format/flipper_format.h,supported
88.3,Function,+,flipper_format_write_header,0x955f7eb1,"_Bool flipper_format_write_header(FlipperFormat*, FuriString*, const uint32_t)",lib/flipper_format/flipper_format.h,supported
88.3,Function,+,flipper_format_write_header_cstr,0x568eaf4c,"_Bool flipper_format_write_header_cstr(FlipperFormat*, const char*, const uint32_t)",lib/flipper_format/flipper_format.h,supported
88.3,Function,+,flipper_format_write_hex,0xb260e7ad,"_Bool flipper_format_write_hex(FlipperFormat*, const char*, const uint8_t*, const uint16_t)",lib/flipper_format/flipper_format.h,supported
88.3,Function,+,flipper_format_write_hex_uint64,0xff665376,"_Bool flipper_format_write_hex_uint64(FlipperFormat*, const char*, const uint64_t*, const uint16_t)",lib/flipper_format/flipper_format.h,supported
88.3,Function,+,flipper_format_write_int32,0xce508498,"_Bool flipper_format_write_int32(FlipperFormat*, const char*, const int32_t*, const uint16_t)",lib/flipper_format/flipper_format.h,supported
88.3,Function,+,flipper_format_write_string,0xb02115ff,"_Bool flipper_format_write_string(FlipperFormat*, const char*, FuriString*)",lib/flipper_format/flipper_format.h,supported
88.3,Function,+,flipper_format_write_string_cstr,0x42d9075a,"_Bool flipper_format_write_string_cstr(FlipperFormat*, const char*, const char*)",lib/flipper_format/flipper_format.h,supported
88.3,Function,+,flipper_format_write_uint32,0xb4024f2d,"_Bool flipper_format_write_uint32(FlipperFormat*, const char*, const uint32_t*, const uint16_t)",lib/flipper_format/flipper_format.h,supported
88.3,Function,+,float_is_equal,0x551a1e6d,"_Bool float_is_equal(float, float)",lib/toolbox/float_tools.h,supported
88.3,Function,-,flockfile,0x56b06774,void flockfile(FILE*),@sdk/toolchain-or-transitive-runtime,disabled
88.3,Function,-,floor,0x0f71e367,double floor(double),@sdk/toolchain-or-transitive-runtime,disabled
88.3,Function,-,floorf,0xfdae50ad,float floorf(float),@sdk/toolchain-or-transitive-runtime,disabled
88.3,Function,-,floorl,0xfdae50b3,long double floorl(long double),@sdk/toolchain-or-transitive-runtime,disabled
88.3,Function,-,fls,0x0b88732a,int fls(int),@sdk/toolchain-or-transitive-runtime,disabled
88.3,Function,-,flsl,0x7c96d8d6,int flsl(long),@sdk/toolchain-or-transitive-runtime,disabled
88.3,Function,-,flsll,0x0f71f402,int flsll(long long),@sdk/toolchain-or-transitive-runtime,disabled
88.3,Function,-,fma,0x0b887339,"double fma(double, double, double)",@sdk/toolchain-or-transitive-runtime,disabled
88.3,Function,-,fmaf,0x7c96dabf,"float fmaf(float, float, float)",@sdk/toolchain-or-transitive-runtime,disabled
88.3,Function,-,fmal,0x7c96dac5,"long double fmal(long double, long double, long double)",@sdk/toolchain-or-transitive-runtime,disabled
88.3,Function,-,fmax,0x7c96dad1,"double fmax(double, double)",@sdk/toolchain-or-transitive-runtime,disabled
88.3,Function,-,fmaxf,0x0f723557,"float fmaxf(float, float)",@sdk/toolchain-or-transitive-runtime,disabled
88.3,Function,-,fmaxl,0x0f72355d,"long double fmaxl(long double, long double)",@sdk/toolchain-or-transitive-runtime,disabled
88.3,Function,-,fmemopen,0x5806383c,"FILE* fmemopen(void*, size_t, const char*)",@sdk/toolchain-or-transitive-runtime,disabled
88.3,Function,-,fmin,0x7c96dbcf,"double fmin(double, double)",@sdk/toolchain-or-transitive-runtime,disabled
88.3,Function,-,fminf,0x0f725615,"float fminf(float, float)",@sdk/toolchain-or-transitive-runtime,disabled
88.3,Function,-,fminl,0x0f72561b,"long double fminl(long double, long double)",@sdk/toolchain-or-transitive-runtime,disabled
88.3,Function,-,fmod,0x7c96dc8b,"double fmod(double, double)",@sdk/toolchain-or-transitive-runtime,disabled
88.3,Function,-,fmodf,0x0f726e51,"float fmodf(float, float)",@sdk/toolchain-or-transitive-runtime,disabled
88.3,Function,-,fmodl,0x0f726e57,"long double fmodl(long double, long double)",@sdk/toolchain-or-transitive-runtime,disabled
88.3,Function,-,fopen,0x0f738b7d,"FILE* fopen(const char*, const char*)",lib/mlib/m-core.h,disabled
88.3,Function,-,fopencookie,0xfde57e97,"FILE* fopencookie(void*, const char*, cookie_io_functions_t)",@sdk/toolchain-or-transitive-runtime,disabled
88.3,Function,-,fprintf,0xbcfff93e,"int fprintf(FILE*, const char*, ...)",lib/mlib/m-core.h;lib/mlib/m-variant.h,disabled
88.3,Function,-,fpurge,0xfdfa084e,int fpurge(FILE*),@sdk/toolchain-or-transitive-runtime,disabled
88.3,Function,-,fputc,0x0f742f07,"int fputc(int, FILE*)",lib/mlib/m-array.h;lib/mlib/m-bptree.h;lib/mlib/m-deque.h;lib/mlib/m-dict.h;lib/mlib/m-list.h;lib/mlib/m-rbtree.h;lib/mlib/m-tuple.h;lib/mlib/m-variant.h,disabled
88.3,Function,-,fputc_unlocked,0x0aab3dfb,"int fputc_unlocked(int, FILE*)",@sdk/toolchain-or-transitive-runtime,disabled
88.3,Function,-,fputs,0x0f742f17,"int fputs(const char*, FILE*)",@sdk/toolchain-or-transitive-runtime,disabled
88.3,Function,-,fputs_unlocked,0x4b54500b,"int fputs_unlocked(const char*, FILE*)",@sdk/toolchain-or-transitive-runtime,disabled
88.3,Function,-,fread,0x0f750147,"size_t fread(void*, size_t, size_t, FILE*)",@sdk/toolchain-or-transitive-runtime,disabled
88.3,Function,-,fread_unlocked,0xb85c983b,"size_t fread_unlocked(void*, size_t, size_t, FILE*)",@sdk/toolchain-or-transitive-runtime,disabled
88.3,Function,+,free,0x7c96f087,void free(void*),applications/services/gui/modules/byte_input.h;applications/services/gui/modules/date_time_input.h;applications/services/gui/modules/dialog_ex.h;applications/services/gui/modules/empty_screen.h;applications/services/gui/modules/loading.h;applications/services/gui/modules/menu.h;applications/services/gui/modules/number_input.h;applications/services/gui/modules/popup.h;applications/services/gui/modules/submenu.h;applications/services/gui/modules/text_box.h;applications/services/gui/modules/text_input.h;applications/services/gui/modules/variable_item_list.h;applications/services/gui/modules/widget.h;applications/services/gui/view_holder.h;applications/services/storage/storage.h;lib/ibutton/ibutton_key.h;lib/ibutton/ibutton_protocols.h;lib/infrared/encoder_decoder/infrared.h;lib/mbedtls/include/mbedtls/ecdh.h;lib/mbedtls/include/mbedtls/ecdsa.h;lib/mbedtls/include/mbedtls/ecp.h;lib/mbedtls/include/mbedtls/md.h;lib/mjs/mjs_string_public.h;lib/mlib/m-bptree.h;lib/mlib/m-core.h;lib/mlib/m-dict.h;lib/nanopb/pb.h;lib/nfc/protocols/mf_desfire/mf_desfire_poller.h;lib/one_wire/one_wire_host.h;lib/one_wire/one_wire_slave.h;lib/stm32wb_hal/Inc/stm32wbxx_ll_adc.h;lib/stm32wb_hal/Inc/stm32wbxx_ll_hsem.h;lib/stm32wb_hal/Inc/stm32wbxx_ll_ipcc.h;lib/stm32wb_hal/Inc/stm32wbxx_ll_spi.h;lib/toolbox/pipe.h;lib/toolbox/simple_array.h;lib/toolbox/str_buffer.h;targets/f7/furi_hal/furi_hal_flash.h;targets/furi_hal_include/furi_hal_adc.h;targets/furi_hal_include/furi_hal_crypto.h;targets/furi_hal_include/furi_hal_infrared.h;targets/furi_hal_include/furi_hal_memory.h,supported
88.3,Function,-,freopen,0xc0c25cd4,"FILE* freopen(const char*, const char*, FILE*)",@sdk/toolchain-or-transitive-runtime,disabled
88.3,Function,-,frexp,0x0f75044a,"double frexp(double, int*)",@sdk/toolchain-or-transitive-runtime,disabled
88.3,Function,-,frexpf,0xfe158df0,"float frexpf(float, int*)",@sdk/toolchain-or-transitive-runtime,disabled
88.3,Function,-,frexpl,0xfe158df6,"long double frexpl(long double, int*)",@sdk/toolchain-or-transitive-runtime,disabled
88.3,Function,-,fscanf,0xfe262b96,"int fscanf(FILE*, const char*, ...)",lib/mlib/m-core.h,disabled
88.3,Function,-,fseek,0x0f758e33,"int fseek(FILE*, long, int)",@sdk/toolchain-or-transitive-runtime,disabled
88.3,Function,-,fseeko,0xfe275502,"int fseeko(FILE*, off_t, int)",@sdk/toolchain-or-transitive-runtime,disabled
88.3,Function,-,fsetpos,0xc31a44a9,"int fsetpos(FILE*, const fpos_t*)",@sdk/toolchain-or-transitive-runtime,disabled
88.3,Function,-,ftell,0x0f761b7c,long ftell(FILE*),@sdk/toolchain-or-transitive-runtime,disabled
88.3,Function,-,ftello,0xfe398b6b,off_t ftello(FILE*),@sdk/toolchain-or-transitive-runtime,disabled
88.3,Function,-,ftrylockfile,0x1e20fb33,int ftrylockfile(FILE*),@sdk/toolchain-or-transitive-runtime,disabled
88.3,Function,-,funlockfile,0xefa5b8b7,void funlockfile(FILE*),@sdk/toolchain-or-transitive-runtime,disabled
88.3,Function,-,funopen,0xc864b340,"FILE* funopen(const void*, int (*)(void*, char*, int), int (*)(void*, const char*, int), fpos_t (*)(void*, fpos_t, int), int (*)(void*))",@sdk/toolchain-or-transitive-runtime,disabled
88.3,Function,-,furi_background,0xd750477a,void furi_background(),@sdk/toolchain-or-transitive-runtime,disabled
88.3,Function,+,furi_delay_ms,0x5d5c8208,void furi_delay_ms(uint32_t),@sdk/toolchain-or-transitive-runtime,supported
88.3,Function,+,furi_delay_tick,0x2688dd53,void furi_delay_tick(uint32_t),@sdk/toolchain-or-transitive-runtime,supported
88.3,Function,+,furi_delay_until_tick,0x4be562be,FuriStatus furi_delay_until_tick(uint32_t),@sdk/toolchain-or-transitive-runtime,supported
88.3,Function,+,furi_delay_us,0x5d5c8310,void furi_delay_us(uint32_t),@sdk/toolchain-or-transitive-runtime,supported
88.3,Function,+,furi_event_flag_alloc,0x3d880a9f,FuriEventFlag* furi_event_flag_alloc(),lib/toolbox/api_lock.h,supported
88.3,Function,+,furi_event_flag_clear,0x3dac1c1b,"uint32_t furi_event_flag_clear(FuriEventFlag*, uint32_t)",lib/toolbox/api_lock.h,supported
88.3,Function,+,furi_event_flag_free,0xd3548936,void furi_event_flag_free(FuriEventFlag*),lib/toolbox/api_lock.h,supported
88.3,Function,+,furi_event_flag_get,0xa18e3554,uint32_t furi_event_flag_get(FuriEventFlag*),lib/toolbox/api_lock.h,supported
88.3,Function,+,furi_event_flag_set,0xa18e6860,"uint32_t furi_event_flag_set(FuriEventFlag*, uint32_t)",lib/toolbox/api_lock.h,supported
88.3,Function,+,furi_event_flag_wait,0xd35d93e9,"uint32_t furi_event_flag_wait(FuriEventFlag*, uint32_t, uint32_t, uint32_t)",lib/toolbox/api_lock.h,supported
88.3,Function,+,furi_event_loop_alloc,0x53a28b7f,FuriEventLoop* furi_event_loop_alloc(),@sdk/toolchain-or-transitive-runtime,supported
88.3,Function,+,furi_event_loop_free,0x9db26e16,void furi_event_loop_free(FuriEventLoop*),@sdk/toolchain-or-transitive-runtime,supported
88.3,Function,+,furi_event_loop_is_subscribed,0x72642115,"_Bool furi_event_loop_is_subscribed(FuriEventLoop*, FuriEventLoopObject*)",@sdk/toolchain-or-transitive-runtime,supported
88.3,Function,+,furi_event_loop_pend_callback,0x19043ee7,"void furi_event_loop_pend_callback(FuriEventLoop*, FuriEventLoopPendingCallback, void*)",@sdk/toolchain-or-transitive-runtime,supported
88.3,Function,+,furi_event_loop_run,0x33532f09,void furi_event_loop_run(FuriEventLoop*),applications/services/gui/view_dispatcher.h,supported
88.3,Function,+,furi_event_loop_stop,0x9db998da,void furi_event_loop_stop(FuriEventLoop*),@sdk/toolchain-or-transitive-runtime,supported
88.3,Function,+,furi_event_loop_subscribe_event_flag,0x41cafc30,"void furi_event_loop_subscribe_event_flag(FuriEventLoop*, FuriEventFlag*, FuriEventLoopEvent, FuriEventLoopEventCallback, void*)",@sdk/toolchain-or-transitive-runtime,supported
88.3,Function,+,furi_event_loop_subscribe_message_queue,0xdc998f7e,"void furi_event_loop_subscribe_message_queue(FuriEventLoop*, FuriMessageQueue*, FuriEventLoopEvent, FuriEventLoopEventCallback, void*)",@sdk/toolchain-or-transitive-runtime,supported
88.3,Function,+,furi_event_loop_subscribe_mutex,0xc9262148,"void furi_event_loop_subscribe_mutex(FuriEventLoop*, FuriMutex*, FuriEventLoopEvent, FuriEventLoopEventCallback, void*)",@sdk/toolchain-or-transitive-runtime,supported
88.3,Function,+,furi_event_loop_subscribe_semaphore,0x18b0bc19,"void furi_event_loop_subscribe_semaphore(FuriEventLoop*, FuriSemaphore*, FuriEventLoopEvent, FuriEventLoopEventCallback, void*)",@sdk/toolchain-or-transitive-runtime,supported
88.3,Function,+,furi_event_loop_subscribe_stream_buffer,0x9c12d15a,"void furi_event_loop_subscribe_stream_buffer(FuriEventLoop*, FuriStreamBuffer*, FuriEventLoopEvent, FuriEventLoopEventCallback, void*)",@sdk/toolchain-or-transitive-runtime,supported
88.3,Function,+,furi_event_loop_subscribe_thread_flags,0x771a6cf9,"void furi_event_loop_subscribe_thread_flags(FuriEventLoop*, FuriEventLoopThreadFlagsCallback, void*)",@sdk/toolchain-or-transitive-runtime,supported
88.3,Function,+,furi_event_loop_tick_set,0x218d5b0a,"void furi_event_loop_tick_set(FuriEventLoop*, uint32_t, FuriEventLoopTickCallback, void*)",@sdk/toolchain-or-transitive-runtime,supported
88.3,Function,+,furi_event_loop_timer_alloc,0x8f4ace5f,"FuriEventLoopTimer* furi_event_loop_timer_alloc(FuriEventLoop*, FuriEventLoopTimerCallback, FuriEventLoopTimerType, void*)",@sdk/toolchain-or-transitive-runtime,supported
88.3,Function,+,furi_event_loop_timer_free,0x51edd4f6,void furi_event_loop_timer_free(FuriEventLoopTimer*),@sdk/toolchain-or-transitive-runtime,supported
88.3,Function,+,furi_event_loop_timer_get_interval,0xe9897418,uint32_t furi_event_loop_timer_get_interval(const FuriEventLoopTimer*),@sdk/toolchain-or-transitive-runtime,supported
88.3,Function,+,furi_event_loop_timer_get_remaining_time,0xd112cc9b,uint32_t furi_event_loop_timer_get_remaining_time(const FuriEventLoopTimer*),@sdk/toolchain-or-transitive-runtime,supported
88.3,Function,+,furi_event_loop_timer_is_running,0x7b29aa50,_Bool furi_event_loop_timer_is_running(const FuriEventLoopTimer*),@sdk/toolchain-or-transitive-runtime,supported
88.3,Function,+,furi_event_loop_timer_restart,0x9a033e99,void furi_event_loop_timer_restart(FuriEventLoopTimer*),@sdk/toolchain-or-transitive-runtime,supported
88.3,Function,+,furi_event_loop_timer_start,0x9094bc22,"void furi_event_loop_timer_start(FuriEventLoopTimer*, uint32_t)",@sdk/toolchain-or-transitive-runtime,supported
88.3,Function,+,furi_event_loop_timer_stop,0x51f4ffba,void furi_event_loop_timer_stop(FuriEventLoopTimer*),@sdk/toolchain-or-transitive-runtime,supported
88.3,Function,+,furi_event_loop_unsubscribe,0x070f1ab9,"void furi_event_loop_unsubscribe(FuriEventLoop*, FuriEventLoopObject*)",@sdk/toolchain-or-transitive-runtime,supported
88.3,Function,+,furi_event_loop_unsubscribe_thread_flags,0x2c72cdbc,void furi_event_loop_unsubscribe_thread_flags(FuriEventLoop*),@sdk/toolchain-or-transitive-runtime,supported
88.3,Function,+,furi_get_tick,0x34a48004,uint32_t furi_get_tick(),@sdk/toolchain-or-transitive-runtime,supported
88.3,Function,+,furi_hal_adc_acquire,0xf7bc4d1f,FuriHalAdcHandle* furi_hal_adc_acquire(),targets/furi_hal_include/furi_hal_adc.h,supported
88.3,Function,+,furi_hal_adc_configure,0xca2120b7,void furi_hal_adc_configure(FuriHalAdcHandle*),targets/furi_hal_include/furi_hal_adc.h,supported
88.3,Function,+,furi_hal_adc_configure_ex,0xb4731af3,"void furi_hal_adc_configure_ex(FuriHalAdcHandle*, FuriHalAdcScale, FuriHalAdcClock, FuriHalAdcOversample, FuriHalAdcSamplingTime)",targets/furi_hal_include/furi_hal_adc.h,supported
88.3,Function,+,furi_hal_adc_convert_temp,0x964ecdcb,"float furi_hal_adc_convert_temp(FuriHalAdcHandle*, uint16_t)",targets/furi_hal_include/furi_hal_adc.h,supported
88.3,Function,+,furi_hal_adc_convert_to_voltage,0x7fd326c9,"float furi_hal_adc_convert_to_voltage(FuriHalAdcHandle*, uint16_t)",targets/furi_hal_include/furi_hal_adc.h,supported
88.3,Function,+,furi_hal_adc_convert_vbat,0x964fd842,"float furi_hal_adc_convert_vbat(FuriHalAdcHandle*, uint16_t)",targets/furi_hal_include/furi_hal_adc.h,supported
88.3,Function,+,furi_hal_adc_convert_vref,0x96501cc8,"float furi_hal_adc_convert_vref(FuriHalAdcHandle*, uint16_t)",targets/furi_hal_include/furi_hal_adc.h,supported
88.3,Function,+,furi_hal_adc_init,0xe3f53489,void furi_hal_adc_init(),targets/furi_hal_include/furi_hal_adc.h,supported
88.3,Function,+,furi_hal_adc_read,0xe3f9fc91,"uint16_t furi_hal_adc_read(FuriHalAdcHandle*, FuriHalAdcChannel)",targets/furi_hal_include/furi_hal_adc.h,supported
88.3,Function,+,furi_hal_adc_release,0x18a144b6,void furi_hal_adc_release(FuriHalAdcHandle*),targets/furi_hal_include/furi_hal_adc.h,supported
88.3,Function,+,furi_hal_bt_change_app,0x804a0ec9,"FuriHalBleProfileBase* furi_hal_bt_change_app(const FuriHalBleProfileTemplate*, FuriHalBleProfileParams, const GapRootSecurityKeys*, GapEventCallback, void*)",targets/furi_hal_include/furi_hal_bt.h,supported
88.3,Function,+,furi_hal_bt_check_profile_type,0x894455b2,"_Bool furi_hal_bt_check_profile_type(FuriHalBleProfileBase*, const FuriHalBleProfileTemplate*)",targets/furi_hal_include/furi_hal_bt.h,supported
88.3,Function,+,furi_hal_bt_clear_white_list,0xdd382065,_Bool furi_hal_bt_clear_white_list(),targets/furi_hal_include/furi_hal_bt.h,supported
88.3,Function,+,furi_hal_bt_dump_state,0x0a106779,void furi_hal_bt_dump_state(FuriString*),targets/furi_hal_include/furi_hal_bt.h,supported
88.3,Function,+,furi_hal_bt_ensure_c2_mode,0x3f09664d,_Bool furi_hal_bt_ensure_c2_mode(BleGlueC2Mode),targets/furi_hal_include/furi_hal_bt.h,supported
88.3,Function,+,furi_hal_bt_extra_beacon_get_config,0xd06bda82,const GapExtraBeaconConfig* furi_hal_bt_extra_beacon_get_config(),targets/furi_hal_include/furi_hal_bt.h,supported
88.3,Function,+,furi_hal_bt_extra_beacon_get_data,0xbf8bd1a6,uint8_t furi_hal_bt_extra_beacon_get_data(uint8_t*),targets/furi_hal_include/furi_hal_bt.h,supported
88.3,Function,+,furi_hal_bt_extra_beacon_is_active,0x39b40924,_Bool furi_hal_bt_extra_beacon_is_active(),targets/furi_hal_include/furi_hal_bt.h,supported
88.3,Function,+,furi_hal_bt_extra_beacon_set_config,0x00eaa80e,_Bool furi_hal_bt_extra_beacon_set_config(const GapExtraBeaconConfig*),targets/furi_hal_include/furi_hal_bt.h,supported
88.3,Function,+,furi_hal_bt_extra_beacon_set_data,0xd2a1cc32,"_Bool furi_hal_bt_extra_beacon_set_data(const uint8_t*, uint8_t)",targets/furi_hal_include/furi_hal_bt.h,supported
88.3,Function,+,furi_hal_bt_extra_beacon_start,0x98b5951b,_Bool furi_hal_bt_extra_beacon_start(),targets/furi_hal_include/furi_hal_bt.h,supported
88.3,Function,+,furi_hal_bt_extra_beacon_stop,0x4a721d93,_Bool furi_hal_bt_extra_beacon_stop(),targets/furi_hal_include/furi_hal_bt.h,supported
88.3,Function,+,furi_hal_bt_get_key_storage_buff,0x2a7c31a1,"void furi_hal_bt_get_key_storage_buff(uint8_t**, uint16_t*)",targets/furi_hal_include/furi_hal_bt.h,supported
88.3,Function,+,furi_hal_bt_get_radio_stack,0x83d6b406,FuriHalBtStack furi_hal_bt_get_radio_stack(),targets/furi_hal_include/furi_hal_bt.h,supported
88.3,Function,+,furi_hal_bt_get_rssi,0xa82869a3,float furi_hal_bt_get_rssi(),targets/furi_hal_include/furi_hal_bt.h,supported
88.3,Function,+,furi_hal_bt_get_transmitted_packets,0x9cc15c5b,uint32_t furi_hal_bt_get_transmitted_packets(),targets/furi_hal_include/furi_hal_bt.h,supported
88.3,Function,-,furi_hal_bt_init,0x696e7ab7,void furi_hal_bt_init(),targets/furi_hal_include/furi_hal_bt.h,disabled
88.3,Function,+,furi_hal_bt_is_active,0x34dc6e1a,_Bool furi_hal_bt_is_active(),targets/furi_hal_include/furi_hal_bt.h,supported
88.3,Function,+,furi_hal_bt_is_alive,0x857fcd4f,_Bool furi_hal_bt_is_alive(),targets/furi_hal_include/furi_hal_bt.h,supported
88.3,Function,+,furi_hal_bt_is_gatt_gap_supported,0x70f81b4a,_Bool furi_hal_bt_is_gatt_gap_supported(),targets/furi_hal_include/furi_hal_bt.h,supported
88.3,Function,+,furi_hal_bt_is_testing_supported,0x470a6441,_Bool furi_hal_bt_is_testing_supported(),targets/furi_hal_include/furi_hal_bt.h,supported
88.3,Function,+,furi_hal_bt_lock_core2,0xb2e0ca26,void furi_hal_bt_lock_core2(),targets/furi_hal_include/furi_hal_bt.h,supported
88.3,Function,+,furi_hal_bt_nvm_sram_sem_acquire,0xfff7db93,void furi_hal_bt_nvm_sram_sem_acquire(),targets/furi_hal_include/furi_hal_bt.h,supported
88.3,Function,+,furi_hal_bt_nvm_sram_sem_release,0x20dcd32a,void furi_hal_bt_nvm_sram_sem_release(),targets/furi_hal_include/furi_hal_bt.h,supported
88.3,Function,+,furi_hal_bt_reinit,0x93538a0e,void furi_hal_bt_reinit(),targets/furi_hal_include/furi_hal_bt.h,supported
88.3,Function,+,furi_hal_bt_set_key_storage_change_callback,0xbe9a9c1c,"void furi_hal_bt_set_key_storage_change_callback(BleGlueKeyStorageChangedCallback, void*)",targets/furi_hal_include/furi_hal_bt.h,supported
88.3,Function,+,furi_hal_bt_start_advertising,0xba3c89f0,void furi_hal_bt_start_advertising(),targets/furi_hal_include/furi_hal_bt.h,supported
88.3,Function,+,furi_hal_bt_start_app,0x70bed311,"FuriHalBleProfileBase* furi_hal_bt_start_app(const FuriHalBleProfileTemplate*, FuriHalBleProfileParams, const GapRootSecurityKeys*, GapEventCallback, void*)",targets/furi_hal_include/furi_hal_bt.h,supported
88.3,Function,+,furi_hal_bt_start_packet_rx,0xf7a61151,"void furi_hal_bt_start_packet_rx(uint8_t, uint8_t)",targets/furi_hal_include/furi_hal_bt.h,supported
88.3,Function,+,furi_hal_bt_start_packet_tx,0xf7a61193,"void furi_hal_bt_start_packet_tx(uint8_t, uint8_t, uint8_t)",targets/furi_hal_include/furi_hal_bt.h,supported
88.3,Function,+,furi_hal_bt_start_radio_stack,0xf25693d4,_Bool furi_hal_bt_start_radio_stack(),targets/furi_hal_include/furi_hal_bt.h,supported
88.3,Function,+,furi_hal_bt_start_rx,0x12ee84ba,void furi_hal_bt_start_rx(uint8_t),targets/furi_hal_include/furi_hal_bt.h,supported
88.3,Function,+,furi_hal_bt_start_tone_tx,0x3f762211,"void furi_hal_bt_start_tone_tx(uint8_t, uint8_t)",targets/furi_hal_include/furi_hal_bt.h,supported
88.3,Function,+,furi_hal_bt_stop_advertising,0x0542ffa8,void furi_hal_bt_stop_advertising(),targets/furi_hal_include/furi_hal_bt.h,supported
88.3,Function,+,furi_hal_bt_stop_packet_test,0xc476f67f,uint16_t furi_hal_bt_stop_packet_test(),targets/furi_hal_include/furi_hal_bt.h,supported
88.3,Function,+,furi_hal_bt_stop_rx,0x6e29eb72,void furi_hal_bt_stop_rx(),targets/furi_hal_include/furi_hal_bt.h,supported
88.3,Function,+,furi_hal_bt_stop_tone_tx,0x72f67bc9,void furi_hal_bt_stop_tone_tx(),targets/furi_hal_include/furi_hal_bt.h,supported
88.3,Function,+,furi_hal_bt_unlock_core2,0x0a3c3629,void furi_hal_bt_unlock_core2(),targets/furi_hal_include/furi_hal_bt.h,supported
88.3,Function,+,furi_hal_bt_update_battery_level,0x4f763d17,void furi_hal_bt_update_battery_level(uint8_t),targets/furi_hal_include/furi_hal_bt.h,supported
88.3,Function,+,furi_hal_bt_update_power_state,0xfdfb9732,void furi_hal_bt_update_power_state(_Bool),targets/furi_hal_include/furi_hal_bt.h,supported
88.3,Function,+,furi_hal_bus_deinit_early,0x8be39990,void furi_hal_bus_deinit_early(),targets/f7/furi_hal/furi_hal_bus.h,supported
88.3,Function,+,furi_hal_bus_disable,0xfe9a7a8b,void furi_hal_bus_disable(FuriHalBus),targets/f7/furi_hal/furi_hal_bus.h,supported
88.3,Function,+,furi_hal_bus_enable,0x3126973e,void furi_hal_bus_enable(FuriHalBus),targets/f7/furi_hal/furi_hal_bus.h;targets/f7/furi_hal/furi_hal_idle_timer.h,supported
88.3,Function,+,furi_hal_bus_init_early,0xc2b14b47,void furi_hal_bus_init_early(),targets/f7/furi_hal/furi_hal_bus.h,supported
88.3,Function,+,furi_hal_bus_is_enabled,0x6e99117d,_Bool furi_hal_bus_is_enabled(FuriHalBus),targets/f7/furi_hal/furi_hal_bus.h,supported
88.3,Function,+,furi_hal_bus_reset,0x57b93bda,void furi_hal_bus_reset(FuriHalBus),targets/f7/furi_hal/furi_hal_bus.h;targets/f7/furi_hal/furi_hal_idle_timer.h,supported
88.3,Function,+,furi_hal_cdc_get_ctrl_line_state,0xf505a5b2,uint8_t furi_hal_cdc_get_ctrl_line_state(uint8_t),targets/f7/furi_hal/furi_hal_usb_cdc.h,supported
88.3,Function,+,furi_hal_cdc_get_port_settings,0xde29052b,usb_cdc_line_coding* furi_hal_cdc_get_port_settings(uint8_t),targets/f7/furi_hal/furi_hal_usb_cdc.h,supported
88.3,Function,+,furi_hal_cdc_receive,0x22b7f51a,"int32_t furi_hal_cdc_receive(uint8_t, uint8_t*, uint16_t)",targets/f7/furi_hal/furi_hal_usb_cdc.h,supported
88.3,Function,+,furi_hal_cdc_send,0xbc7e3461,"void furi_hal_cdc_send(uint8_t, uint8_t*, uint16_t)",targets/f7/furi_hal/furi_hal_usb_cdc.h,supported
88.3,Function,+,furi_hal_cdc_set_callbacks,0x716582e2,"void furi_hal_cdc_set_callbacks(uint8_t, CdcCallbacks*, void*)",targets/f7/furi_hal/furi_hal_usb_cdc.h,supported
88.3,Function,-,furi_hal_clock_deinit_early,0x4e204812,void furi_hal_clock_deinit_early(),targets/f7/furi_hal/furi_hal_clock.h,disabled
88.3,Function,-,furi_hal_clock_init,0xaca6e8cd,void furi_hal_clock_init(),targets/f7/furi_hal/furi_hal_clock.h,disabled
88.3,Function,-,furi_hal_clock_init_early,0x618c7149,void furi_hal_clock_init_early(),targets/f7/furi_hal/furi_hal_clock.h,disabled
88.3,Function,+,furi_hal_clock_mco_disable,0x61116fab,void furi_hal_clock_mco_disable(),targets/f7/furi_hal/furi_hal_clock.h,supported
88.3,Function,+,furi_hal_clock_mco_enable,0xb803685e,"void furi_hal_clock_mco_enable(FuriHalClockMcoSourceId, FuriHalClockMcoDivisorId)",targets/f7/furi_hal/furi_hal_clock.h,supported
88.3,Function,-,furi_hal_clock_resume_tick,0xcda84994,void furi_hal_clock_resume_tick(),targets/f7/furi_hal/furi_hal_clock.h,disabled
88.3,Function,-,furi_hal_clock_suspend_tick,0x1ff35de5,void furi_hal_clock_suspend_tick(),targets/f7/furi_hal/furi_hal_clock.h,disabled
88.3,Function,-,furi_hal_clock_switch_hse2hsi,0x06bc78c0,void furi_hal_clock_switch_hse2hsi(),targets/f7/furi_hal/furi_hal_clock.h,disabled
88.3,Function,-,furi_hal_clock_switch_hse2pll,0x06bc99e4,_Bool furi_hal_clock_switch_hse2pll(),targets/f7/furi_hal/furi_hal_clock.h,disabled
88.3,Function,-,furi_hal_clock_switch_hsi2hse,0x0704dac0,void furi_hal_clock_switch_hsi2hse(),targets/f7/furi_hal/furi_hal_clock.h,disabled
88.3,Function,-,furi_hal_clock_switch_pll2hse,0x5eb8ede4,_Bool furi_hal_clock_switch_pll2hse(),targets/f7/furi_hal/furi_hal_clock.h,disabled
88.3,Function,+,furi_hal_cortex_comp_enable,0x38025837,"void furi_hal_cortex_comp_enable(FuriHalCortexComp, FuriHalCortexCompFunction, uint32_t, uint32_t, FuriHalCortexCompSize)",targets/furi_hal_include/furi_hal_cortex.h,supported
88.3,Function,+,furi_hal_cortex_comp_reset,0x6f3441b3,void furi_hal_cortex_comp_reset(FuriHalCortexComp),targets/furi_hal_include/furi_hal_cortex.h,supported
88.3,Function,+,furi_hal_cortex_delay_us,0xad6aadf8,void furi_hal_cortex_delay_us(uint32_t),targets/furi_hal_include/furi_hal_cortex.h,supported
88.3,Function,-,furi_hal_cortex_init_early,0x94eb6392,void furi_hal_cortex_init_early(),targets/furi_hal_include/furi_hal_cortex.h,disabled
88.3,Function,+,furi_hal_cortex_instructions_per_microsecond,0xf9f3bb32,uint32_t furi_hal_cortex_instructions_per_microsecond(),targets/furi_hal_include/furi_hal_cortex.h,supported
88.3,Function,+,furi_hal_cortex_timer_get,0xa95ec762,FuriHalCortexTimer furi_hal_cortex_timer_get(uint32_t),targets/furi_hal_include/furi_hal_cortex.h,supported
88.3,Function,+,furi_hal_cortex_timer_is_expired,0xd594812e,_Bool furi_hal_cortex_timer_is_expired(FuriHalCortexTimer),targets/furi_hal_include/furi_hal_cortex.h,supported
88.3,Function,+,furi_hal_cortex_timer_wait,0xd54067b7,void furi_hal_cortex_timer_wait(FuriHalCortexTimer),targets/furi_hal_include/furi_hal_cortex.h,supported
88.3,Function,+,furi_hal_crypto_ctr,0xa0f341f7,"_Bool furi_hal_crypto_ctr(const uint8_t*, const uint8_t*, const uint8_t*, uint8_t*, size_t)",targets/furi_hal_include/furi_hal_crypto.h,supported
88.3,Function,+,furi_hal_crypto_decrypt,0xb54f6609,"_Bool furi_hal_crypto_decrypt(const uint8_t*, uint8_t*, size_t)",targets/furi_hal_include/furi_hal_crypto.h,supported
88.3,Function,+,furi_hal_crypto_enclave_ensure_key,0x4df7f165,_Bool furi_hal_crypto_enclave_ensure_key(uint8_t),targets/furi_hal_include/furi_hal_crypto.h,supported
88.3,Function,+,furi_hal_crypto_enclave_load_key,0xe29c0053,"_Bool furi_hal_crypto_enclave_load_key(uint8_t, const uint8_t*)",targets/furi_hal_include/furi_hal_crypto.h,supported
88.3,Function,+,furi_hal_crypto_enclave_store_key,0x5989eb60,"_Bool furi_hal_crypto_enclave_store_key(FuriHalCryptoKey*, uint8_t*)",targets/furi_hal_include/furi_hal_crypto.h,supported
88.3,Function,+,furi_hal_crypto_enclave_unload_key,0x233cf996,_Bool furi_hal_crypto_enclave_unload_key(uint8_t),targets/furi_hal_include/furi_hal_crypto.h,supported
88.3,Function,+,furi_hal_crypto_enclave_verify,0x628f4380,"_Bool furi_hal_crypto_enclave_verify(uint8_t*, uint8_t*)",targets/furi_hal_include/furi_hal_crypto.h,supported
88.3,Function,+,furi_hal_crypto_encrypt,0x17481073,"_Bool furi_hal_crypto_encrypt(const uint8_t*, uint8_t*, size_t)",targets/furi_hal_include/furi_hal_crypto.h,supported
88.3,Function,+,furi_hal_crypto_gcm,0xa0f350c5,"_Bool furi_hal_crypto_gcm(const uint8_t*, const uint8_t*, const uint8_t*, size_t, const uint8_t*, uint8_t*, size_t, uint8_t*, _Bool)",targets/furi_hal_include/furi_hal_crypto.h,supported
88.3,Function,+,furi_hal_crypto_gcm_decrypt_and_verify,0xf00ae4a5,"FuriHalCryptoGCMState furi_hal_crypto_gcm_decrypt_and_verify(const uint8_t*, const uint8_t*, const uint8_t*, size_t, const uint8_t*, uint8_t*, size_t, const uint8_t*)",targets/furi_hal_include/furi_hal_crypto.h,supported
88.3,Function,+,furi_hal_crypto_gcm_encrypt_and_tag,0x9ad118d6,"FuriHalCryptoGCMState furi_hal_crypto_gcm_encrypt_and_tag(const uint8_t*, const uint8_t*, const uint8_t*, size_t, const uint8_t*, uint8_t*, size_t, uint8_t*)",targets/furi_hal_include/furi_hal_crypto.h,supported
88.3,Function,-,furi_hal_crypto_init,0xbf5eb0e2,void furi_hal_crypto_init(),targets/furi_hal_include/furi_hal_crypto.h,disabled
88.3,Function,+,furi_hal_crypto_load_key,0xbd5b2cd6,"_Bool furi_hal_crypto_load_key(const uint8_t*, const uint8_t*)",targets/furi_hal_include/furi_hal_crypto.h,supported
88.3,Function,+,furi_hal_crypto_unload_key,0xaa7952d9,_Bool furi_hal_crypto_unload_key(),targets/furi_hal_include/furi_hal_crypto.h,supported
88.3,Function,+,furi_hal_debug_disable,0xd07c47a8,void furi_hal_debug_disable(),targets/furi_hal_include/furi_hal_debug.h,supported
88.3,Function,+,furi_hal_debug_enable,0x3f44b4bb,void furi_hal_debug_enable(),targets/furi_hal_include/furi_hal_debug.h,supported
88.3,Function,+,furi_hal_debug_is_gdb_session_active,0x17449dba,_Bool furi_hal_debug_is_gdb_session_active(),targets/furi_hal_include/furi_hal_debug.h,supported
88.3,Function,-,furi_hal_deinit_early,0x4690af07,void furi_hal_deinit_early(),targets/furi_hal_include/furi_hal.h,disabled
88.3,Function,+,furi_hal_dma_deinit_early,0x5f8e69f8,void furi_hal_dma_deinit_early(),targets/f7/furi_hal/furi_hal_dma.h,supported
88.3,Function,+,furi_hal_dma_init_early,0x4d1ce1af,void furi_hal_dma_init_early(),targets/f7/furi_hal/furi_hal_dma.h,supported
88.3,Function,-,furi_hal_flash_erase,0x4fb439ab,void furi_hal_flash_erase(uint8_t),targets/f7/furi_hal/furi_hal_flash.h,disabled
88.3,Function,-,furi_hal_flash_get_base,0xdd8a1255,size_t furi_hal_flash_get_base(),targets/f7/furi_hal/furi_hal_flash.h,disabled
88.3,Function,-,furi_hal_flash_get_cycles_count,0x846aab45,size_t furi_hal_flash_get_cycles_count(),targets/f7/furi_hal/furi_hal_flash.h,disabled
88.3,Function,-,furi_hal_flash_get_free_end_address,0x1db15497,const void* furi_hal_flash_get_free_end_address(),targets/f7/furi_hal/furi_hal_flash.h,disabled
88.3,Function,-,furi_hal_flash_get_free_page_count,0x4d147680,size_t furi_hal_flash_get_free_page_count(),targets/f7/furi_hal/furi_hal_flash.h,disabled
88.3,Function,-,furi_hal_flash_get_free_page_start_address,0x12d532ea,size_t furi_hal_flash_get_free_page_start_address(),targets/f7/furi_hal/furi_hal_flash.h,disabled
88.3,Function,-,furi_hal_flash_get_free_start_address,0x893babce,const void* furi_hal_flash_get_free_start_address(),targets/f7/furi_hal/furi_hal_flash.h,disabled
88.3,Function,-,furi_hal_flash_get_page_number,0x8050c59f,int16_t furi_hal_flash_get_page_number(size_t),targets/f7/furi_hal/furi_hal_flash.h,disabled
88.3,Function,-,furi_hal_flash_get_page_size,0x70f71ab1,size_t furi_hal_flash_get_page_size(),targets/f7/furi_hal/furi_hal_flash.h,disabled
88.3,Function,-,furi_hal_flash_get_read_block_size,0x3051c93a,size_t furi_hal_flash_get_read_block_size(),targets/f7/furi_hal/furi_hal_flash.h,disabled
88.3,Function,-,furi_hal_flash_get_write_block_size,0x67c40089,size_t furi_hal_flash_get_write_block_size(),targets/f7/furi_hal/furi_hal_flash.h,disabled
88.3,Function,-,furi_hal_flash_init,0x95d14a0f,void furi_hal_flash_init(),targets/f7/furi_hal/furi_hal_flash.h,disabled
88.3,Function,-,furi_hal_flash_ob_apply,0x27d9cb31,void furi_hal_flash_ob_apply(),targets/f7/furi_hal/furi_hal_flash.h,disabled
88.3,Function,-,furi_hal_flash_ob_get_raw_ptr,0xa709c729,const FuriHalFlashRawOptionByteData* furi_hal_flash_ob_get_raw_ptr(),targets/f7/furi_hal/furi_hal_flash.h,disabled
88.3,Function,-,furi_hal_flash_ob_set_word,0x8aef5792,"_Bool furi_hal_flash_ob_set_word(size_t, const uint32_t)",targets/f7/furi_hal/furi_hal_flash.h,disabled
88.3,Function,-,furi_hal_flash_program_page,0xa2283fef,"void furi_hal_flash_program_page(const uint8_t, const uint8_t*, uint16_t)",targets/f7/furi_hal/furi_hal_flash.h,disabled
88.3,Function,-,furi_hal_flash_write_dword,0x3efa77e5,"void furi_hal_flash_write_dword(size_t, uint64_t)",targets/f7/furi_hal/furi_hal_flash.h,disabled
88.3,Function,+,furi_hal_gpio_add_int_callback,0x5b1f405b,"void furi_hal_gpio_add_int_callback(const GpioPin*, GpioExtiCallback, void*)",targets/f7/furi_hal/furi_hal_gpio.h,supported
88.3,Function,+,furi_hal_gpio_disable_int_callback,0x5f16f1a6,void furi_hal_gpio_disable_int_callback(const GpioPin*),targets/f7/furi_hal/furi_hal_gpio.h,supported
88.3,Function,+,furi_hal_gpio_enable_int_callback,0xf21c7099,void furi_hal_gpio_enable_int_callback(const GpioPin*),targets/f7/furi_hal/furi_hal_gpio.h,supported
88.3,Function,+,furi_hal_gpio_init,0x2314be30,"void furi_hal_gpio_init(const GpioPin*, const GpioMode, const GpioPull, const GpioSpeed)",targets/f7/furi_hal/furi_hal_gpio.h;targets/furi_hal_include/furi_hal_adc.h,supported
88.3,Function,+,furi_hal_gpio_init_ex,0xa2dff1cc,"void furi_hal_gpio_init_ex(const GpioPin*, const GpioMode, const GpioPull, const GpioSpeed, const GpioAltFn)",targets/f7/furi_hal/furi_hal_gpio.h,supported
88.3,Function,+,furi_hal_gpio_init_simple,0x31b27119,"void furi_hal_gpio_init_simple(const GpioPin*, const GpioMode)",targets/f7/furi_hal/furi_hal_gpio.h,supported
88.3,Function,+,furi_hal_gpio_remove_int_callback,0x70203cc0,void furi_hal_gpio_remove_int_callback(const GpioPin*),targets/f7/furi_hal/furi_hal_gpio.h,supported
88.3,Function,+,furi_hal_hid_consumer_key_press,0x6d813a22,_Bool furi_hal_hid_consumer_key_press(uint16_t),targets/furi_hal_include/furi_hal_usb_hid.h,supported
88.3,Function,+,furi_hal_hid_consumer_key_release,0x4ed074d6,_Bool furi_hal_hid_consumer_key_release(uint16_t),targets/furi_hal_include/furi_hal_usb_hid.h,supported
88.3,Function,+,furi_hal_hid_consumer_key_release_all,0x7940b2ce,_Bool furi_hal_hid_consumer_key_release_all(),targets/furi_hal_include/furi_hal_usb_hid.h,supported
88.3,Function,+,furi_hal_hid_get_led_state,0xbc0400b6,uint8_t furi_hal_hid_get_led_state(),targets/furi_hal_include/furi_hal_usb_hid.h,supported
88.3,Function,+,furi_hal_hid_is_connected,0xa9c23ff0,_Bool furi_hal_hid_is_connected(),targets/furi_hal_include/furi_hal_usb_hid.h,supported
88.3,Function,+,furi_hal_hid_kb_press,0xa80d129b,_Bool furi_hal_hid_kb_press(uint16_t),targets/furi_hal_include/furi_hal_usb_hid.h,supported
88.3,Function,+,furi_hal_hid_kb_release,0x5bb44f8f,_Bool furi_hal_hid_kb_release(uint16_t),targets/furi_hal_include/furi_hal_usb_hid.h,supported
88.3,Function,+,furi_hal_hid_kb_release_all,0xb5954207,_Bool furi_hal_hid_kb_release_all(),targets/furi_hal_include/furi_hal_usb_hid.h,supported
88.3,Function,+,furi_hal_hid_mouse_move,0xe7d71761,"_Bool furi_hal_hid_mouse_move(int8_t, int8_t)",targets/furi_hal_include/furi_hal_usb_hid.h,supported
88.3,Function,+,furi_hal_hid_mouse_press,0xe2f1ac17,_Bool furi_hal_hid_mouse_press(uint8_t),targets/furi_hal_include/furi_hal_usb_hid.h,supported
88.3,Function,+,furi_hal_hid_mouse_release,0xe225380b,_Bool furi_hal_hid_mouse_release(uint8_t),targets/furi_hal_include/furi_hal_usb_hid.h,supported
88.3,Function,+,furi_hal_hid_mouse_scroll,0x471e48b9,_Bool furi_hal_hid_mouse_scroll(int8_t),targets/furi_hal_include/furi_hal_usb_hid.h,supported
88.3,Function,+,furi_hal_hid_set_state_callback,0xc682307a,"void furi_hal_hid_set_state_callback(HidStateCallback, void*)",targets/furi_hal_include/furi_hal_usb_hid.h,supported
88.3,Function,+,furi_hal_hid_u2f_get_request,0xd41311f6,uint32_t furi_hal_hid_u2f_get_request(uint8_t*),targets/furi_hal_include/furi_hal_usb_hid_u2f.h,supported
88.3,Function,+,furi_hal_hid_u2f_is_connected,0x68665d7c,_Bool furi_hal_hid_u2f_is_connected(),targets/furi_hal_include/furi_hal_usb_hid_u2f.h,supported
88.3,Function,+,furi_hal_hid_u2f_send_response,0x8c178366,"void furi_hal_hid_u2f_send_response(uint8_t*, uint8_t)",targets/furi_hal_include/furi_hal_usb_hid_u2f.h,supported
88.3,Function,+,furi_hal_hid_u2f_set_callback,0x89caa9e6,"void furi_hal_hid_u2f_set_callback(HidU2fCallback, void*)",targets/furi_hal_include/furi_hal_usb_hid_u2f.h,supported
88.3,Function,+,furi_hal_i2c_acquire,0x58919eb5,void furi_hal_i2c_acquire(const FuriHalI2cBusHandle*),targets/furi_hal_include/furi_hal_i2c.h,supported
88.3,Function,-,furi_hal_i2c_deinit_early,0x71a24f24,void furi_hal_i2c_deinit_early(),targets/furi_hal_include/furi_hal_i2c.h,disabled
88.3,Function,-,furi_hal_i2c_init,0x3d23fddf,void furi_hal_i2c_init(),targets/furi_hal_include/furi_hal_i2c.h,disabled
88.3,Function,-,furi_hal_i2c_init_early,0x8c5d8bdb,void furi_hal_i2c_init_early(),targets/furi_hal_include/furi_hal_i2c.h,disabled
88.3,Function,+,furi_hal_i2c_is_device_ready,0xeb6d356a,"_Bool furi_hal_i2c_is_device_ready(const FuriHalI2cBusHandle*, uint8_t, uint32_t)",targets/furi_hal_include/furi_hal_i2c.h,supported
88.3,Function,+,furi_hal_i2c_read_mem,0x8e8d5685,"_Bool furi_hal_i2c_read_mem(const FuriHalI2cBusHandle*, uint8_t, uint8_t, uint8_t*, size_t, uint32_t)",targets/furi_hal_include/furi_hal_i2c.h,supported
88.3,Function,+,furi_hal_i2c_read_reg_16,0x5a869fea,"_Bool furi_hal_i2c_read_reg_16(const FuriHalI2cBusHandle*, uint8_t, uint8_t, uint16_t*, uint32_t)",targets/furi_hal_include/furi_hal_i2c.h,supported
88.3,Function,+,furi_hal_i2c_read_reg_8,0x6797793b,"_Bool furi_hal_i2c_read_reg_8(const FuriHalI2cBusHandle*, uint8_t, uint8_t, uint8_t*, uint32_t)",targets/furi_hal_include/furi_hal_i2c.h,supported
88.3,Function,+,furi_hal_i2c_release,0x7976964c,void furi_hal_i2c_release(const FuriHalI2cBusHandle*),targets/furi_hal_include/furi_hal_i2c.h,supported
88.3,Function,+,furi_hal_i2c_rx,0xa2429095,"_Bool furi_hal_i2c_rx(const FuriHalI2cBusHandle*, uint8_t, uint8_t*, size_t, uint32_t)",targets/furi_hal_include/furi_hal_i2c.h,supported
88.3,Function,+,furi_hal_i2c_rx_ext,0x2bc8a8a5,"_Bool furi_hal_i2c_rx_ext(const FuriHalI2cBusHandle*, uint16_t, _Bool, uint8_t*, size_t, FuriHalI2cBegin, FuriHalI2cEnd, uint32_t)",targets/furi_hal_include/furi_hal_i2c.h,supported
88.3,Function,+,furi_hal_i2c_trx,0xea94ab69,"_Bool furi_hal_i2c_trx(const FuriHalI2cBusHandle*, uint8_t, const uint8_t*, size_t, uint8_t*, size_t, uint32_t)",targets/furi_hal_include/furi_hal_i2c.h,supported
88.3,Function,+,furi_hal_i2c_tx,0xa24290d7,"_Bool furi_hal_i2c_tx(const FuriHalI2cBusHandle*, uint8_t, const uint8_t*, size_t, uint32_t)",targets/furi_hal_include/furi_hal_i2c.h,supported
88.3,Function,+,furi_hal_i2c_tx_ext,0x3072f9e7,"_Bool furi_hal_i2c_tx_ext(const FuriHalI2cBusHandle*, uint16_t, _Bool, const uint8_t*, size_t, FuriHalI2cBegin, FuriHalI2cEnd, uint32_t)",targets/furi_hal_include/furi_hal_i2c.h,supported
88.3,Function,+,furi_hal_i2c_write_mem,0x3387a2d4,"_Bool furi_hal_i2c_write_mem(const FuriHalI2cBusHandle*, uint8_t, uint8_t, const uint8_t*, size_t, uint32_t)",targets/furi_hal_include/furi_hal_i2c.h,supported
88.3,Function,+,furi_hal_i2c_write_reg_16,0xbf18bdd9,"_Bool furi_hal_i2c_write_reg_16(const FuriHalI2cBusHandle*, uint8_t, uint8_t, uint16_t, uint32_t)",targets/furi_hal_include/furi_hal_i2c.h,supported
88.3,Function,+,furi_hal_i2c_write_reg_8,0x3456154a,"_Bool furi_hal_i2c_write_reg_8(const FuriHalI2cBusHandle*, uint8_t, uint8_t, uint8_t, uint32_t)",targets/furi_hal_include/furi_hal_i2c.h,supported
88.3,Function,+,furi_hal_ibutton_emulate_set_next,0xfddbd4c8,void furi_hal_ibutton_emulate_set_next(uint32_t),targets/f7/furi_hal/furi_hal_ibutton.h,supported
88.3,Function,+,furi_hal_ibutton_emulate_start,0x87c375ec,"void furi_hal_ibutton_emulate_start(uint32_t, FuriHalIbuttonEmulateCallback, void*)",targets/f7/furi_hal/furi_hal_ibutton.h,supported
88.3,Function,+,furi_hal_ibutton_emulate_stop,0x49eea844,void furi_hal_ibutton_emulate_stop(),targets/f7/furi_hal/furi_hal_ibutton.h,supported
88.3,Function,-,furi_hal_ibutton_init,0x5f2aeba6,void furi_hal_ibutton_init(),targets/f7/furi_hal/furi_hal_ibutton.h,disabled
88.3,Function,+,furi_hal_ibutton_pin_configure,0x630d4d5a,void furi_hal_ibutton_pin_configure(),targets/f7/furi_hal/furi_hal_ibutton.h,supported
88.3,Function,+,furi_hal_ibutton_pin_reset,0x033b2efb,void furi_hal_ibutton_pin_reset(),targets/f7/furi_hal/furi_hal_ibutton.h,supported
88.3,Function,+,furi_hal_ibutton_pin_write,0x039ca1c3,void furi_hal_ibutton_pin_write(const _Bool),targets/f7/furi_hal/furi_hal_ibutton.h,supported
88.3,Function,+,furi_hal_info_get,0x4fe5a2f9,"void furi_hal_info_get(PropertyValueCallback, char, void*)",targets/furi_hal_include/furi_hal_info.h,supported
88.3,Function,+,furi_hal_info_get_api_version,0x00a1db57,"void furi_hal_info_get_api_version(uint16_t*, uint16_t*)",targets/furi_hal_include/furi_hal_info.h,supported
88.3,Function,+,furi_hal_infrared_async_rx_set_capture_isr_callback,0xbf4464b6,"void furi_hal_infrared_async_rx_set_capture_isr_callback(FuriHalInfraredRxCaptureCallback, void*)",targets/furi_hal_include/furi_hal_infrared.h,supported
88.3,Function,+,furi_hal_infrared_async_rx_set_timeout,0x08f051d0,void furi_hal_infrared_async_rx_set_timeout(uint32_t),targets/furi_hal_include/furi_hal_infrared.h,supported
88.3,Function,+,furi_hal_infrared_async_rx_set_timeout_isr_callback,0x8905cd29,"void furi_hal_infrared_async_rx_set_timeout_isr_callback(FuriHalInfraredRxTimeoutCallback, void*)",targets/furi_hal_include/furi_hal_infrared.h,supported
88.3,Function,+,furi_hal_infrared_async_rx_start,0x2efe386c,void furi_hal_infrared_async_rx_start(),targets/furi_hal_include/furi_hal_infrared.h,supported
88.3,Function,+,furi_hal_infrared_async_rx_stop,0xbb9b1ac4,void furi_hal_infrared_async_rx_stop(),targets/furi_hal_include/furi_hal_infrared.h,supported
88.3,Function,+,furi_hal_infrared_async_tx_set_data_isr_callback,0x0a55a9de,"void furi_hal_infrared_async_tx_set_data_isr_callback(FuriHalInfraredTxGetDataISRCallback, void*)",targets/furi_hal_include/furi_hal_infrared.h,supported
88.3,Function,+,furi_hal_infrared_async_tx_set_signal_sent_isr_callback,0x526f3c5b,"void furi_hal_infrared_async_tx_set_signal_sent_isr_callback(FuriHalInfraredTxSignalSentISRCallback, void*)",targets/furi_hal_include/furi_hal_infrared.h,supported
88.3,Function,+,furi_hal_infrared_async_tx_start,0x0781e22e,"void furi_hal_infrared_async_tx_start(uint32_t, float)",targets/furi_hal_include/furi_hal_infrared.h,supported
88.3,Function,+,furi_hal_infrared_async_tx_stop,0x558f9446,void furi_hal_infrared_async_tx_stop(),targets/furi_hal_include/furi_hal_infrared.h,supported
88.3,Function,+,furi_hal_infrared_async_tx_wait_termination,0xf8527efe,void furi_hal_infrared_async_tx_wait_termination(),targets/furi_hal_include/furi_hal_infrared.h,supported
88.3,Function,+,furi_hal_infrared_detect_tx_output,0x020f94cc,FuriHalInfraredTxPin furi_hal_infrared_detect_tx_output(),targets/furi_hal_include/furi_hal_infrared.h,supported
88.3,Function,+,furi_hal_infrared_is_busy,0x86eb1df6,_Bool furi_hal_infrared_is_busy(),targets/furi_hal_include/furi_hal_infrared.h,supported
88.3,Function,+,furi_hal_infrared_set_tx_output,0xd03b919f,void furi_hal_infrared_set_tx_output(FuriHalInfraredTxPin),targets/furi_hal_include/furi_hal_infrared.h,supported
88.3,Function,-,furi_hal_init,0xda4e2ac2,void furi_hal_init(),targets/furi_hal_include/furi_hal.h,disabled
88.3,Function,-,furi_hal_init_early,0x255c96fe,void furi_hal_init_early(),targets/furi_hal_include/furi_hal.h,disabled
88.3,Function,+,furi_hal_interrupt_get_name,0x3878b61a,const char* furi_hal_interrupt_get_name(uint8_t),targets/f7/furi_hal/furi_hal_interrupt.h,supported
88.3,Function,+,furi_hal_interrupt_get_time_in_isr_total,0x27aa6b4e,uint32_t furi_hal_interrupt_get_time_in_isr_total(),targets/f7/furi_hal/furi_hal_interrupt.h,supported
88.3,Function,-,furi_hal_interrupt_init,0x8d0b328e,void furi_hal_interrupt_init(),targets/f7/furi_hal/furi_hal_interrupt.h,disabled
88.3,Function,+,furi_hal_interrupt_set_isr,0x7e691933,"void furi_hal_interrupt_set_isr(FuriHalInterruptId, FuriHalInterruptISR, void*)",targets/f7/furi_hal/furi_hal_interrupt.h,supported
88.3,Function,+,furi_hal_interrupt_set_isr_ex,0x5f9c11ef,"void furi_hal_interrupt_set_isr_ex(FuriHalInterruptId, FuriHalInterruptPriority, FuriHalInterruptISR, void*)",targets/f7/furi_hal/furi_hal_interrupt.h,supported
88.3,Function,+,furi_hal_light_blink_set_color,0xb149e3de,void furi_hal_light_blink_set_color(Light),targets/furi_hal_include/furi_hal_light.h,supported
88.3,Function,+,furi_hal_light_blink_start,0xc85a9602,"void furi_hal_light_blink_start(Light, uint8_t, uint16_t, uint16_t)",targets/furi_hal_include/furi_hal_light.h,supported
88.3,Function,+,furi_hal_light_blink_stop,0x99771d9a,void furi_hal_light_blink_stop(),targets/furi_hal_include/furi_hal_light.h,supported
88.3,Function,-,furi_hal_light_init,0xa763a659,void furi_hal_light_init(),targets/furi_hal_include/furi_hal_light.h,disabled
88.3,Function,+,furi_hal_light_sequence,0xfbcbf9be,void furi_hal_light_sequence(const char*),targets/furi_hal_include/furi_hal_light.h,supported
88.3,Function,+,furi_hal_light_set,0x4ae426b1,"void furi_hal_light_set(Light, uint8_t)",targets/furi_hal_include/furi_hal_light.h,supported
88.3,Function,+,furi_hal_memory_alloc,0x52b6e591,void* furi_hal_memory_alloc(size_t),targets/furi_hal_include/furi_hal_memory.h,supported
88.3,Function,+,furi_hal_memory_get_free,0xdd16f067,size_t furi_hal_memory_get_free(),targets/furi_hal_include/furi_hal_memory.h,supported
88.3,Function,+,furi_hal_memory_init,0xdbbc629a,void furi_hal_memory_init(),targets/furi_hal_include/furi_hal_memory.h,supported
88.3,Function,+,furi_hal_memory_max_pool_block,0x562ef0af,size_t furi_hal_memory_max_pool_block(),targets/furi_hal_include/furi_hal_memory.h,supported
88.3,Function,+,furi_hal_mpu_disable,0x8e5a50b3,void furi_hal_mpu_disable(),targets/furi_hal_include/furi_hal_mpu.h,supported
88.3,Function,+,furi_hal_mpu_enable,0xefb04866,void furi_hal_mpu_enable(),targets/furi_hal_include/furi_hal_mpu.h,supported
88.3,Function,-,furi_hal_mpu_init,0xbcc2e373,void furi_hal_mpu_init(),targets/furi_hal_include/furi_hal_mpu.h,disabled
88.3,Function,+,furi_hal_mpu_protect_disable,0xba513313,void furi_hal_mpu_protect_disable(FuriHalMpuRegion),targets/furi_hal_include/furi_hal_mpu.h,supported
88.3,Function,+,furi_hal_mpu_protect_no_access,0xa652246d,"void furi_hal_mpu_protect_no_access(FuriHalMpuRegion, uint32_t, FuriHalMPURegionSize)",targets/furi_hal_include/furi_hal_mpu.h,supported
88.3,Function,+,furi_hal_mpu_protect_read_only,0xde63e2fc,"void furi_hal_mpu_protect_read_only(FuriHalMpuRegion, uint32_t, FuriHalMPURegionSize)",targets/furi_hal_include/furi_hal_mpu.h,supported
88.3,Function,+,furi_hal_nfc_abort,0x24d9ed9c,FuriHalNfcError furi_hal_nfc_abort(),targets/furi_hal_include/furi_hal_nfc.h,supported
88.3,Function,+,furi_hal_nfc_acquire,0xc586a3ae,FuriHalNfcError furi_hal_nfc_acquire(),targets/furi_hal_include/furi_hal_nfc.h,supported
88.3,Function,+,furi_hal_nfc_event_start,0x44b37e13,FuriHalNfcError furi_hal_nfc_event_start(),targets/furi_hal_include/furi_hal_nfc.h,supported
88.3,Function,+,furi_hal_nfc_event_stop,0x195ac78b,FuriHalNfcError furi_hal_nfc_event_stop(),targets/furi_hal_include/furi_hal_nfc.h,supported
88.3,Function,+,furi_hal_nfc_felica_listener_set_sensf_res_data,0xf71e4e38,"FuriHalNfcError furi_hal_nfc_felica_listener_set_sensf_res_data(const uint8_t*, const uint8_t, const uint8_t*, const uint8_t, const uint16_t)",targets/furi_hal_include/furi_hal_nfc.h,supported
88.3,Function,+,furi_hal_nfc_field_detect_start,0xd636700d,FuriHalNfcError furi_hal_nfc_field_detect_start(),targets/furi_hal_include/furi_hal_nfc.h,supported
88.3,Function,+,furi_hal_nfc_field_detect_stop,0xb8ea6245,FuriHalNfcError furi_hal_nfc_field_detect_stop(),targets/furi_hal_include/furi_hal_nfc.h,supported
88.3,Function,+,furi_hal_nfc_field_is_present,0x49e0d1e3,_Bool furi_hal_nfc_field_is_present(),targets/furi_hal_include/furi_hal_nfc.h,supported
88.3,Function,+,furi_hal_nfc_init,0x7d417d78,FuriHalNfcError furi_hal_nfc_init(),targets/furi_hal_include/furi_hal_nfc.h,supported
88.3,Function,+,furi_hal_nfc_is_hal_ready,0x6cb95c88,FuriHalNfcError furi_hal_nfc_is_hal_ready(),targets/furi_hal_include/furi_hal_nfc.h,supported
88.3,Function,+,furi_hal_nfc_iso14443a_listener_set_col_res_data,0x75d97e9f,"FuriHalNfcError furi_hal_nfc_iso14443a_listener_set_col_res_data(uint8_t*, uint8_t, uint8_t*, uint8_t)",targets/furi_hal_include/furi_hal_nfc.h,supported
88.3,Function,+,furi_hal_nfc_iso14443a_listener_tx_custom_parity,0x7e442632,"FuriHalNfcError furi_hal_nfc_iso14443a_listener_tx_custom_parity(const uint8_t*, const uint8_t*, size_t)",targets/furi_hal_include/furi_hal_nfc.h,supported
88.3,Function,+,furi_hal_nfc_iso14443a_poller_trx_short_frame,0x1324ca53,FuriHalNfcError furi_hal_nfc_iso14443a_poller_trx_short_frame(FuriHalNfcaShortFrame),targets/furi_hal_include/furi_hal_nfc.h,supported
88.3,Function,+,furi_hal_nfc_iso14443a_poller_tx_custom_parity,0x339f9b1a,"FuriHalNfcError furi_hal_nfc_iso14443a_poller_tx_custom_parity(const uint8_t*, size_t)",targets/furi_hal_include/furi_hal_nfc.h,supported
88.3,Function,+,furi_hal_nfc_iso14443a_rx_sdd_frame,0xd161b93d,"FuriHalNfcError furi_hal_nfc_iso14443a_rx_sdd_frame(uint8_t*, size_t, size_t*)",targets/furi_hal_include/furi_hal_nfc.h,supported
88.3,Function,+,furi_hal_nfc_iso14443a_tx_sdd_frame,0x334873ff,"FuriHalNfcError furi_hal_nfc_iso14443a_tx_sdd_frame(const uint8_t*, size_t)",targets/furi_hal_include/furi_hal_nfc.h,supported
88.3,Function,+,furi_hal_nfc_iso15693_listener_tx_sof,0xdf31d3ce,FuriHalNfcError furi_hal_nfc_iso15693_listener_tx_sof(),targets/furi_hal_include/furi_hal_nfc.h,supported
88.3,Function,+,furi_hal_nfc_listener_enable_rx,0x2a355ed9,FuriHalNfcError furi_hal_nfc_listener_enable_rx(),targets/furi_hal_include/furi_hal_nfc.h,supported
88.3,Function,+,furi_hal_nfc_listener_idle,0x1c2803e7,FuriHalNfcError furi_hal_nfc_listener_idle(),targets/furi_hal_include/furi_hal_nfc.h,supported
88.3,Function,+,furi_hal_nfc_listener_rx,0x3d619953,"FuriHalNfcError furi_hal_nfc_listener_rx(uint8_t*, size_t, size_t*)",targets/furi_hal_include/furi_hal_nfc.h,supported
88.3,Function,+,furi_hal_nfc_listener_sleep,0xa1e1bb82,FuriHalNfcError furi_hal_nfc_listener_sleep(),targets/furi_hal_include/furi_hal_nfc.h,supported
88.3,Function,+,furi_hal_nfc_listener_tx,0x3d619995,"FuriHalNfcError furi_hal_nfc_listener_tx(const uint8_t*, size_t)",targets/furi_hal_include/furi_hal_nfc.h,supported
88.3,Function,+,furi_hal_nfc_listener_wait_event,0x7cadf23f,FuriHalNfcEvent furi_hal_nfc_listener_wait_event(uint32_t),targets/furi_hal_include/furi_hal_nfc.h,supported
88.3,Function,+,furi_hal_nfc_low_power_mode_start,0x389f85b3,FuriHalNfcError furi_hal_nfc_low_power_mode_start(),targets/furi_hal_include/furi_hal_nfc.h,supported
88.3,Function,+,furi_hal_nfc_low_power_mode_stop,0x76145b2b,FuriHalNfcError furi_hal_nfc_low_power_mode_stop(),targets/furi_hal_include/furi_hal_nfc.h,supported
88.3,Function,+,furi_hal_nfc_poller_field_on,0x3ecb3411,FuriHalNfcError furi_hal_nfc_poller_field_on(),targets/furi_hal_include/furi_hal_nfc.h,supported
88.3,Function,+,furi_hal_nfc_poller_rx,0x91f4d6fb,"FuriHalNfcError furi_hal_nfc_poller_rx(uint8_t*, size_t, size_t*)",targets/furi_hal_include/furi_hal_nfc.h,supported
88.3,Function,+,furi_hal_nfc_poller_tx,0x91f4d73d,"FuriHalNfcError furi_hal_nfc_poller_tx(const uint8_t*, size_t)",targets/furi_hal_include/furi_hal_nfc.h,supported
88.3,Function,+,furi_hal_nfc_poller_wait_event,0xccd857e7,FuriHalNfcEvent furi_hal_nfc_poller_wait_event(uint32_t),targets/furi_hal_include/furi_hal_nfc.h,supported
88.3,Function,+,furi_hal_nfc_release,0xe66b9b45,FuriHalNfcError furi_hal_nfc_release(),targets/furi_hal_include/furi_hal_nfc.h,supported
88.3,Function,+,furi_hal_nfc_reset_mode,0xc86ac5ab,FuriHalNfcError furi_hal_nfc_reset_mode(),targets/furi_hal_include/furi_hal_nfc.h,supported
88.3,Function,+,furi_hal_nfc_set_mode,0xb2640e94,"FuriHalNfcError furi_hal_nfc_set_mode(FuriHalNfcMode, FuriHalNfcTech)",targets/furi_hal_include/furi_hal_nfc.h,supported
88.3,Function,+,furi_hal_nfc_timer_block_tx_is_running,0x43de0e35,_Bool furi_hal_nfc_timer_block_tx_is_running(),targets/furi_hal_include/furi_hal_nfc.h,supported
88.3,Function,+,furi_hal_nfc_timer_block_tx_start,0x79acdce7,void furi_hal_nfc_timer_block_tx_start(uint32_t),targets/furi_hal_include/furi_hal_nfc.h,supported
88.3,Function,+,furi_hal_nfc_timer_block_tx_start_us,0xa34fab2e,void furi_hal_nfc_timer_block_tx_start_us(uint32_t),targets/furi_hal_include/furi_hal_nfc.h,supported
88.3,Function,+,furi_hal_nfc_timer_block_tx_stop,0x2a799bdf,void furi_hal_nfc_timer_block_tx_stop(),targets/furi_hal_include/furi_hal_nfc.h,supported
88.3,Function,+,furi_hal_nfc_timer_fwt_start,0xfb1ad902,void furi_hal_nfc_timer_fwt_start(uint32_t),targets/furi_hal_include/furi_hal_nfc.h,supported
88.3,Function,+,furi_hal_nfc_timer_fwt_stop,0x83bb009a,void furi_hal_nfc_timer_fwt_stop(),targets/furi_hal_include/furi_hal_nfc.h,supported
88.3,Function,+,furi_hal_nfc_trx_reset,0xa6f85384,FuriHalNfcError furi_hal_nfc_trx_reset(),targets/furi_hal_include/furi_hal_nfc.h,supported
88.3,Function,-,furi_hal_os_init,0x4fce67e3,void furi_hal_os_init(),targets/f7/furi_hal/furi_hal_os.h,disabled
88.3,Function,+,furi_hal_os_tick,0x4fd459fa,void furi_hal_os_tick(),targets/f7/furi_hal/furi_hal_os.h,supported
88.3,Function,+,furi_hal_power_check_otg_fault,0x57d1dd5c,_Bool furi_hal_power_check_otg_fault(),targets/furi_hal_include/furi_hal_power.h,supported
88.3,Function,+,furi_hal_power_check_otg_status,0x71ad95a4,void furi_hal_power_check_otg_status(),targets/furi_hal_include/furi_hal_power.h,supported
88.3,Function,+,furi_hal_power_debug_get,0x686f3220,"void furi_hal_power_debug_get(PropertyValueCallback, void*)",targets/furi_hal_include/furi_hal_power.h,supported
88.3,Function,+,furi_hal_power_disable_external_3_3v,0x5165c16a,void furi_hal_power_disable_external_3_3v(),targets/furi_hal_include/furi_hal_power.h,supported
88.3,Function,+,furi_hal_power_disable_otg,0x3595bd57,void furi_hal_power_disable_otg(),targets/furi_hal_include/furi_hal_power.h,supported
88.3,Function,+,furi_hal_power_enable_external_3_3v,0x4d4076fd,void furi_hal_power_enable_external_3_3v(),targets/furi_hal_include/furi_hal_power.h,supported
88.3,Function,+,furi_hal_power_enable_otg,0xfbfdcf2a,_Bool furi_hal_power_enable_otg(),targets/furi_hal_include/furi_hal_power.h,supported
88.3,Function,+,furi_hal_power_gauge_is_ok,0xe0c9ee57,_Bool furi_hal_power_gauge_is_ok(),targets/furi_hal_include/furi_hal_power.h,supported
88.3,Function,+,furi_hal_power_get_bat_health_pct,0x30c51a8b,uint8_t furi_hal_power_get_bat_health_pct(),targets/furi_hal_include/furi_hal_power.h,supported
88.3,Function,+,furi_hal_power_get_battery_charge_voltage_limit,0x79bcd6ec,float furi_hal_power_get_battery_charge_voltage_limit(),targets/furi_hal_include/furi_hal_power.h,supported
88.3,Function,+,furi_hal_power_get_battery_current,0xe1331656,float furi_hal_power_get_battery_current(FuriHalPowerIC),targets/furi_hal_include/furi_hal_power.h,supported
88.3,Function,+,furi_hal_power_get_battery_design_capacity,0xceeb459a,uint32_t furi_hal_power_get_battery_design_capacity(),targets/furi_hal_include/furi_hal_power.h,supported
88.3,Function,+,furi_hal_power_get_battery_full_capacity,0x42714df3,uint32_t furi_hal_power_get_battery_full_capacity(),targets/furi_hal_include/furi_hal_power.h,supported
88.3,Function,+,furi_hal_power_get_battery_remaining_capacity,0x776c253a,uint32_t furi_hal_power_get_battery_remaining_capacity(),targets/furi_hal_include/furi_hal_power.h,supported
88.3,Function,+,furi_hal_power_get_battery_temperature,0x5aadd781,float furi_hal_power_get_battery_temperature(FuriHalPowerIC),targets/furi_hal_include/furi_hal_power.h,supported
88.3,Function,+,furi_hal_power_get_battery_voltage,0x895b18a5,float furi_hal_power_get_battery_voltage(FuriHalPowerIC),targets/furi_hal_include/furi_hal_power.h,supported
88.3,Function,+,furi_hal_power_get_pct,0x016854c0,uint8_t furi_hal_power_get_pct(),targets/furi_hal_include/furi_hal_power.h,supported
88.3,Function,+,furi_hal_power_get_usb_voltage,0xf91ff9f4,float furi_hal_power_get_usb_voltage(),targets/furi_hal_include/furi_hal_power.h,supported
88.3,Function,+,furi_hal_power_info_get,0x9c32c5a5,"void furi_hal_power_info_get(PropertyValueCallback, char, void*)",targets/furi_hal_include/furi_hal_power.h,supported
88.3,Function,-,furi_hal_power_init,0x4afcd76e,void furi_hal_power_init(),targets/furi_hal_include/furi_hal_power.h,disabled
88.3,Function,+,furi_hal_power_insomnia_enter,0x6b834e95,void furi_hal_power_insomnia_enter(),targets/furi_hal_include/furi_hal_power.h,supported
88.3,Function,+,furi_hal_power_insomnia_exit,0xbd70bef1,void furi_hal_power_insomnia_exit(),targets/furi_hal_include/furi_hal_power.h,supported
88.3,Function,-,furi_hal_power_insomnia_level,0x6bfd132f,uint16_t furi_hal_power_insomnia_level(),targets/furi_hal_include/furi_hal_power.h,disabled
88.3,Function,+,furi_hal_power_is_charging,0x6cbdfd78,_Bool furi_hal_power_is_charging(),targets/furi_hal_include/furi_hal_power.h,supported
88.3,Function,+,furi_hal_power_is_charging_done,0x32defcfd,_Bool furi_hal_power_is_charging_done(),targets/furi_hal_include/furi_hal_power.h,supported
88.3,Function,+,furi_hal_power_is_otg_enabled,0x2e42fe69,_Bool furi_hal_power_is_otg_enabled(),targets/furi_hal_include/furi_hal_power.h,supported
88.3,Function,+,furi_hal_power_is_shutdown_requested,0xac503282,_Bool furi_hal_power_is_shutdown_requested(),targets/furi_hal_include/furi_hal_power.h,supported
88.3,Function,+,furi_hal_power_off,0x6ee0f835,void furi_hal_power_off(),targets/furi_hal_include/furi_hal_power.h,supported
88.3,Function,+,furi_hal_power_reset,0xab35db5d,void furi_hal_power_reset(),targets/furi_hal_include/furi_hal_power.h,supported
88.3,Function,+,furi_hal_power_set_battery_charge_voltage_limit,0x3a2e3578,void furi_hal_power_set_battery_charge_voltage_limit(float),targets/furi_hal_include/furi_hal_power.h,supported
88.3,Function,+,furi_hal_power_shutdown,0x2c426816,void furi_hal_power_shutdown(),targets/furi_hal_include/furi_hal_power.h,supported
88.3,Function,+,furi_hal_power_sleep,0xab4b8ef3,void furi_hal_power_sleep(),targets/furi_hal_include/furi_hal_power.h,supported
88.3,Function,+,furi_hal_power_sleep_available,0x3997cc93,_Bool furi_hal_power_sleep_available(),targets/furi_hal_include/furi_hal_power.h,supported
88.3,Function,+,furi_hal_power_suppress_charge_enter,0x5a74b905,void furi_hal_power_suppress_charge_enter(),targets/furi_hal_include/furi_hal_power.h,supported
88.3,Function,+,furi_hal_power_suppress_charge_exit,0xa5a69b61,void furi_hal_power_suppress_charge_exit(),targets/furi_hal_include/furi_hal_power.h,supported
88.3,Function,+,furi_hal_pwm_is_running,0x1f2114bd,_Bool furi_hal_pwm_is_running(FuriHalPwmOutputId),targets/f7/furi_hal/furi_hal_pwm.h,supported
88.3,Function,+,furi_hal_pwm_set_params,0x86fd8bd0,"void furi_hal_pwm_set_params(FuriHalPwmOutputId, uint32_t, uint8_t)",targets/f7/furi_hal/furi_hal_pwm.h,supported
88.3,Function,+,furi_hal_pwm_start,0xc147ae6f,"void furi_hal_pwm_start(FuriHalPwmOutputId, uint32_t, uint8_t)",targets/f7/furi_hal/furi_hal_pwm.h,supported
88.3,Function,+,furi_hal_pwm_stop,0x89bc5c67,void furi_hal_pwm_stop(FuriHalPwmOutputId),targets/f7/furi_hal/furi_hal_pwm.h,supported
88.3,Function,+,furi_hal_random_fill_buf,0xcab546b1,"void furi_hal_random_fill_buf(uint8_t*, uint32_t)",targets/furi_hal_include/furi_hal_random.h,supported
88.3,Function,+,furi_hal_random_get,0x52f1560e,uint32_t furi_hal_random_get(),targets/furi_hal_include/furi_hal_random.h,supported
88.3,Function,+,furi_hal_random_init,0xb11d55e2,void furi_hal_random_init(),targets/furi_hal_include/furi_hal_random.h,supported
88.3,Function,+,furi_hal_region_get,0x300b9031,const FuriHalRegion* furi_hal_region_get(),targets/furi_hal_include/furi_hal_region.h,supported
88.3,Function,+,furi_hal_region_get_band,0x4f00d705,const FuriHalRegionBand* furi_hal_region_get_band(uint32_t),targets/furi_hal_include/furi_hal_region.h,supported
88.3,Function,+,furi_hal_region_get_name,0x4f076b71,const char* furi_hal_region_get_name(),targets/furi_hal_include/furi_hal_region.h,supported
88.3,Function,-,furi_hal_region_init,0x317ed465,void furi_hal_region_init(),targets/furi_hal_include/furi_hal_region.h,disabled
88.3,Function,+,furi_hal_region_is_frequency_allowed,0x4c89e6c5,_Bool furi_hal_region_is_frequency_allowed(uint32_t),targets/furi_hal_include/furi_hal_region.h,supported
88.3,Function,+,furi_hal_region_is_provisioned,0x7422c2fe,_Bool furi_hal_region_is_provisioned(),targets/furi_hal_include/furi_hal_region.h,supported
88.3,Function,+,furi_hal_region_set,0x300bc33d,void furi_hal_region_set(FuriHalRegion*),targets/furi_hal_include/furi_hal_region.h,supported
88.3,Function,-,furi_hal_resources_deinit_early,0x9abd2fc1,void furi_hal_resources_deinit_early(),targets/f7/furi_hal/furi_hal_resources.h,disabled
88.3,Function,+,furi_hal_resources_get_ext_pin_number,0x165fa006,int32_t furi_hal_resources_get_ext_pin_number(const GpioPin*),targets/f7/furi_hal/furi_hal_resources.h,supported
88.3,Function,-,furi_hal_resources_init,0xfb0a917c,void furi_hal_resources_init(),targets/f7/furi_hal/furi_hal_resources.h,disabled
88.3,Function,-,furi_hal_resources_init_early,0x851da138,void furi_hal_resources_init_early(),targets/f7/furi_hal/furi_hal_resources.h,disabled
88.3,Function,+,furi_hal_resources_pin_by_name,0xb49cf649,const GpioPinRecord* furi_hal_resources_pin_by_name(const char*),targets/f7/furi_hal/furi_hal_resources.h,supported
88.3,Function,+,furi_hal_resources_pin_by_number,0x511d9751,const GpioPinRecord* furi_hal_resources_pin_by_number(uint8_t),targets/f7/furi_hal/furi_hal_resources.h,supported
88.3,Function,+,furi_hal_rfid_comp_set_callback,0x594de578,"void furi_hal_rfid_comp_set_callback(FuriHalRfidCompCallback, void*)",targets/f7/furi_hal/furi_hal_rfid.h,supported
88.3,Function,+,furi_hal_rfid_comp_start,0xa288de2e,void furi_hal_rfid_comp_start(),targets/f7/furi_hal/furi_hal_rfid.h,supported
88.3,Function,+,furi_hal_rfid_comp_stop,0xeda71046,void furi_hal_rfid_comp_stop(),targets/f7/furi_hal/furi_hal_rfid.h,supported
88.3,Function,+,furi_hal_rfid_field_detect_start,0x41f47c9b,void furi_hal_rfid_field_detect_start(),targets/f7/furi_hal/furi_hal_rfid.h,supported
88.3,Function,+,furi_hal_rfid_field_detect_stop,0xcbb21513,void furi_hal_rfid_field_detect_stop(),targets/f7/furi_hal/furi_hal_rfid.h,supported
88.3,Function,+,furi_hal_rfid_field_is_present,0x59f662f1,_Bool furi_hal_rfid_field_is_present(uint32_t*),targets/f7/furi_hal/furi_hal_rfid.h,supported
88.3,Function,-,furi_hal_rfid_init,0xd0328986,void furi_hal_rfid_init(),targets/f7/furi_hal/furi_hal_rfid.h,disabled
88.3,Function,+,furi_hal_rfid_pin_pull_pulldown,0x6873c3c9,void furi_hal_rfid_pin_pull_pulldown(),targets/f7/furi_hal/furi_hal_rfid.h,supported
88.3,Function,+,furi_hal_rfid_pin_pull_release,0xfba95075,void furi_hal_rfid_pin_pull_release(),targets/f7/furi_hal/furi_hal_rfid.h,supported
88.3,Function,+,furi_hal_rfid_pins_reset,0xef3e1aae,void furi_hal_rfid_pins_reset(),targets/f7/furi_hal/furi_hal_rfid.h,supported
88.3,Function,+,furi_hal_rfid_set_read_period,0x9fc90bfb,void furi_hal_rfid_set_read_period(uint32_t),targets/f7/furi_hal/furi_hal_rfid.h,supported
88.3,Function,+,furi_hal_rfid_set_read_pulse,0x90832281,void furi_hal_rfid_set_read_pulse(uint32_t),targets/f7/furi_hal/furi_hal_rfid.h,supported
88.3,Function,+,furi_hal_rfid_tim_emulate_dma_start,0xf63d6506,"void furi_hal_rfid_tim_emulate_dma_start(uint32_t*, uint32_t*, size_t, FuriHalRfidDMACallback, void*)",targets/f7/furi_hal/furi_hal_rfid.h,supported
88.3,Function,+,furi_hal_rfid_tim_emulate_dma_stop,0x16fa1c1e,void furi_hal_rfid_tim_emulate_dma_stop(),targets/f7/furi_hal/furi_hal_rfid.h,supported
88.3,Function,+,furi_hal_rfid_tim_read_capture_start,0xbf7cd457,"void furi_hal_rfid_tim_read_capture_start(FuriHalRfidReadCaptureCallback, void*)",targets/f7/furi_hal/furi_hal_rfid.h,supported
88.3,Function,+,furi_hal_rfid_tim_read_capture_stop,0x9170654f,void furi_hal_rfid_tim_read_capture_stop(),targets/f7/furi_hal/furi_hal_rfid.h,supported
88.3,Function,+,furi_hal_rfid_tim_read_continue,0xfcd45adb,void furi_hal_rfid_tim_read_continue(),targets/f7/furi_hal/furi_hal_rfid.h,supported
88.3,Function,+,furi_hal_rfid_tim_read_pause,0xb28d2334,void furi_hal_rfid_tim_read_pause(),targets/f7/furi_hal/furi_hal_rfid.h,supported
88.3,Function,+,furi_hal_rfid_tim_read_start,0xb2cd82c4,"void furi_hal_rfid_tim_read_start(float, float)",targets/f7/furi_hal/furi_hal_rfid.h,supported
88.3,Function,+,furi_hal_rfid_tim_read_stop,0x52fe7a1c,void furi_hal_rfid_tim_read_stop(),targets/f7/furi_hal/furi_hal_rfid.h,supported
88.3,Function,-,furi_hal_rtc_deinit_early,0xf7eaefcf,void furi_hal_rtc_deinit_early(),targets/f7/furi_hal/furi_hal_rtc.h,disabled
88.3,Function,-,furi_hal_rtc_get_alarm,0x73010082,_Bool furi_hal_rtc_get_alarm(DateTime*),targets/f7/furi_hal/furi_hal_rtc.h,disabled
88.3,Function,+,furi_hal_rtc_get_boot_mode,0x878d58ad,FuriHalRtcBootMode furi_hal_rtc_get_boot_mode(),targets/f7/furi_hal/furi_hal_rtc.h,supported
88.3,Function,+,furi_hal_rtc_get_datetime,0xc11994c2,void furi_hal_rtc_get_datetime(DateTime*),targets/f7/furi_hal/furi_hal_rtc.h,supported
88.3,Function,+,furi_hal_rtc_get_fault_data,0x7c46878a,uint32_t furi_hal_rtc_get_fault_data(),targets/f7/furi_hal/furi_hal_rtc.h,supported
88.3,Function,+,furi_hal_rtc_get_heap_track_mode,0xcb06cecb,FuriHalRtcHeapTrackMode furi_hal_rtc_get_heap_track_mode(),targets/f7/furi_hal/furi_hal_rtc.h,supported
88.3,Function,+,furi_hal_rtc_get_locale_dateformat,0xadf4342b,FuriHalRtcLocaleDateFormat furi_hal_rtc_get_locale_dateformat(),targets/f7/furi_hal/furi_hal_rtc.h,supported
88.3,Function,+,furi_hal_rtc_get_locale_timeformat,0x1cb3fc1c,FuriHalRtcLocaleTimeFormat furi_hal_rtc_get_locale_timeformat(),targets/f7/furi_hal/furi_hal_rtc.h,supported
88.3,Function,+,furi_hal_rtc_get_locale_units,0x30416817,FuriHalRtcLocaleUnits furi_hal_rtc_get_locale_units(),targets/f7/furi_hal/furi_hal_rtc.h,supported
88.3,Function,+,furi_hal_rtc_get_log_baud_rate,0x7cb7159d,FuriHalRtcLogBaudRate furi_hal_rtc_get_log_baud_rate(),targets/f7/furi_hal/furi_hal_rtc.h,supported
88.3,Function,+,furi_hal_rtc_get_log_device,0xfa2969e6,FuriHalRtcLogDevice furi_hal_rtc_get_log_device(),targets/f7/furi_hal/furi_hal_rtc.h,supported
88.3,Function,+,furi_hal_rtc_get_log_level,0x7c8280ee,uint8_t furi_hal_rtc_get_log_level(),targets/f7/furi_hal/furi_hal_rtc.h,supported
88.3,Function,+,furi_hal_rtc_get_pin_fails,0xdf51f60a,uint32_t furi_hal_rtc_get_pin_fails(),targets/f7/furi_hal/furi_hal_rtc.h,supported
88.3,Function,-,furi_hal_rtc_get_pin_value,0xe0738bf8,uint32_t furi_hal_rtc_get_pin_value(),targets/f7/furi_hal/furi_hal_rtc.h,disabled
88.3,Function,+,furi_hal_rtc_get_register,0xc2911f5a,uint32_t furi_hal_rtc_get_register(FuriHalRtcRegister),targets/f7/furi_hal/furi_hal_rtc.h,supported
88.3,Function,+,furi_hal_rtc_get_timestamp,0x733df8e9,uint32_t furi_hal_rtc_get_timestamp(),targets/f7/furi_hal/furi_hal_rtc.h,supported
88.3,Function,-,furi_hal_rtc_init,0x63f8238a,void furi_hal_rtc_init(),targets/f7/furi_hal/furi_hal_rtc.h,disabled
88.3,Function,-,furi_hal_rtc_init_early,0x182005c6,void furi_hal_rtc_init_early(),targets/f7/furi_hal/furi_hal_rtc.h,disabled
88.3,Function,+,furi_hal_rtc_is_flag_set,0x97a23c96,_Bool furi_hal_rtc_is_flag_set(FuriHalRtcFlag),targets/f7/furi_hal/furi_hal_rtc.h,supported
88.3,Function,-,furi_hal_rtc_prepare_for_shutdown,0xa23a5786,void furi_hal_rtc_prepare_for_shutdown(),targets/f7/furi_hal/furi_hal_rtc.h,disabled
88.3,Function,+,furi_hal_rtc_reset_flag,0x0c9a4d72,void furi_hal_rtc_reset_flag(FuriHalRtcFlag),targets/f7/furi_hal/furi_hal_rtc.h,supported
88.3,Function,+,furi_hal_rtc_reset_registers,0x7ef11710,void furi_hal_rtc_reset_registers(),targets/f7/furi_hal/furi_hal_rtc.h,supported
88.3,Function,-,furi_hal_rtc_set_alarm,0xe8d64c8e,"void furi_hal_rtc_set_alarm(const DateTime*, _Bool)",targets/f7/furi_hal/furi_hal_rtc.h,disabled
88.3,Function,-,furi_hal_rtc_set_alarm_callback,0x60c3751a,"void furi_hal_rtc_set_alarm_callback(FuriHalRtcAlarmCallback, void*)",targets/f7/furi_hal/furi_hal_rtc.h,disabled
88.3,Function,+,furi_hal_rtc_set_boot_mode,0x4001cab9,void furi_hal_rtc_set_boot_mode(FuriHalRtcBootMode),targets/f7/furi_hal/furi_hal_rtc.h,supported
88.3,Function,+,furi_hal_rtc_set_datetime,0x0c81f54e,void furi_hal_rtc_set_datetime(DateTime*),targets/f7/furi_hal/furi_hal_rtc.h,supported
88.3,Function,+,furi_hal_rtc_set_fault_data,0x43493b16,void furi_hal_rtc_set_fault_data(uint32_t),targets/f7/furi_hal/furi_hal_rtc.h,supported
88.3,Function,+,furi_hal_rtc_set_flag,0xc13f89db,void furi_hal_rtc_set_flag(FuriHalRtcFlag),targets/f7/furi_hal/furi_hal_rtc.h,supported
88.3,Function,+,furi_hal_rtc_set_heap_track_mode,0x154399d7,void furi_hal_rtc_set_heap_track_mode(FuriHalRtcHeapTrackMode),targets/f7/furi_hal/furi_hal_rtc.h,supported
88.3,Function,+,furi_hal_rtc_set_locale_dateformat,0x7a8ff237,void furi_hal_rtc_set_locale_dateformat(FuriHalRtcLocaleDateFormat),targets/f7/furi_hal/furi_hal_rtc.h,supported
88.3,Function,+,furi_hal_rtc_set_locale_timeformat,0xe94fba28,void furi_hal_rtc_set_locale_timeformat(FuriHalRtcLocaleTimeFormat),targets/f7/furi_hal/furi_hal_rtc.h,supported
88.3,Function,+,furi_hal_rtc_set_locale_units,0xc2bf2ea3,void furi_hal_rtc_set_locale_units(FuriHalRtcLocaleUnits),targets/f7/furi_hal/furi_hal_rtc.h,supported
88.3,Function,+,furi_hal_rtc_set_log_baud_rate,0x5eedada9,void furi_hal_rtc_set_log_baud_rate(FuriHalRtcLogBaudRate),targets/f7/furi_hal/furi_hal_rtc.h,supported
88.3,Function,+,furi_hal_rtc_set_log_device,0xc12c1d72,void furi_hal_rtc_set_log_device(FuriHalRtcLogDevice),targets/f7/furi_hal/furi_hal_rtc.h,supported
88.3,Function,+,furi_hal_rtc_set_log_level,0x34f6f2fa,void furi_hal_rtc_set_log_level(uint8_t),targets/f7/furi_hal/furi_hal_rtc.h,supported
88.3,Function,+,furi_hal_rtc_set_pin_fails,0x97c66816,void furi_hal_rtc_set_pin_fails(uint32_t),targets/f7/furi_hal/furi_hal_rtc.h,supported
88.3,Function,-,furi_hal_rtc_set_pin_value,0x98e7fe04,void furi_hal_rtc_set_pin_value(uint32_t),targets/f7/furi_hal/furi_hal_rtc.h,disabled
88.3,Function,+,furi_hal_rtc_set_register,0x0df97fe6,"void furi_hal_rtc_set_register(FuriHalRtcRegister, uint32_t)",targets/f7/furi_hal/furi_hal_rtc.h,supported
88.3,Function,+,furi_hal_rtc_sync_shadow,0x35609098,void furi_hal_rtc_sync_shadow(),targets/f7/furi_hal/furi_hal_rtc.h,supported
88.3,Function,+,furi_hal_sd_get_card_state,0xd50661dd,FuriStatus furi_hal_sd_get_card_state(),targets/furi_hal_include/furi_hal_sd.h,supported
88.3,Function,+,furi_hal_sd_info,0x60b9f910,FuriStatus furi_hal_sd_info(FuriHalSdInfo*),targets/furi_hal_include/furi_hal_sd.h,supported
88.3,Function,+,furi_hal_sd_init,0x60b9f978,FuriStatus furi_hal_sd_init(_Bool),targets/furi_hal_include/furi_hal_sd.h,supported
88.3,Function,+,furi_hal_sd_is_present,0xab20b320,_Bool furi_hal_sd_is_present(),targets/furi_hal_include/furi_hal_sd.h,supported
88.3,Function,+,furi_hal_sd_max_mount_retry_count,0x2f527e59,uint8_t furi_hal_sd_max_mount_retry_count(),targets/furi_hal_include/furi_hal_sd.h,supported
88.3,Function,+,furi_hal_sd_presence_init,0x7392942c,void furi_hal_sd_presence_init(),targets/furi_hal_include/furi_hal_sd.h,supported
88.3,Function,+,furi_hal_sd_read_blocks,0x9ebd129d,"FuriStatus furi_hal_sd_read_blocks(uint32_t*, uint32_t, uint32_t)",targets/furi_hal_include/furi_hal_sd.h,supported
88.3,Function,+,furi_hal_sd_write_blocks,0x2409dfac,"FuriStatus furi_hal_sd_write_blocks(const uint32_t*, uint32_t, uint32_t)",targets/furi_hal_include/furi_hal_sd.h,supported
88.3,Function,+,furi_hal_serial_async_rx,0xc114b5f4,uint8_t furi_hal_serial_async_rx(FuriHalSerialHandle*),targets/f7/furi_hal/furi_hal_serial.h,supported
88.3,Function,+,furi_hal_serial_async_rx_available,0x839a68d4,_Bool furi_hal_serial_async_rx_available(FuriHalSerialHandle*),targets/f7/furi_hal/furi_hal_serial.h,supported
88.3,Function,+,furi_hal_serial_async_rx_start,0x7186ba61,"void furi_hal_serial_async_rx_start(FuriHalSerialHandle*, FuriHalSerialAsyncRxCallback, void*, _Bool)",targets/f7/furi_hal/furi_hal_serial.h,supported
88.3,Function,+,furi_hal_serial_async_rx_stop,0x0370b219,void furi_hal_serial_async_rx_stop(FuriHalSerialHandle*),targets/f7/furi_hal/furi_hal_serial.h,supported
88.3,Function,+,furi_hal_serial_configure_framing,0xdaf9ea92,"void furi_hal_serial_configure_framing(FuriHalSerialHandle*, FuriHalSerialDataBits, FuriHalSerialParity, FuriHalSerialStopBits)",targets/f7/furi_hal/furi_hal_serial.h,supported
88.3,Function,+,furi_hal_serial_control_acquire,0x70c07b77,FuriHalSerialHandle* furi_hal_serial_control_acquire(FuriHalSerialId),applications/services/expansion/expansion.h;targets/f7/furi_hal/furi_hal_serial_control.h,supported
88.3,Function,+,furi_hal_serial_control_deinit,0x31538aea,void furi_hal_serial_control_deinit(),targets/f7/furi_hal/furi_hal_serial_control.h,supported
88.3,Function,+,furi_hal_serial_control_init,0x7a8841e1,void furi_hal_serial_control_init(),targets/f7/furi_hal/furi_hal_serial_control.h,supported
88.3,Function,+,furi_hal_serial_control_is_busy,0xfc94fa8b,_Bool furi_hal_serial_control_is_busy(FuriHalSerialId),targets/f7/furi_hal/furi_hal_serial_control.h,supported
88.3,Function,+,furi_hal_serial_control_release,0x91a5730e,void furi_hal_serial_control_release(FuriHalSerialHandle*),applications/services/expansion/expansion.h;targets/f7/furi_hal/furi_hal_serial_control.h,supported
88.3,Function,-,furi_hal_serial_control_resume,0x52015dbe,void furi_hal_serial_control_resume(),targets/f7/furi_hal/furi_hal_serial_control.h,disabled
88.3,Function,+,furi_hal_serial_control_set_expansion_callback,0x96bf17d9,"void furi_hal_serial_control_set_expansion_callback(FuriHalSerialId, FuriHalSerialControlExpansionCallback, void*)",targets/f7/furi_hal/furi_hal_serial_control.h,supported
88.3,Function,+,furi_hal_serial_control_set_logging_config,0x39801794,"void furi_hal_serial_control_set_logging_config(FuriHalSerialId, uint32_t)",targets/f7/furi_hal/furi_hal_serial_control.h,supported
88.3,Function,-,furi_hal_serial_control_suspend,0x0476fdef,void furi_hal_serial_control_suspend(),targets/f7/furi_hal/furi_hal_serial_control.h,disabled
88.3,Function,+,furi_hal_serial_deinit,0x5341c9ea,void furi_hal_serial_deinit(FuriHalSerialHandle*),targets/f7/furi_hal/furi_hal_serial.h,supported
88.3,Function,+,furi_hal_serial_disable_direction,0x96f21541,"void furi_hal_serial_disable_direction(FuriHalSerialHandle*, FuriHalSerialDirection)",targets/f7/furi_hal/furi_hal_serial.h,supported
88.3,Function,+,furi_hal_serial_dma_rx,0x53cdec48,"size_t furi_hal_serial_dma_rx(FuriHalSerialHandle*, uint8_t*, size_t)",targets/f7/furi_hal/furi_hal_serial.h,supported
88.3,Function,+,furi_hal_serial_dma_rx_start,0x75ec5fb5,"void furi_hal_serial_dma_rx_start(FuriHalSerialHandle*, FuriHalSerialDmaRxCallback, void*, _Bool)",targets/f7/furi_hal/furi_hal_serial.h,supported
88.3,Function,+,furi_hal_serial_dma_rx_stop,0xec4cfced,void furi_hal_serial_dma_rx_stop(FuriHalSerialHandle*),targets/f7/furi_hal/furi_hal_serial.h,supported
88.3,Function,+,furi_hal_serial_enable_direction,0xe50d3af4,"void furi_hal_serial_enable_direction(FuriHalSerialHandle*, FuriHalSerialDirection)",targets/f7/furi_hal/furi_hal_serial.h,supported
88.3,Function,+,furi_hal_serial_get_gpio_pin,0xb3037681,"const GpioPin* furi_hal_serial_get_gpio_pin(FuriHalSerialHandle*, FuriHalSerialDirection)",targets/f7/furi_hal/furi_hal_serial.h,supported
88.3,Function,+,furi_hal_serial_init,0x7ddac0e1,"void furi_hal_serial_init(FuriHalSerialHandle*, uint32_t)",targets/f7/furi_hal/furi_hal_serial.h,supported
88.3,Function,+,furi_hal_serial_is_baud_rate_supported,0xb3ccbb54,"_Bool furi_hal_serial_is_baud_rate_supported(FuriHalSerialHandle*, uint32_t)",targets/f7/furi_hal/furi_hal_serial.h,supported
88.3,Function,+,furi_hal_serial_resume,0x73ef9cbe,void furi_hal_serial_resume(FuriHalSerialHandle*),targets/f7/furi_hal/furi_hal_serial.h,supported
88.3,Function,+,furi_hal_serial_set_br,0x7644f2cc,"void furi_hal_serial_set_br(FuriHalSerialHandle*, uint32_t)",targets/f7/furi_hal/furi_hal_serial.h,supported
88.3,Function,+,furi_hal_serial_suspend,0x642d1cef,void furi_hal_serial_suspend(FuriHalSerialHandle*),targets/f7/furi_hal/furi_hal_serial.h,supported
88.3,Function,+,furi_hal_serial_tx,0x1908ab59,"void furi_hal_serial_tx(FuriHalSerialHandle*, const uint8_t*, size_t)",targets/f7/furi_hal/furi_hal_serial.h,supported
88.3,Function,+,furi_hal_serial_tx_wait_complete,0xb5c3f225,void furi_hal_serial_tx_wait_complete(FuriHalSerialHandle*),targets/f7/furi_hal/furi_hal_serial.h,supported
88.3,Function,+,furi_hal_speaker_acquire,0x06cd2ea2,_Bool furi_hal_speaker_acquire(uint32_t),targets/furi_hal_include/furi_hal_speaker.h,supported
88.3,Function,-,furi_hal_speaker_deinit,0x7bb104b5,void furi_hal_speaker_deinit(),targets/furi_hal_include/furi_hal_speaker.h,disabled
88.3,Function,-,furi_hal_speaker_init,0x6716ccec,void furi_hal_speaker_init(),targets/furi_hal_include/furi_hal_speaker.h,disabled
88.3,Function,+,furi_hal_speaker_is_mine,0x92a7821c,_Bool furi_hal_speaker_is_mine(),targets/furi_hal_include/furi_hal_speaker.h,supported
88.3,Function,+,furi_hal_speaker_release,0x27b22639,void furi_hal_speaker_release(),targets/furi_hal_include/furi_hal_speaker.h,supported
88.3,Function,+,furi_hal_speaker_set_volume,0x405d3d3b,void furi_hal_speaker_set_volume(float),targets/furi_hal_include/furi_hal_speaker.h,supported
88.3,Function,+,furi_hal_speaker_start,0x4aa887e6,"void furi_hal_speaker_start(float, float)",targets/furi_hal_include/furi_hal_speaker.h,supported
88.3,Function,+,furi_hal_speaker_stop,0x671c62fe,void furi_hal_speaker_stop(),targets/furi_hal_include/furi_hal_speaker.h,supported
88.3,Function,+,furi_hal_spi_acquire,0x43aa7f43,void furi_hal_spi_acquire(const FuriHalSpiBusHandle*),targets/furi_hal_include/furi_hal_spi.h,supported
88.3,Function,+,furi_hal_spi_bus_deinit,0x446eda7f,void furi_hal_spi_bus_deinit(FuriHalSpiBus*),targets/furi_hal_include/furi_hal_spi.h,supported
88.3,Function,+,furi_hal_spi_bus_handle_deinit,0x73cc2a0a,void furi_hal_spi_bus_handle_deinit(const FuriHalSpiBusHandle*),targets/furi_hal_include/furi_hal_spi.h,supported
88.3,Function,+,furi_hal_spi_bus_handle_init,0xc20e9901,void furi_hal_spi_bus_handle_init(const FuriHalSpiBusHandle*),targets/f7/furi_hal/furi_hal_spi_config.h;targets/furi_hal_include/furi_hal_spi.h,supported
88.3,Function,+,furi_hal_spi_bus_init,0x11f0a836,void furi_hal_spi_bus_init(FuriHalSpiBus*),targets/furi_hal_include/furi_hal_spi.h,supported
88.3,Function,+,furi_hal_spi_bus_rx,0xee62b92c,"_Bool furi_hal_spi_bus_rx(const FuriHalSpiBusHandle*, uint8_t*, size_t, uint32_t)",targets/furi_hal_include/furi_hal_spi.h,supported
88.3,Function,+,furi_hal_spi_bus_trx,0xbab9e6e0,"_Bool furi_hal_spi_bus_trx(const FuriHalSpiBusHandle*, const uint8_t*, uint8_t*, size_t, uint32_t)",targets/furi_hal_include/furi_hal_spi.h,supported
88.3,Function,+,furi_hal_spi_bus_trx_dma,0xc14826b1,"_Bool furi_hal_spi_bus_trx_dma(const FuriHalSpiBusHandle*, uint8_t*, uint8_t*, size_t, uint32_t)",targets/furi_hal_include/furi_hal_spi.h,supported
88.3,Function,+,furi_hal_spi_bus_tx,0xee62b96e,"_Bool furi_hal_spi_bus_tx(const FuriHalSpiBusHandle*, const uint8_t*, size_t, uint32_t)",targets/furi_hal_include/furi_hal_spi.h,supported
88.3,Function,-,furi_hal_spi_config_deinit_early,0xd1221ca7,void furi_hal_spi_config_deinit_early(),targets/furi_hal_include/furi_hal_spi.h,disabled
88.3,Function,-,furi_hal_spi_config_init,0xf39bf862,void furi_hal_spi_config_init(),targets/furi_hal_include/furi_hal_spi.h,disabled
88.3,Function,-,furi_hal_spi_config_init_early,0xc3761c9e,void furi_hal_spi_config_init_early(),targets/furi_hal_include/furi_hal_spi.h,disabled
88.3,Function,-,furi_hal_spi_dma_init,0x58a5909e,void furi_hal_spi_dma_init(),targets/furi_hal_include/furi_hal_spi.h,disabled
88.3,Function,+,furi_hal_spi_release,0x648f76da,void furi_hal_spi_release(const FuriHalSpiBusHandle*),targets/furi_hal_include/furi_hal_spi.h,supported
88.3,Function,-,furi_hal_subghz_dump_state,0xbe6a91b6,void furi_hal_subghz_dump_state(),targets/f7/furi_hal/furi_hal_subghz.h,disabled
88.3,Function,+,furi_hal_subghz_flush_rx,0x74d7f6cb,void furi_hal_subghz_flush_rx(),targets/f7/furi_hal/furi_hal_subghz.h,supported
88.3,Function,+,furi_hal_subghz_flush_tx,0x74d7f70d,void furi_hal_subghz_flush_tx(),targets/f7/furi_hal/furi_hal_subghz.h,supported
88.3,Function,+,furi_hal_subghz_get_data_gpio,0x562193c7,const GpioPin* furi_hal_subghz_get_data_gpio(),targets/f7/furi_hal/furi_hal_subghz.h,supported
88.3,Function,+,furi_hal_subghz_get_lqi,0xfa421b85,uint8_t furi_hal_subghz_get_lqi(),targets/f7/furi_hal/furi_hal_subghz.h,supported
88.3,Function,+,furi_hal_subghz_get_rssi,0x4288e0a0,float furi_hal_subghz_get_rssi(),targets/f7/furi_hal/furi_hal_subghz.h,supported
88.3,Function,+,furi_hal_subghz_idle,0xd9b8d0fe,void furi_hal_subghz_idle(),targets/f7/furi_hal/furi_hal_subghz.h,supported
88.3,Function,-,furi_hal_subghz_init,0xd9b8fb34,void furi_hal_subghz_init(),targets/f7/furi_hal/furi_hal_subghz.h,disabled
88.3,Function,+,furi_hal_subghz_is_async_tx_complete,0x4b9b805c,_Bool furi_hal_subghz_is_async_tx_complete(),targets/f7/furi_hal/furi_hal_subghz.h,supported
88.3,Function,+,furi_hal_subghz_is_frequency_valid,0xb28830fc,_Bool furi_hal_subghz_is_frequency_valid(uint32_t),targets/f7/furi_hal/furi_hal_subghz.h,supported
88.3,Function,+,furi_hal_subghz_is_rx_data_crc_valid,0x6b79a264,_Bool furi_hal_subghz_is_rx_data_crc_valid(),targets/f7/furi_hal/furi_hal_subghz.h,supported
88.3,Function,+,furi_hal_subghz_load_custom_preset,0xf974e74c,void furi_hal_subghz_load_custom_preset(const uint8_t*),targets/f7/furi_hal/furi_hal_subghz.h,supported
88.3,Function,+,furi_hal_subghz_load_patable,0xb27d16d8,void furi_hal_subghz_load_patable(const uint8_t[8]),targets/f7/furi_hal/furi_hal_subghz.h,supported
88.3,Function,+,furi_hal_subghz_load_registers,0x0b4aa457,void furi_hal_subghz_load_registers(const uint8_t*),targets/f7/furi_hal/furi_hal_subghz.h,supported
88.3,Function,+,furi_hal_subghz_read_packet,0x04e400d3,"void furi_hal_subghz_read_packet(uint8_t*, uint8_t*)",targets/f7/furi_hal/furi_hal_subghz.h,supported
88.3,Function,+,furi_hal_subghz_reset,0x117677e3,void furi_hal_subghz_reset(),targets/f7/furi_hal/furi_hal_subghz.h,supported
88.3,Function,+,furi_hal_subghz_rx,0x095e34aa,void furi_hal_subghz_rx(),targets/f7/furi_hal/furi_hal_subghz.h,supported
88.3,Function,+,furi_hal_subghz_rx_pipe_not_empty,0x968bbdf5,_Bool furi_hal_subghz_rx_pipe_not_empty(),targets/f7/furi_hal/furi_hal_subghz.h,supported
88.3,Function,+,furi_hal_subghz_set_async_mirror_pin,0x37e9ea69,void furi_hal_subghz_set_async_mirror_pin(const GpioPin*),targets/f7/furi_hal/furi_hal_subghz.h,supported
88.3,Function,+,furi_hal_subghz_set_frequency,0x4c23fe9d,uint32_t furi_hal_subghz_set_frequency(uint32_t),targets/f7/furi_hal/furi_hal_subghz.h,supported
88.3,Function,+,furi_hal_subghz_set_frequency_and_path,0x5cdc7ffb,uint32_t furi_hal_subghz_set_frequency_and_path(uint32_t),targets/f7/furi_hal/furi_hal_subghz.h,supported
88.3,Function,+,furi_hal_subghz_set_path,0x559d75f8,void furi_hal_subghz_set_path(FuriHalSubGhzPath),targets/f7/furi_hal/furi_hal_subghz.h,supported
88.3,Function,+,furi_hal_subghz_shutdown,0x4056fedc,void furi_hal_subghz_shutdown(),targets/f7/furi_hal/furi_hal_subghz.h,supported
88.3,Function,+,furi_hal_subghz_sleep,0x118c2b79,void furi_hal_subghz_sleep(),targets/f7/furi_hal/furi_hal_subghz.h,supported
88.3,Function,+,furi_hal_subghz_start_async_rx,0x413cfe94,"void furi_hal_subghz_start_async_rx(FuriHalSubGhzCaptureCallback, void*)",targets/f7/furi_hal/furi_hal_subghz.h,supported
88.3,Function,+,furi_hal_subghz_start_async_tx,0x413cfed6,"_Bool furi_hal_subghz_start_async_tx(FuriHalSubGhzAsyncTxCallback, void*)",targets/f7/furi_hal/furi_hal_subghz.h,supported
88.3,Function,+,furi_hal_subghz_stop_async_rx,0x3c5cebac,void furi_hal_subghz_stop_async_rx(),targets/f7/furi_hal/furi_hal_subghz.h,supported
88.3,Function,+,furi_hal_subghz_stop_async_tx,0x3c5cebee,void furi_hal_subghz_stop_async_tx(),targets/f7/furi_hal/furi_hal_subghz.h,supported
88.3,Function,+,furi_hal_subghz_tx,0x095e34ec,_Bool furi_hal_subghz_tx(),targets/f7/furi_hal/furi_hal_subghz.h,supported
88.3,Function,+,furi_hal_subghz_write_packet,0x53b79562,"void furi_hal_subghz_write_packet(const uint8_t*, uint8_t)",targets/f7/furi_hal/furi_hal_subghz.h,supported
88.3,Function,+,furi_hal_switch,0xbe7a6340,void furi_hal_switch(void*),targets/furi_hal_include/furi_hal.h,supported
88.3,Function,+,furi_hal_usb_disable,0x20234b0b,void furi_hal_usb_disable(),targets/furi_hal_include/furi_hal_usb.h,supported
88.3,Function,+,furi_hal_usb_enable,0xe49757be,void furi_hal_usb_enable(),targets/furi_hal_include/furi_hal_usb.h,supported
88.3,Function,+,furi_hal_usb_get_config,0x0976df4c,FuriHalUsbInterface* furi_hal_usb_get_config(),targets/furi_hal_include/furi_hal_usb.h,supported
88.3,Function,-,furi_hal_usb_init,0xd96e3ccb,void furi_hal_usb_init(),targets/furi_hal_include/furi_hal_usb.h,disabled
88.3,Function,+,furi_hal_usb_is_locked,0x4e253584,_Bool furi_hal_usb_is_locked(),targets/furi_hal_include/furi_hal_usb.h,supported
88.3,Function,+,furi_hal_usb_lock,0xd96fe560,void furi_hal_usb_lock(),targets/furi_hal_include/furi_hal_usb.h,supported
88.3,Function,+,furi_hal_usb_reinit,0x024c2122,void furi_hal_usb_reinit(),targets/furi_hal_include/furi_hal_usb.h,supported
88.3,Function,+,furi_hal_usb_set_config,0x39f5acd8,"_Bool furi_hal_usb_set_config(FuriHalUsbInterface*, void*)",targets/furi_hal_include/furi_hal_usb.h,supported
88.3,Function,+,furi_hal_usb_set_state_callback,0x2b7566ef,"void furi_hal_usb_set_state_callback(FuriHalUsbStateCallback, void*)",targets/furi_hal_include/furi_hal_usb.h,supported
88.3,Function,+,furi_hal_usb_unlock,0x09f02023,void furi_hal_usb_unlock(),targets/furi_hal_include/furi_hal_usb.h,supported
88.3,Function,+,furi_hal_version_do_i_belong_here,0xaba33ee7,_Bool furi_hal_version_do_i_belong_here(),targets/furi_hal_include/furi_hal_version.h,supported
88.3,Function,+,furi_hal_version_get_ble_local_device_name_ptr,0x7b7082d3,const char* furi_hal_version_get_ble_local_device_name_ptr(),targets/furi_hal_include/furi_hal_version.h,supported
88.3,Function,+,furi_hal_version_get_ble_mac,0xf5758e95,const uint8_t* furi_hal_version_get_ble_mac(),targets/furi_hal_include/furi_hal_version.h,supported
88.3,Function,+,furi_hal_version_get_device_name_ptr,0x017fc817,const char* furi_hal_version_get_device_name_ptr(),targets/furi_hal_include/furi_hal_version.h,supported
88.3,Function,+,furi_hal_version_get_fcc_id,0x5db43caa,const char* furi_hal_version_get_fcc_id(),targets/furi_hal_include/furi_hal_version.h,supported
88.3,Function,+,furi_hal_version_get_firmware_version,0xf7171134,const Version* furi_hal_version_get_firmware_version(),targets/furi_hal_include/furi_hal_version.h,supported
88.3,Function,+,furi_hal_version_get_hw_body,0xdc90d51e,uint8_t furi_hal_version_get_hw_body(),targets/furi_hal_include/furi_hal_version.h,supported
88.3,Function,+,furi_hal_version_get_hw_color,0x6ebdb28f,FuriHalVersionColor furi_hal_version_get_hw_color(),targets/furi_hal_include/furi_hal_version.h,supported
88.3,Function,+,furi_hal_version_get_hw_connect,0x15180cda,uint8_t furi_hal_version_get_hw_connect(),targets/furi_hal_include/furi_hal_version.h,supported
88.3,Function,+,furi_hal_version_get_hw_display,0x546f06a6,FuriHalVersionDisplay furi_hal_version_get_hw_display(),targets/furi_hal_include/furi_hal_version.h,supported
88.3,Function,+,furi_hal_version_get_hw_region,0x68b99974,FuriHalVersionRegion furi_hal_version_get_hw_region(),targets/furi_hal_include/furi_hal_version.h,supported
88.3,Function,+,furi_hal_version_get_hw_region_name,0xbf2cb694,const char* furi_hal_version_get_hw_region_name(),targets/furi_hal_include/furi_hal_version.h,supported
88.3,Function,+,furi_hal_version_get_hw_target,0x6d218717,uint8_t furi_hal_version_get_hw_target(),targets/furi_hal_include/furi_hal_version.h,supported
88.3,Function,+,furi_hal_version_get_hw_timestamp,0x8d14ebe4,uint32_t furi_hal_version_get_hw_timestamp(),targets/furi_hal_include/furi_hal_version.h,supported
88.3,Function,+,furi_hal_version_get_hw_version,0xb4a22b56,uint8_t furi_hal_version_get_hw_version(),targets/furi_hal_include/furi_hal_version.h,supported
88.3,Function,+,furi_hal_version_get_ic_id,0x1291054a,const char* furi_hal_version_get_ic_id(),targets/furi_hal_include/furi_hal_version.h,supported
88.3,Function,+,furi_hal_version_get_mic_id,0x6e74ec17,const char* furi_hal_version_get_mic_id(),targets/furi_hal_include/furi_hal_version.h,supported
88.3,Function,+,furi_hal_version_get_model_code,0xb492355d,const char* furi_hal_version_get_model_code(),targets/furi_hal_include/furi_hal_version.h,supported
88.3,Function,+,furi_hal_version_get_model_name,0xb4980323,const char* furi_hal_version_get_model_name(),targets/furi_hal_include/furi_hal_version.h,supported
88.3,Function,+,furi_hal_version_get_name_ptr,0x7b8b2ca8,const char* furi_hal_version_get_name_ptr(),targets/furi_hal_include/furi_hal_version.h,supported
88.3,Function,+,furi_hal_version_get_ncc_id,0x705d81b2,const char* furi_hal_version_get_ncc_id(),targets/furi_hal_include/furi_hal_version.h,supported
88.3,Function,+,furi_hal_version_get_otp_version,0x62e87b4a,FuriHalVersionOtpVersion furi_hal_version_get_otp_version(),targets/furi_hal_include/furi_hal_version.h,supported
88.3,Function,+,furi_hal_version_get_srrc_id,0x20ffc0b8,const char* furi_hal_version_get_srrc_id(),targets/furi_hal_include/furi_hal_version.h,supported
88.3,Function,-,furi_hal_version_init,0xc42c7f47,void furi_hal_version_init(),targets/furi_hal_include/furi_hal_version.h,disabled
88.3,Function,+,furi_hal_version_uid,0xb85ea2d5,const uint8_t* furi_hal_version_uid(),targets/furi_hal_include/furi_hal_version.h,supported
88.3,Function,+,furi_hal_version_uid_size,0x7ea6a62f,size_t furi_hal_version_uid_size(),targets/furi_hal_include/furi_hal_version.h,supported
88.3,Function,-,furi_hal_vibro_init,0x28a0bda3,void furi_hal_vibro_init(),targets/furi_hal_include/furi_hal_vibro.h,disabled
88.3,Function,+,furi_hal_vibro_on,0xc5448eec,void furi_hal_vibro_on(_Bool),targets/furi_hal_include/furi_hal_vibro.h,supported
88.3,Function,-,furi_init,0x9917216e,void furi_init(),@sdk/toolchain-or-transitive-runtime,disabled
88.3,Function,+,furi_kernel_get_tick_frequency,0x0bac2e75,uint32_t furi_kernel_get_tick_frequency(),@sdk/toolchain-or-transitive-runtime,supported
88.3,Function,+,furi_kernel_is_irq_or_masked,0x9634c355,_Bool furi_kernel_is_irq_or_masked(),@sdk/toolchain-or-transitive-runtime,supported
88.3,Function,+,furi_kernel_is_running,0xb2ef6c96,_Bool furi_kernel_is_running(),@sdk/toolchain-or-transitive-runtime,supported
88.3,Function,+,furi_kernel_lock,0x70bc1803,int32_t furi_kernel_lock(),@sdk/toolchain-or-transitive-runtime,supported
88.3,Function,+,furi_kernel_restore_lock,0x686f2b06,int32_t furi_kernel_restore_lock(int32_t),@sdk/toolchain-or-transitive-runtime,supported
88.3,Function,+,furi_kernel_unlock,0xa5138786,int32_t furi_kernel_unlock(),@sdk/toolchain-or-transitive-runtime,supported
88.3,Function,+,furi_log_add_handler,0xbfec33a1,_Bool furi_log_add_handler(FuriLogHandler),@sdk/toolchain-or-transitive-runtime,supported
88.3,Function,+,furi_log_get_level,0x76939052,FuriLogLevel furi_log_get_level(),@sdk/toolchain-or-transitive-runtime,supported
88.3,Function,-,furi_log_init,0xb55b05af,void furi_log_init(),@sdk/toolchain-or-transitive-runtime,disabled
88.3,Function,+,furi_log_level_from_string,0x8569699c,"_Bool furi_log_level_from_string(const char*, FuriLogLevel*)",@sdk/toolchain-or-transitive-runtime,supported
88.3,Function,+,furi_log_level_to_string,0x9d580b4b,"_Bool furi_log_level_to_string(FuriLogLevel, const char**)",@sdk/toolchain-or-transitive-runtime,supported
88.3,Function,+,furi_log_print_format,0x358932d0,"void furi_log_print_format(FuriLogLevel, const char*, const char*, ...)",@sdk/toolchain-or-transitive-runtime,supported
88.3,Function,+,furi_log_print_raw_format,0xae604099,"void furi_log_print_raw_format(FuriLogLevel, const char*, ...)",@sdk/toolchain-or-transitive-runtime,supported
88.3,Function,+,furi_log_puts,0xb55efb87,void furi_log_puts(const char*),@sdk/toolchain-or-transitive-runtime,supported
88.3,Function,+,furi_log_remove_handler,0x7f3f8c86,_Bool furi_log_remove_handler(FuriLogHandler),@sdk/toolchain-or-transitive-runtime,supported
88.3,Function,+,furi_log_set_level,0xec68dc5e,void furi_log_set_level(FuriLogLevel),@sdk/toolchain-or-transitive-runtime,supported
88.3,Function,+,furi_log_tx,0x427564a7,"void furi_log_tx(const uint8_t*, size_t)",@sdk/toolchain-or-transitive-runtime,supported
88.3,Function,+,furi_message_queue_alloc,0x26f1264d,"FuriMessageQueue* furi_message_queue_alloc(uint32_t, uint32_t)",@sdk/toolchain-or-transitive-runtime,supported
88.3,Function,+,furi_message_queue_free,0x8511e724,void furi_message_queue_free(FuriMessageQueue*),@sdk/toolchain-or-transitive-runtime,supported
88.3,Function,+,furi_message_queue_get,0xe5008d82,"FuriStatus furi_message_queue_get(FuriMessageQueue*, void*, uint32_t)",@sdk/toolchain-or-transitive-runtime,supported
88.3,Function,+,furi_message_queue_get_capacity,0x33164e2f,uint32_t furi_message_queue_get_capacity(FuriMessageQueue*),@sdk/toolchain-or-transitive-runtime,supported
88.3,Function,+,furi_message_queue_get_count,0x7461930a,uint32_t furi_message_queue_get_count(FuriMessageQueue*),@sdk/toolchain-or-transitive-runtime,supported
88.3,Function,+,furi_message_queue_get_message_size,0xf9a8ca80,uint32_t furi_message_queue_get_message_size(FuriMessageQueue*),@sdk/toolchain-or-transitive-runtime,supported
88.3,Function,+,furi_message_queue_get_space,0x758350ed,uint32_t furi_message_queue_get_space(FuriMessageQueue*),@sdk/toolchain-or-transitive-runtime,supported
88.3,Function,+,furi_message_queue_put,0xe500b5db,"FuriStatus furi_message_queue_put(FuriMessageQueue*, const void*, uint32_t)",@sdk/toolchain-or-transitive-runtime,supported
88.3,Function,+,furi_message_queue_reset,0x28210cc5,FuriStatus furi_message_queue_reset(FuriMessageQueue*),@sdk/toolchain-or-transitive-runtime,supported
88.3,Function,+,furi_ms_to_ticks,0x7d458759,uint32_t furi_ms_to_ticks(uint32_t),@sdk/toolchain-or-transitive-runtime,supported
88.3,Function,+,furi_mutex_acquire,0x4f791416,"FuriStatus furi_mutex_acquire(FuriMutex*, uint32_t)",@sdk/toolchain-or-transitive-runtime,supported
88.3,Function,+,furi_mutex_alloc,0xef2a9297,FuriMutex* furi_mutex_alloc(FuriMutexType),@sdk/toolchain-or-transitive-runtime,supported
88.3,Function,+,furi_mutex_free,0x2649f22e,void furi_mutex_free(FuriMutex*),@sdk/toolchain-or-transitive-runtime,supported
88.3,Function,+,furi_mutex_get_owner,0x59897e76,FuriThreadId furi_mutex_get_owner(FuriMutex*),@sdk/toolchain-or-transitive-runtime,supported
88.3,Function,+,furi_mutex_release,0x705e0bad,FuriStatus furi_mutex_release(FuriMutex*),@sdk/toolchain-or-transitive-runtime,supported
88.3,Function,+,furi_pubsub_alloc,0x9a1ec555,FuriPubSub* furi_pubsub_alloc(),@sdk/toolchain-or-transitive-runtime,supported
88.3,Function,+,furi_pubsub_free,0x5a03c52c,void furi_pubsub_free(FuriPubSub*),@sdk/toolchain-or-transitive-runtime,supported
88.3,Function,+,furi_pubsub_publish,0x33d6fa21,"void furi_pubsub_publish(FuriPubSub*, void*)",@sdk/toolchain-or-transitive-runtime,supported
88.3,Function,+,furi_pubsub_subscribe,0xf2da67ac,"FuriPubSubSubscription* furi_pubsub_subscribe(FuriPubSub*, FuriPubSubCallback, void*)",@sdk/toolchain-or-transitive-runtime,supported
88.3,Function,+,furi_pubsub_unsubscribe,0x4b40dd0f,"void furi_pubsub_unsubscribe(FuriPubSub*, FuriPubSubSubscription*)",@sdk/toolchain-or-transitive-runtime,supported
88.3,Function,+,furi_record_close,0xada6324e,void furi_record_close(const char*),applications/services/storage/storage.h,supported
88.3,Function,+,furi_record_create,0x62d3490c,"void furi_record_create(const char*, void*)",@sdk/toolchain-or-transitive-runtime,supported
88.3,Function,+,furi_record_destroy,0xeceb52a2,_Bool furi_record_destroy(const char*),@sdk/toolchain-or-transitive-runtime,supported
88.3,Function,+,furi_record_exists,0x67ecab78,_Bool furi_record_exists(const char*),@sdk/toolchain-or-transitive-runtime,supported
88.3,Function,-,furi_record_init,0x05466acc,void furi_record_init(),@sdk/toolchain-or-transitive-runtime,disabled
88.3,Function,+,furi_record_open,0x0549bd0a,void* furi_record_open(const char*),applications/services/storage/storage.h,supported
88.3,Function,+,furi_run,0xddda10ef,void furi_run(),@sdk/toolchain-or-transitive-runtime,supported
88.3,Function,+,furi_semaphore_acquire,0x9159da67,"FuriStatus furi_semaphore_acquire(FuriSemaphore*, uint32_t)",@sdk/toolchain-or-transitive-runtime,supported
88.3,Function,+,furi_semaphore_alloc,0xa2d390a8,"FuriSemaphore* furi_semaphore_alloc(uint32_t, uint32_t)",@sdk/toolchain-or-transitive-runtime,supported
88.3,Function,+,furi_semaphore_free,0x88d2f21f,void furi_semaphore_free(FuriSemaphore*),@sdk/toolchain-or-transitive-runtime,supported
88.3,Function,+,furi_semaphore_get_count,0x95d7b2e5,uint32_t furi_semaphore_get_count(FuriSemaphore*),@sdk/toolchain-or-transitive-runtime,supported
88.3,Function,+,furi_semaphore_get_space,0x96f970c8,uint32_t furi_semaphore_get_space(FuriSemaphore*),@sdk/toolchain-or-transitive-runtime,supported
88.3,Function,+,furi_semaphore_release,0xb23ed1fe,FuriStatus furi_semaphore_release(FuriSemaphore*),@sdk/toolchain-or-transitive-runtime,supported
88.3,Function,+,furi_stream_buffer_alloc,0x8da35d29,"FuriStreamBuffer* furi_stream_buffer_alloc(size_t, size_t)",@sdk/toolchain-or-transitive-runtime,supported
88.3,Function,+,furi_stream_buffer_bytes_available,0x7ce3ab85,size_t furi_stream_buffer_bytes_available(FuriStreamBuffer*),@sdk/toolchain-or-transitive-runtime,supported
88.3,Function,+,furi_stream_buffer_free,0x78aab280,void furi_stream_buffer_free(FuriStreamBuffer*),@sdk/toolchain-or-transitive-runtime,supported
88.3,Function,+,furi_stream_buffer_is_empty,0x5fbe6b48,_Bool furi_stream_buffer_is_empty(FuriStreamBuffer*),@sdk/toolchain-or-transitive-runtime,supported
88.3,Function,+,furi_stream_buffer_is_full,0xfb257acc,_Bool furi_stream_buffer_is_full(FuriStreamBuffer*),@sdk/toolchain-or-transitive-runtime,supported
88.3,Function,+,furi_stream_buffer_receive,0x8f9108a1,"size_t furi_stream_buffer_receive(FuriStreamBuffer*, void*, size_t, uint32_t)",@sdk/toolchain-or-transitive-runtime,supported
88.3,Function,+,furi_stream_buffer_reset,0x8ed343a1,FuriStatus furi_stream_buffer_reset(FuriStreamBuffer*),@sdk/toolchain-or-transitive-runtime,supported
88.3,Function,+,furi_stream_buffer_send,0x78b19d48,"size_t furi_stream_buffer_send(FuriStreamBuffer*, const void*, size_t, uint32_t)",@sdk/toolchain-or-transitive-runtime,supported
88.3,Function,+,furi_stream_buffer_spaces_available,0x41db7f3d,size_t furi_stream_buffer_spaces_available(FuriStreamBuffer*),@sdk/toolchain-or-transitive-runtime,supported
88.3,Function,+,furi_stream_get_trigger_level,0x62a94a6f,size_t furi_stream_get_trigger_level(FuriStreamBuffer*),@sdk/toolchain-or-transitive-runtime,supported
88.3,Function,+,furi_stream_set_trigger_level,0x44dfe27b,"_Bool furi_stream_set_trigger_level(FuriStreamBuffer*, size_t)",@sdk/toolchain-or-transitive-runtime,supported
88.3,Function,+,furi_string_alloc,0x667f2ddb,FuriString* furi_string_alloc(),applications/services/storage/storage.h;lib/flipper_format/flipper_format.h,supported
88.3,Function,+,furi_string_alloc_move,0x4bd1d3b1,FuriString* furi_string_alloc_move(FuriString*),@sdk/toolchain-or-transitive-runtime,supported
88.3,Function,+,furi_string_alloc_printf,0x8ec45c0d,"FuriString* furi_string_alloc_printf(const char[], ...)",@sdk/toolchain-or-transitive-runtime,supported
88.3,Function,+,furi_string_alloc_set,0xcbfeb206,FuriString* furi_string_alloc_set(const FuriString*),@sdk/toolchain-or-transitive-runtime,supported
88.3,Function,+,furi_string_alloc_set_str,0x30aa559e,FuriString* furi_string_alloc_set_str(const char[]),@sdk/toolchain-or-transitive-runtime,supported
88.3,Function,+,furi_string_alloc_vprintf,0x31230043,"FuriString* furi_string_alloc_vprintf(const char[], va_list)",@sdk/toolchain-or-transitive-runtime,supported
88.3,Function,+,furi_string_cat,0x0eab4808,"void furi_string_cat(FuriString*, const FuriString*)",@sdk/toolchain-or-transitive-runtime,supported
88.3,Function,+,furi_string_cat_printf,0x04a1a19a,"int furi_string_cat_printf(FuriString*, const char[], ...)",@sdk/toolchain-or-transitive-runtime,supported
88.3,Function,+,furi_string_cat_str,0x83d61ca0,"void furi_string_cat_str(FuriString*, const char[])",@sdk/toolchain-or-transitive-runtime,supported
88.3,Function,+,furi_string_cat_vprintf,0x62a8f770,"int furi_string_cat_vprintf(FuriString*, const char[], va_list)",@sdk/toolchain-or-transitive-runtime,supported
88.3,Function,+,furi_string_cmp,0x0eab4990,"int furi_string_cmp(const FuriString*, const FuriString*)",@sdk/toolchain-or-transitive-runtime,supported
88.3,Function,+,furi_string_cmp_str,0x9f8ba228,"int furi_string_cmp_str(const FuriString*, const char[])",@sdk/toolchain-or-transitive-runtime,supported
88.3,Function,+,furi_string_cmpi,0xe4147bf9,"int furi_string_cmpi(const FuriString*, const FuriString*)",@sdk/toolchain-or-transitive-runtime,supported
88.3,Function,+,furi_string_cmpi_str,0x91a9e111,"int furi_string_cmpi_str(const FuriString*, const char[])",@sdk/toolchain-or-transitive-runtime,supported
88.3,Function,+,furi_string_empty,0x66c82dff,_Bool furi_string_empty(const FuriString*),@sdk/toolchain-or-transitive-runtime,supported
88.3,Function,+,furi_string_end_with,0x9a81e982,"_Bool furi_string_end_with(const FuriString*, const FuriString*)",@sdk/toolchain-or-transitive-runtime,supported
88.3,Function,+,furi_string_end_with_str,0x74b4eb1a,"_Bool furi_string_end_with_str(const FuriString*, const char[])",@sdk/toolchain-or-transitive-runtime,supported
88.3,Function,+,furi_string_end_withi,0xeabf1a2b,"_Bool furi_string_end_withi(const FuriString*, const FuriString*)",@sdk/toolchain-or-transitive-runtime,supported
88.3,Function,+,furi_string_end_withi_str,0x0bfc4843,"_Bool furi_string_end_withi_str(const FuriString*, const char[])",@sdk/toolchain-or-transitive-runtime,supported
88.3,Function,+,furi_string_equal,0x66ca7248,"_Bool furi_string_equal(const FuriString*, const FuriString*)",@sdk/toolchain-or-transitive-runtime,supported
88.3,Function,+,furi_string_equal_str,0xd00066e0,"_Bool furi_string_equal_str(const FuriString*, const char[])",@sdk/toolchain-or-transitive-runtime,supported
88.3,Function,+,furi_string_free,0xe41634f2,void furi_string_free(FuriString*),applications/services/storage/storage.h,supported
88.3,Function,+,furi_string_get_char,0xe380fc4d,"char furi_string_get_char(const FuriString*, size_t)",@sdk/toolchain-or-transitive-runtime,supported
88.3,Function,+,furi_string_get_cstr,0xe3812d8b,const char* furi_string_get_cstr(const FuriString*),@sdk/toolchain-or-transitive-runtime,supported
88.3,Function,+,furi_string_hash,0xe4170734,size_t furi_string_hash(const FuriString*),@sdk/toolchain-or-transitive-runtime,supported
88.3,Function,+,furi_string_left,0xe419481b,"void furi_string_left(FuriString*, size_t)",@sdk/toolchain-or-transitive-runtime,supported
88.3,Function,+,furi_string_mid,0x0eab738a,"void furi_string_mid(FuriString*, size_t, size_t)",@sdk/toolchain-or-transitive-runtime,supported
88.3,Function,+,furi_string_move,0xe41a0107,"void furi_string_move(FuriString*, FuriString*)",@sdk/toolchain-or-transitive-runtime,supported
88.3,Function,+,furi_string_printf,0x59cd36e3,"int furi_string_printf(FuriString*, const char[], ...)",@sdk/toolchain-or-transitive-runtime,supported
88.3,Function,+,furi_string_push_back,0xf7d65020,"void furi_string_push_back(FuriString*, char)",@sdk/toolchain-or-transitive-runtime,supported
88.3,Function,+,furi_string_replace,0x0f92be8c,"size_t furi_string_replace(FuriString*, FuriString*, FuriString*, size_t)",@sdk/toolchain-or-transitive-runtime,supported
88.3,Function,+,furi_string_replace_all,0x00dce784,"void furi_string_replace_all(FuriString*, const FuriString*, const FuriString*)",@sdk/toolchain-or-transitive-runtime,supported
88.3,Function,+,furi_string_replace_all_str,0x6c831a1c,"void furi_string_replace_all_str(FuriString*, const char[], const char[])",@sdk/toolchain-or-transitive-runtime,supported
88.3,Function,+,furi_string_replace_at,0x26d06420,"void furi_string_replace_at(FuriString*, size_t, size_t, const char[])",@sdk/toolchain-or-transitive-runtime,supported
88.3,Function,+,furi_string_replace_str,0x00dd3524,"size_t furi_string_replace_str(FuriString*, const char[], const char[], size_t)",@sdk/toolchain-or-transitive-runtime,supported
88.3,Function,+,furi_string_reserve,0x0fc57c2c,"void furi_string_reserve(FuriString*, size_t)",@sdk/toolchain-or-transitive-runtime,supported
88.3,Function,+,furi_string_reset,0x67af1453,void furi_string_reset(FuriString*),@sdk/toolchain-or-transitive-runtime,supported
88.3,Function,+,furi_string_right,0x67b1132e,"void furi_string_right(FuriString*, size_t)",@sdk/toolchain-or-transitive-runtime,supported
88.3,Function,+,furi_string_search,0x5fdd1e06,"size_t furi_string_search(const FuriString*, const FuriString*, size_t)",@sdk/toolchain-or-transitive-runtime,supported
88.3,Function,+,furi_string_search_char,0xe1adfa83,"size_t furi_string_search_char(const FuriString*, char, size_t)",@sdk/toolchain-or-transitive-runtime,supported
88.3,Function,+,furi_string_search_rchar,0x187a1895,"size_t furi_string_search_rchar(const FuriString*, char, size_t)",@sdk/toolchain-or-transitive-runtime,supported
88.3,Function,+,furi_string_search_str,0x25dec19e,"size_t furi_string_search_str(const FuriString*, const char[], size_t)",@sdk/toolchain-or-transitive-runtime,supported
88.3,Function,+,furi_string_set,0x0eab8c9c,"void furi_string_set(FuriString*, FuriString*)",@sdk/toolchain-or-transitive-runtime,supported
88.3,Function,+,furi_string_set_char,0xf696f6d9,"void furi_string_set_char(FuriString*, size_t, const char)",@sdk/toolchain-or-transitive-runtime,supported
88.3,Function,+,furi_string_set_n,0x67c13049,"void furi_string_set_n(FuriString*, const FuriString*, size_t, size_t)",@sdk/toolchain-or-transitive-runtime,supported
88.3,Function,+,furi_string_set_str,0x5cce8b34,"void furi_string_set_str(FuriString*, const char[])",@sdk/toolchain-or-transitive-runtime,supported
88.3,Function,+,furi_string_set_strn,0xf69ff222,"void furi_string_set_strn(FuriString*, const char[], size_t)",@sdk/toolchain-or-transitive-runtime,supported
88.3,Function,+,furi_string_size,0xe41d324b,size_t furi_string_size(const FuriString*),@sdk/toolchain-or-transitive-runtime,supported
88.3,Function,+,furi_string_start_with,0x203b3559,"_Bool furi_string_start_with(const FuriString*, const FuriString*)",@sdk/toolchain-or-transitive-runtime,supported
88.3,Function,+,furi_string_start_with_str,0x8b4e4a71,"_Bool furi_string_start_with_str(const FuriString*, const char[])",@sdk/toolchain-or-transitive-runtime,supported
88.3,Function,+,furi_string_swap,0xe41d6aab,"void furi_string_swap(FuriString*, FuriString*)",@sdk/toolchain-or-transitive-runtime,supported
88.3,Function,+,furi_string_trim,0xe41de2cc,"void furi_string_trim(FuriString*, const char[])",@sdk/toolchain-or-transitive-runtime,supported
88.3,Function,+,furi_string_utf8_decode,0xabb8fb9a,"void furi_string_utf8_decode(char, FuriStringUTF8State*, FuriStringUnicodeValue*)",@sdk/toolchain-or-transitive-runtime,supported
88.3,Function,+,furi_string_utf8_length,0xbe6828d8,size_t furi_string_utf8_length(FuriString*),@sdk/toolchain-or-transitive-runtime,supported
88.3,Function,+,furi_string_utf8_push,0xf95e00b6,"void furi_string_utf8_push(FuriString*, FuriStringUnicodeValue)",@sdk/toolchain-or-transitive-runtime,supported
88.3,Function,+,furi_string_vprintf,0x5d4735d9,"int furi_string_vprintf(FuriString*, const char[], va_list)",@sdk/toolchain-or-transitive-runtime,supported
88.3,Function,+,furi_thread_alloc,0x9ee1c27c,FuriThread* furi_thread_alloc(),@sdk/toolchain-or-transitive-runtime,supported
88.3,Function,+,furi_thread_alloc_ex,0xa9e82298,"FuriThread* furi_thread_alloc_ex(const char*, uint32_t, FuriThreadCallback, void*)",@sdk/toolchain-or-transitive-runtime,supported
88.3,Function,-,furi_thread_alloc_service,0xde8c3a2c,"FuriThread* furi_thread_alloc_service(const char*, uint32_t, FuriThreadCallback, void*)",@sdk/toolchain-or-transitive-runtime,disabled
88.3,Function,-,furi_thread_disable_heap_trace,0x9ca9bbd0,void furi_thread_disable_heap_trace(FuriThread*),@sdk/toolchain-or-transitive-runtime,disabled
88.3,Function,+,furi_thread_enable_heap_trace,0x16ba1f63,void furi_thread_enable_heap_trace(FuriThread*),@sdk/toolchain-or-transitive-runtime,supported
88.3,Function,+,furi_thread_enumerate,0x41b23ff7,_Bool furi_thread_enumerate(FuriThreadList*),@sdk/toolchain-or-transitive-runtime,supported
88.3,Function,+,furi_thread_flags_clear,0x5ac304e4,uint32_t furi_thread_flags_clear(uint32_t),@sdk/toolchain-or-transitive-runtime,supported
88.3,Function,+,furi_thread_flags_get,0xcd1257dd,uint32_t furi_thread_flags_get(),@sdk/toolchain-or-transitive-runtime,supported
88.3,Function,+,furi_thread_flags_set,0xcd128ae9,"uint32_t furi_thread_flags_set(FuriThreadId, uint32_t)",@sdk/toolchain-or-transitive-runtime,supported
88.3,Function,+,furi_thread_flags_wait,0x6f660792,"uint32_t furi_thread_flags_wait(uint32_t, uint32_t, uint32_t)",@sdk/toolchain-or-transitive-runtime,supported
88.3,Function,+,furi_thread_free,0x98383973,void furi_thread_free(FuriThread*),@sdk/toolchain-or-transitive-runtime,supported
88.3,Function,+,furi_thread_get_appid,0x6e6ef41e,const char* furi_thread_get_appid(FuriThreadId),@sdk/toolchain-or-transitive-runtime,supported
88.3,Function,+,furi_thread_get_current,0x6bc3eb93,FuriThread* furi_thread_get_current(),@sdk/toolchain-or-transitive-runtime,supported
88.3,Function,+,furi_thread_get_current_id,0xfa1248bf,FuriThreadId furi_thread_get_current_id(),@sdk/toolchain-or-transitive-runtime,supported
88.3,Function,+,furi_thread_get_current_priority,0x37de5bf4,FuriThreadPriority furi_thread_get_current_priority(),@sdk/toolchain-or-transitive-runtime,supported
88.3,Function,+,furi_thread_get_heap_size,0xcd0bb568,size_t furi_thread_get_heap_size(FuriThread*),@sdk/toolchain-or-transitive-runtime,supported
88.3,Function,+,furi_thread_get_id,0x889e7a5d,FuriThreadId furi_thread_get_id(FuriThread*),@sdk/toolchain-or-transitive-runtime,supported
88.3,Function,+,furi_thread_get_name,0x2a294531,const char* furi_thread_get_name(FuriThreadId),@sdk/toolchain-or-transitive-runtime,supported
88.3,Function,+,furi_thread_get_priority,0xe77ccc12,FuriThreadPriority furi_thread_get_priority(FuriThread*),@sdk/toolchain-or-transitive-runtime,supported
88.3,Function,+,furi_thread_get_return_code,0x611aacaa,int32_t furi_thread_get_return_code(FuriThread*),@sdk/toolchain-or-transitive-runtime,supported
88.3,Function,+,furi_thread_get_signal_callback,0xbed5161a,FuriThreadSignalCallback furi_thread_get_signal_callback(const FuriThread*),@sdk/toolchain-or-transitive-runtime,supported
88.3,Function,+,furi_thread_get_stack_space,0xa4d44c91,uint32_t furi_thread_get_stack_space(FuriThreadId),@sdk/toolchain-or-transitive-runtime,supported
88.3,Function,+,furi_thread_get_state,0x6fb6a051,FuriThreadState furi_thread_get_state(FuriThread*),@sdk/toolchain-or-transitive-runtime,supported
88.3,Function,+,furi_thread_get_stdin_callback,0x20fb1cbe,"void furi_thread_get_stdin_callback(FuriThreadStdinReadCallback*, void**)",@sdk/toolchain-or-transitive-runtime,supported
88.3,Function,+,furi_thread_get_stdout_callback,0x190082ff,"void furi_thread_get_stdout_callback(FuriThreadStdoutWriteCallback*, void**)",@sdk/toolchain-or-transitive-runtime,supported
88.3,Function,+,furi_thread_is_suspended,0x5330a077,_Bool furi_thread_is_suspended(FuriThreadId),@sdk/toolchain-or-transitive-runtime,supported
88.3,Function,+,furi_thread_join,0x983a5ec1,_Bool furi_thread_join(FuriThread*),@sdk/toolchain-or-transitive-runtime,supported
88.3,Function,+,furi_thread_list_alloc,0x80fd54b7,FuriThreadList* furi_thread_list_alloc(),@sdk/toolchain-or-transitive-runtime,supported
88.3,Function,+,furi_thread_list_free,0x49bcf04e,void furi_thread_list_free(FuriThreadList*),@sdk/toolchain-or-transitive-runtime,supported
88.3,Function,+,furi_thread_list_get_at,0xae2c5300,"FuriThreadListItem* furi_thread_list_get_at(FuriThreadList*, size_t)",@sdk/toolchain-or-transitive-runtime,supported
88.3,Function,+,furi_thread_list_get_isr_time,0xe6d795e7,float furi_thread_list_get_isr_time(FuriThreadList*),@sdk/toolchain-or-transitive-runtime,supported
88.3,Function,+,furi_thread_list_get_or_insert,0xf0cd00c0,"FuriThreadListItem* furi_thread_list_get_or_insert(FuriThreadList*, FuriThread*)",@sdk/toolchain-or-transitive-runtime,supported
88.3,Function,+,furi_thread_list_size,0x49c3eda7,size_t furi_thread_list_size(FuriThreadList*),@sdk/toolchain-or-transitive-runtime,supported
88.3,Function,+,furi_thread_resume,0xa2470b02,void furi_thread_resume(FuriThreadId),@sdk/toolchain-or-transitive-runtime,supported
88.3,Function,+,furi_thread_set_appid,0xe444402a,"void furi_thread_set_appid(FuriThread*, const char*)",@sdk/toolchain-or-transitive-runtime,supported
88.3,Function,+,furi_thread_set_callback,0x1daf9a69,"void furi_thread_set_callback(FuriThread*, FuriThreadCallback)",@sdk/toolchain-or-transitive-runtime,supported
88.3,Function,+,furi_thread_set_context,0x9dd62ee1,"void furi_thread_set_context(FuriThread*, void*)",@sdk/toolchain-or-transitive-runtime,supported
88.3,Function,+,furi_thread_set_current_priority,0xc9b48880,void furi_thread_set_current_priority(FuriThreadPriority),@sdk/toolchain-or-transitive-runtime,supported
88.3,Function,+,furi_thread_set_name,0x3d3f3fbd,"void furi_thread_set_name(FuriThread*, const char*)",@sdk/toolchain-or-transitive-runtime,supported
88.3,Function,+,furi_thread_set_priority,0x32e52c9e,"void furi_thread_set_priority(FuriThread*, FuriThreadPriority)",@sdk/toolchain-or-transitive-runtime,supported
88.3,Function,+,furi_thread_set_signal_callback,0x0911e126,"void furi_thread_set_signal_callback(FuriThread*, FuriThreadSignalCallback, void*)",@sdk/toolchain-or-transitive-runtime,supported
88.3,Function,+,furi_thread_set_stack_size,0x67280fac,"void furi_thread_set_stack_size(FuriThread*, size_t)",@sdk/toolchain-or-transitive-runtime,supported
88.3,Function,+,furi_thread_set_state_callback,0x4dc74dc9,"void furi_thread_set_state_callback(FuriThread*, FuriThreadStateCallback)",@sdk/toolchain-or-transitive-runtime,supported
88.3,Function,+,furi_thread_set_state_context,0xc614f641,"void furi_thread_set_state_context(FuriThread*, void*)",@sdk/toolchain-or-transitive-runtime,supported
88.3,Function,+,furi_thread_set_stdin_callback,0x4a04b64a,"void furi_thread_set_stdin_callback(FuriThreadStdinReadCallback, void*)",lib/toolbox/pipe.h,supported
88.3,Function,+,furi_thread_set_stdout_callback,0x633d4e0b,"void furi_thread_set_stdout_callback(FuriThreadStdoutWriteCallback, void*)",lib/toolbox/pipe.h,supported
88.3,Function,+,furi_thread_signal,0xa4dde1cf,"_Bool furi_thread_signal(const FuriThread*, uint32_t, void*)",@sdk/toolchain-or-transitive-runtime,supported
88.3,Function,+,furi_thread_start,0xa02bb03f,void furi_thread_start(FuriThread*),@sdk/toolchain-or-transitive-runtime,supported
88.3,Function,+,furi_thread_stdin_read,0x9ae06d4e,"size_t furi_thread_stdin_read(char*, size_t, FuriWait)",@sdk/toolchain-or-transitive-runtime,supported
88.3,Function,+,furi_thread_stdin_unread,0xdc5cb2d1,"void furi_thread_stdin_unread(char*, size_t)",@sdk/toolchain-or-transitive-runtime,supported
88.3,Function,+,furi_thread_stdout_flush,0x29b5e115,int32_t furi_thread_stdout_flush(),@sdk/toolchain-or-transitive-runtime,supported
88.3,Function,+,furi_thread_stdout_write,0x2aec98fe,"size_t furi_thread_stdout_write(const char*, size_t)",@sdk/toolchain-or-transitive-runtime,supported
88.3,Function,+,furi_thread_suspend,0x5d7253b3,void furi_thread_suspend(FuriThreadId),@sdk/toolchain-or-transitive-runtime,supported
88.3,Function,+,furi_thread_yield,0xa0924b48,void furi_thread_yield(),@sdk/toolchain-or-transitive-runtime,supported
88.3,Function,+,furi_timer_alloc,0x66f03645,"FuriTimer* furi_timer_alloc(FuriTimerCallback, FuriTimerType, void*)",@sdk/toolchain-or-transitive-runtime,supported
88.3,Function,+,furi_timer_flush,0x674ad79c,void furi_timer_flush(),@sdk/toolchain-or-transitive-runtime,supported
88.3,Function,+,furi_timer_free,0x48f2d81c,void furi_timer_free(FuriTimer*),@sdk/toolchain-or-transitive-runtime,supported
88.3,Function,+,furi_timer_get_expire_time,0xfaf5ceb4,uint32_t furi_timer_get_expire_time(FuriTimer*),@sdk/toolchain-or-transitive-runtime,supported
88.3,Function,+,furi_timer_is_running,0x3dc9f1f6,uint32_t furi_timer_is_running(FuriTimer*),@sdk/toolchain-or-transitive-runtime,supported
88.3,Function,+,furi_timer_pending_callback,0xdfd4830b,"void furi_timer_pending_callback(FuriTimerPendigCallback, void*, uint32_t)",@sdk/toolchain-or-transitive-runtime,supported
88.3,Function,+,furi_timer_restart,0xf0a237ff,"FuriStatus furi_timer_restart(FuriTimer*, uint32_t)",@sdk/toolchain-or-transitive-runtime,supported
88.3,Function,+,furi_timer_set_thread_priority,0x28721e1e,void furi_timer_set_thread_priority(FuriTimerThreadPriority),@sdk/toolchain-or-transitive-runtime,supported
88.3,Function,+,furi_timer_start,0x683a2408,"FuriStatus furi_timer_start(FuriTimer*, uint32_t)",@sdk/toolchain-or-transitive-runtime,supported
88.3,Function,+,furi_timer_stop,0x48fa02e0,FuriStatus furi_timer_stop(FuriTimer*),@sdk/toolchain-or-transitive-runtime,supported
88.3,Function,-,fwrite,0xfe76ea16,"size_t fwrite(const void*, size_t, size_t, FILE*)",@sdk/toolchain-or-transitive-runtime,disabled
88.3,Function,-,fwrite_unlocked,0xf08ed9ea,"size_t fwrite_unlocked(const void*, size_t, size_t, FILE*)",@sdk/toolchain-or-transitive-runtime,disabled
88.3,Function,-,gamma,0x0f7deae8,double gamma(double),@sdk/toolchain-or-transitive-runtime,disabled
88.3,Function,-,gamma_r,0xe6a45199,"double gamma_r(double, int*)",@sdk/toolchain-or-transitive-runtime,disabled
88.3,Function,-,gammaf,0xff3b484e,float gammaf(float),@sdk/toolchain-or-transitive-runtime,disabled
88.3,Function,-,gammaf_r,0xbb2ea07f,"float gammaf_r(float, int*)",@sdk/toolchain-or-transitive-runtime,disabled
88.3,Function,-,gap_emit_ble_beacon_status_event,0x81b47f48,void gap_emit_ble_beacon_status_event(_Bool),@sdk/toolchain-or-transitive-runtime,disabled
88.3,Function,-,gap_extra_beacon_get_config,0xbfe004db,const GapExtraBeaconConfig* gap_extra_beacon_get_config(),@sdk/toolchain-or-transitive-runtime,disabled
88.3,Function,-,gap_extra_beacon_get_data,0xbf0f91bf,uint8_t gap_extra_beacon_get_data(uint8_t*),@sdk/toolchain-or-transitive-runtime,disabled
88.3,Function,-,gap_extra_beacon_get_state,0xa21b5666,GapExtraBeaconState gap_extra_beacon_get_state(),@sdk/toolchain-or-transitive-runtime,disabled
88.3,Function,-,gap_extra_beacon_init,0xe3ca231a,void gap_extra_beacon_init(),@sdk/toolchain-or-transitive-runtime,disabled
88.3,Function,-,gap_extra_beacon_set_config,0xf05ed267,_Bool gap_extra_beacon_set_config(const GapExtraBeaconConfig*),@sdk/toolchain-or-transitive-runtime,disabled
88.3,Function,-,gap_extra_beacon_set_data,0xd2258c4b,"_Bool gap_extra_beacon_set_data(const uint8_t*, uint8_t)",@sdk/toolchain-or-transitive-runtime,disabled
88.3,Function,-,gap_extra_beacon_start,0x5dc6a3d4,_Bool gap_extra_beacon_start(),@sdk/toolchain-or-transitive-runtime,disabled
88.3,Function,-,gap_extra_beacon_stop,0xe3cfb92c,_Bool gap_extra_beacon_stop(),@sdk/toolchain-or-transitive-runtime,disabled
88.3,Function,-,gap_get_state,0x9c540abc,GapState gap_get_state(),@sdk/toolchain-or-transitive-runtime,disabled
88.3,Function,-,gap_init,0xc13549b0,"_Bool gap_init(GapConfig*, const GapRootSecurityKeys*, GapEventCallback, void*)",@sdk/toolchain-or-transitive-runtime,disabled
88.3,Function,-,gap_start_advertising,0x539a2589,void gap_start_advertising(),@sdk/toolchain-or-transitive-runtime,disabled
88.3,Function,-,gap_stop_advertising,0xe31f0c21,void gap_stop_advertising(),@sdk/toolchain-or-transitive-runtime,disabled
88.3,Function,-,gap_thread_stop,0xe4d96e39,void gap_thread_stop(),@sdk/toolchain-or-transitive-runtime,disabled
88.3,Function,-,getc,0x7c974788,int getc(FILE*),lib/toolbox/cli/cli_command.h;lib/toolbox/pipe.h,disabled
88.3,Function,-,getc_unlocked,0xf61c779c,int getc_unlocked(FILE*),@sdk/toolchain-or-transitive-runtime,disabled
88.3,Function,-,getchar,0xf07241e3,int getchar(),lib/toolbox/cli/cli_command.h,disabled
88.3,Function,-,getchar_unlocked,0x20b24857,int getchar_unlocked(),@sdk/toolchain-or-transitive-runtime,disabled
88.3,Function,-,getenv,0xff8760ae,char* getenv(const char*),@sdk/toolchain-or-transitive-runtime,disabled
88.3,Function,-,gets,0x7c974798,char* gets(char*),lib/mjs/mjs_core_public.h;lib/pulse_reader/pulse_reader.h,disabled
88.3,Function,-,getsubopt,0xfc489dc2,"int getsubopt(char**, char* const*, char**)",@sdk/toolchain-or-transitive-runtime,disabled
88.3,Function,-,getw,0x7c97479c,int getw(FILE*),@sdk/toolchain-or-transitive-runtime,disabled
88.3,Function,+,gui_add_framebuffer_callback,0x26c9c382,"void gui_add_framebuffer_callback(Gui*, GuiCanvasCommitCallback, void*)",applications/services/gui/gui.h,supported
88.3,Function,+,gui_add_view_port,0xf4296c90,"void gui_add_view_port(Gui*, ViewPort*, GuiLayer)",applications/services/gui/gui.h,supported
88.3,Function,+,gui_direct_draw_acquire,0x837d8bda,Canvas* gui_direct_draw_acquire(Gui*),applications/services/gui/gui.h,supported
88.3,Function,+,gui_direct_draw_release,0xa4628371,void gui_direct_draw_release(Gui*),applications/services/gui/gui.h,supported
88.3,Function,+,gui_get_framebuffer_size,0x86914487,size_t gui_get_framebuffer_size(const Gui*),applications/services/gui/gui.h,supported
88.3,Function,+,gui_remove_framebuffer_callback,0x0b9a71c7,"void gui_remove_framebuffer_callback(Gui*, GuiCanvasCommitCallback, void*)",applications/services/gui/gui.h,supported
88.3,Function,+,gui_remove_view_port,0x0406a3f5,"void gui_remove_view_port(Gui*, ViewPort*)",applications/services/gui/gui.h,supported
88.3,Function,+,gui_set_lockdown,0xad4b0fd5,"void gui_set_lockdown(Gui*, _Bool)",applications/services/gui/gui.h,supported
88.3,Function,+,gui_view_port_send_to_back,0x4a3584e3,"void gui_view_port_send_to_back(Gui*, ViewPort*)",applications/services/gui/gui.h,supported
88.3,Function,+,gui_view_port_send_to_front,0x9138099b,"void gui_view_port_send_to_front(Gui*, ViewPort*)",applications/services/gui/gui.h,supported
88.3,Function,-,hci_send_req,0x3909ed29,"int hci_send_req(hci_request*, uint8_t)",@sdk/toolchain-or-transitive-runtime,disabled
88.3,Function,+,hex_char_to_hex_nibble,0xdfc741b8,"_Bool hex_char_to_hex_nibble(char, uint8_t*)",lib/toolbox/hex.h,supported
88.3,Function,+,hex_char_to_uint8,0xef195c40,"_Bool hex_char_to_uint8(char, char, uint8_t*)",lib/toolbox/hex.h,supported
88.3,Function,+,hex_chars_to_uint64,0xb9ed2145,"_Bool hex_chars_to_uint64(const char*, uint64_t*)",lib/toolbox/hex.h,supported
88.3,Function,+,hex_chars_to_uint8,0xcf54c2f3,"_Bool hex_chars_to_uint8(const char*, uint8_t*)",lib/toolbox/hex.h,supported
88.3,Function,-,hypot,0x0f9d3999,"double hypot(double, double)",@sdk/toolchain-or-transitive-runtime,disabled
88.3,Function,-,hypotf,0x03446d1f,"float hypotf(float, float)",@sdk/toolchain-or-transitive-runtime,disabled
88.3,Function,-,hypotl,0x03446d25,"long double hypotl(long double, long double)",@sdk/toolchain-or-transitive-runtime,disabled
88.3,Function,+,ibutton_key_alloc,0x02fdc01c,iButtonKey* ibutton_key_alloc(size_t),lib/ibutton/ibutton_key.h,supported
88.3,Function,+,ibutton_key_free,0x83fb0313,void ibutton_key_free(iButtonKey*),lib/ibutton/ibutton_key.h,supported
88.3,Function,+,ibutton_key_get_protocol_id,0xd3b6db6e,iButtonProtocolId ibutton_key_get_protocol_id(const iButtonKey*),lib/ibutton/ibutton_key.h,supported
88.3,Function,+,ibutton_key_reset,0x042da694,void ibutton_key_reset(iButtonKey*),lib/ibutton/ibutton_key.h,supported
88.3,Function,+,ibutton_key_set_protocol_id,0x7b10007a,"void ibutton_key_set_protocol_id(iButtonKey*, iButtonProtocolId)",lib/ibutton/ibutton_key.h,supported
88.3,Function,+,ibutton_protocols_alloc,0x364da078,iButtonProtocols* ibutton_protocols_alloc(),lib/ibutton/ibutton_protocols.h,supported
88.3,Function,+,ibutton_protocols_apply_edits,0x17203f8b,"void ibutton_protocols_apply_edits(iButtonProtocols*, const iButtonKey*)",lib/ibutton/ibutton_protocols.h,supported
88.3,Function,+,ibutton_protocols_emulate_start,0x1066b147,"void ibutton_protocols_emulate_start(iButtonProtocols*, iButtonKey*)",lib/ibutton/ibutton_protocols.h,supported
88.3,Function,+,ibutton_protocols_emulate_stop,0x6d1a643f,"void ibutton_protocols_emulate_stop(iButtonProtocols*, iButtonKey*)",lib/ibutton/ibutton_protocols.h,supported
88.3,Function,+,ibutton_protocols_free,0xea6247ef,void ibutton_protocols_free(iButtonProtocols*),lib/ibutton/ibutton_protocols.h,supported
88.3,Function,+,ibutton_protocols_get_editable_data,0x743c64ff,"void ibutton_protocols_get_editable_data(iButtonProtocols*, const iButtonKey*, iButtonEditableData*)",lib/ibutton/ibutton_protocols.h,supported
88.3,Function,+,ibutton_protocols_get_features,0xc8872eeb,"uint32_t ibutton_protocols_get_features(iButtonProtocols*, iButtonProtocolId)",lib/ibutton/ibutton_protocols.h,supported
88.3,Function,+,ibutton_protocols_get_id_by_name,0x64976af3,"iButtonProtocolId ibutton_protocols_get_id_by_name(iButtonProtocols*, const char*)",lib/ibutton/ibutton_protocols.h,supported
88.3,Function,+,ibutton_protocols_get_manufacturer,0xf67594b9,"const char* ibutton_protocols_get_manufacturer(iButtonProtocols*, iButtonProtocolId)",lib/ibutton/ibutton_protocols.h,supported
88.3,Function,+,ibutton_protocols_get_max_data_size,0xa7a46e25,size_t ibutton_protocols_get_max_data_size(iButtonProtocols*),lib/ibutton/ibutton_protocols.h,supported
88.3,Function,+,ibutton_protocols_get_name,0x876e31ad,"const char* ibutton_protocols_get_name(iButtonProtocols*, iButtonProtocolId)",lib/ibutton/ibutton_protocols.h,supported
88.3,Function,+,ibutton_protocols_get_protocol_count,0x91155806,uint32_t ibutton_protocols_get_protocol_count(),lib/ibutton/ibutton_protocols.h,supported
88.3,Function,+,ibutton_protocols_is_valid,0x663e19b8,"_Bool ibutton_protocols_is_valid(iButtonProtocols*, const iButtonKey*)",lib/ibutton/ibutton_protocols.h,supported
88.3,Function,+,ibutton_protocols_load,0xea6584ed,"_Bool ibutton_protocols_load(iButtonProtocols*, iButtonKey*, const char*)",lib/ibutton/ibutton_protocols.h,supported
88.3,Function,+,ibutton_protocols_read,0xea68a4a9,"_Bool ibutton_protocols_read(iButtonProtocols*, iButtonKey*)",lib/ibutton/ibutton_protocols.h,supported
88.3,Function,+,ibutton_protocols_render_brief_data,0x60ad4dad,"void ibutton_protocols_render_brief_data(iButtonProtocols*, const iButtonKey*, FuriString*)",lib/ibutton/ibutton_protocols.h,supported
88.3,Function,+,ibutton_protocols_render_data,0xa3251326,"void ibutton_protocols_render_data(iButtonProtocols*, const iButtonKey*, FuriString*)",lib/ibutton/ibutton_protocols.h,supported
88.3,Function,+,ibutton_protocols_render_error,0x07e2dc96,"void ibutton_protocols_render_error(iButtonProtocols*, const iButtonKey*, FuriString*)",lib/ibutton/ibutton_protocols.h,supported
88.3,Function,+,ibutton_protocols_render_uid,0x2bbb976e,"void ibutton_protocols_render_uid(iButtonProtocols*, const iButtonKey*, FuriString*)",lib/ibutton/ibutton_protocols.h,supported
88.3,Function,+,ibutton_protocols_save,0xea6922bc,"_Bool ibutton_protocols_save(iButtonProtocols*, const iButtonKey*, const char*)",lib/ibutton/ibutton_protocols.h,supported
88.3,Function,+,ibutton_protocols_write_copy,0x5b471532,"_Bool ibutton_protocols_write_copy(iButtonProtocols*, iButtonKey*)",lib/ibutton/ibutton_protocols.h,supported
88.3,Function,+,ibutton_protocols_write_id,0x1c0ee0c4,"_Bool ibutton_protocols_write_id(iButtonProtocols*, iButtonKey*)",lib/ibutton/ibutton_protocols.h,supported
88.3,Function,+,ibutton_worker_alloc,0x2163062d,iButtonWorker* ibutton_worker_alloc(iButtonProtocols*),lib/ibutton/ibutton_worker.h,supported
88.3,Function,+,ibutton_worker_emulate_set_callback,0x8168af86,"void ibutton_worker_emulate_set_callback(iButtonWorker*, iButtonWorkerEmulateCallback, void*)",lib/ibutton/ibutton_worker.h,supported
88.3,Function,+,ibutton_worker_emulate_start,0xb50cfbfc,"void ibutton_worker_emulate_start(iButtonWorker*, iButtonKey*)",lib/ibutton/ibutton_worker.h,supported
88.3,Function,+,ibutton_worker_free,0x46d74b04,void ibutton_worker_free(iButtonWorker*),lib/ibutton/ibutton_worker.h,supported
88.3,Function,+,ibutton_worker_read_set_callback,0x4f6fb455,"void ibutton_worker_read_set_callback(iButtonWorker*, iButtonWorkerReadCallback, void*)",lib/ibutton/ibutton_worker.h,supported
88.3,Function,+,ibutton_worker_read_start,0x7df45bab,"void ibutton_worker_read_start(iButtonWorker*, iButtonKey*)",lib/ibutton/ibutton_worker.h,supported
88.3,Function,+,ibutton_worker_start_thread,0x8b024ca7,void ibutton_worker_start_thread(iButtonWorker*),lib/ibutton/ibutton_worker.h,supported
88.3,Function,+,ibutton_worker_stop,0x46de75c8,void ibutton_worker_stop(iButtonWorker*),lib/ibutton/ibutton_worker.h,supported
88.3,Function,+,ibutton_worker_stop_thread,0x71e44b7f,void ibutton_worker_stop_thread(iButtonWorker*),lib/ibutton/ibutton_worker.h,supported
88.3,Function,+,ibutton_worker_write_copy_start,0x3e3c5ab4,"void ibutton_worker_write_copy_start(iButtonWorker*, iButtonKey*)",lib/ibutton/ibutton_worker.h,supported
88.3,Function,+,ibutton_worker_write_id_start,0x72b96286,"void ibutton_worker_write_id_start(iButtonWorker*, iButtonKey*)",lib/ibutton/ibutton_worker.h,supported
88.3,Function,+,ibutton_worker_write_set_callback,0x095f3064,"void ibutton_worker_write_set_callback(iButtonWorker*, iButtonWorkerWriteCallback, void*)",lib/ibutton/ibutton_worker.h,supported
88.3,Function,+,icon_animation_alloc,0xe941a557,IconAnimation* icon_animation_alloc(const Icon*),@sdk/toolchain-or-transitive-runtime,supported
88.3,Function,+,icon_animation_free,0x5c69acee,void icon_animation_free(IconAnimation*),@sdk/toolchain-or-transitive-runtime,supported
88.3,Function,+,icon_animation_get_height,0x164d8c44,uint8_t icon_animation_get_height(const IconAnimation*),@sdk/toolchain-or-transitive-runtime,supported
88.3,Function,+,icon_animation_get_width,0xdaf4df4b,uint8_t icon_animation_get_width(const IconAnimation*),@sdk/toolchain-or-transitive-runtime,supported
88.3,Function,+,icon_animation_is_last_frame,0x64394a45,_Bool icon_animation_is_last_frame(const IconAnimation*),@sdk/toolchain-or-transitive-runtime,supported
88.3,Function,+,icon_animation_set_update_callback,0x8f1f37a6,"void icon_animation_set_update_callback(IconAnimation*, IconAnimationCallback, void*)",@sdk/toolchain-or-transitive-runtime,supported
88.3,Function,+,icon_animation_start,0xea8b931a,void icon_animation_start(IconAnimation*),@sdk/toolchain-or-transitive-runtime,supported
88.3,Function,+,icon_animation_stop,0x5c70d7b2,void icon_animation_stop(IconAnimation*),@sdk/toolchain-or-transitive-runtime,supported
88.3,Function,+,icon_get_data,0x35badba6,const uint8_t* icon_get_data(const Icon*),@sdk/toolchain-or-transitive-runtime,supported
88.3,Function,+,icon_get_frame_count,0xc51f8e3f,uint32_t icon_get_frame_count(const Icon*),@sdk/toolchain-or-transitive-runtime,supported
88.3,Function,+,icon_get_frame_data,0xdf2fd110,"const uint8_t* icon_get_frame_data(const Icon*, uint32_t)",@sdk/toolchain-or-transitive-runtime,supported
88.3,Function,+,icon_get_height,0x997780e5,uint16_t icon_get_height(const Icon*),@sdk/toolchain-or-transitive-runtime,supported
88.3,Function,+,icon_get_width,0xee7243cc,uint16_t icon_get_width(const Icon*),@sdk/toolchain-or-transitive-runtime,supported
88.3,Function,-,ilogb,0x0fa82bd2,int ilogb(double),@sdk/toolchain-or-transitive-runtime,disabled
88.3,Function,-,ilogbf,0x04ada678,int ilogbf(float),@sdk/toolchain-or-transitive-runtime,disabled
88.3,Function,-,ilogbl,0x04ada67e,int ilogbl(long double),@sdk/toolchain-or-transitive-runtime,disabled
88.3,Function,-,index,0x0fa9159d,"char* index(const char*, int)",applications/services/gui/modules/button_menu.h;applications/services/gui/modules/button_panel.h;applications/services/gui/modules/menu.h;applications/services/gui/modules/submenu.h;applications/services/gui/modules/variable_item_list.h;lib/bit_lib/bit_lib.h;lib/digital_signal/digital_sequence.h;lib/flipper_application/plugins/plugin_manager.h;lib/infrared/signal/infrared_brute_force.h;lib/infrared/signal/infrared_error_code.h;lib/infrared/signal/infrared_signal.h;lib/libusb_stm32/inc/usb_cdci.h;lib/libusb_stm32/inc/usb_hid.h;lib/libusb_stm32/inc/usb_std.h;lib/libusb_stm32/inc/usbd_core.h;lib/mbedtls/include/mbedtls/aes.h;lib/mbedtls/include/mbedtls/ecp.h;lib/mjs/mjs_array_public.h;lib/mlib/m-array.h;lib/mlib/m-bptree.h;lib/mlib/m-core.h;lib/mlib/m-deque.h;lib/mlib/m-dict.h;lib/mlib/m-tuple.h;lib/nanopb/pb.h;lib/stm32wb_hal/Inc/stm32wbxx_ll_dma.h;lib/stm32wb_hal/Inc/stm32wbxx_ll_gpio.h;lib/stm32wb_hal/Inc/stm32wbxx_ll_tim.h;lib/subghz/environment.h;lib/subghz/registry.h;lib/toolbox/bit_buffer.h;lib/toolbox/simple_array.h;lib/toolbox/value_index.h;targets/f7/furi_hal/furi_hal_flash.h;targets/f7/furi_hal/furi_hal_interrupt.h,disabled
88.3,Function,-,infinity,0x6bd2120f,double infinity(),lib/mbedtls/include/mbedtls/ecp.h,disabled
88.3,Function,-,infinityf,0xe6145455,float infinityf(),@sdk/toolchain-or-transitive-runtime,disabled
88.3,Function,+,infrared_alloc_decoder,0xefcfe0cf,InfraredDecoderHandler* infrared_alloc_decoder(),lib/infrared/encoder_decoder/infrared.h,supported
88.3,Function,+,infrared_alloc_encoder,0x51c88b39,InfraredEncoderHandler* infrared_alloc_encoder(),lib/infrared/encoder_decoder/infrared.h,supported
88.3,Function,-,infrared_brute_force_add_record,0xf51111e5,"void infrared_brute_force_add_record(InfraredBruteForce*, uint32_t, const char*)",lib/infrared/signal/infrared_brute_force.h,disabled
88.3,Function,-,infrared_brute_force_alloc,0xb558fa49,InfraredBruteForce* infrared_brute_force_alloc(),lib/infrared/signal/infrared_brute_force.h,disabled
88.3,Function,-,infrared_brute_force_calculate_messages,0xa5eea903,InfraredErrorCode infrared_brute_force_calculate_messages(InfraredBruteForce*),lib/infrared/signal/infrared_brute_force.h,disabled
88.3,Function,-,infrared_brute_force_free,0x43912ba0,void infrared_brute_force_free(InfraredBruteForce*),lib/infrared/signal/infrared_brute_force.h,disabled
88.3,Function,-,infrared_brute_force_is_started,0x535e0d30,_Bool infrared_brute_force_is_started(const InfraredBruteForce*),lib/infrared/signal/infrared_brute_force.h,disabled
88.3,Function,-,infrared_brute_force_reset,0xb688e0c1,void infrared_brute_force_reset(InfraredBruteForce*),lib/infrared/signal/infrared_brute_force.h,disabled
88.3,Function,-,infrared_brute_force_send,0x43981668,"_Bool infrared_brute_force_send(InfraredBruteForce*, uint32_t)",lib/infrared/signal/infrared_brute_force.h,disabled
88.3,Function,-,infrared_brute_force_set_db_filename,0x1f927f4f,"void infrared_brute_force_set_db_filename(InfraredBruteForce*, const char*)",lib/infrared/signal/infrared_brute_force.h,disabled
88.3,Function,-,infrared_brute_force_start,0xb6a2e80c,"_Bool infrared_brute_force_start(InfraredBruteForce*, uint32_t, uint32_t*)",lib/infrared/signal/infrared_brute_force.h,disabled
88.3,Function,-,infrared_brute_force_stop,0x43985664,void infrared_brute_force_stop(InfraredBruteForce*),lib/infrared/signal/infrared_brute_force.h,disabled
88.3,Function,+,infrared_check_decoder_ready,0x9595c6f6,const InfraredMessage* infrared_check_decoder_ready(InfraredDecoderHandler*),lib/infrared/encoder_decoder/infrared.h,supported
88.3,Function,+,infrared_decode,0x8868a853,"const InfraredMessage* infrared_decode(InfraredDecoderHandler*, _Bool, uint32_t)",lib/infrared/encoder_decoder/infrared.h,supported
88.3,Function,+,infrared_encode,0x8b60ad7d,"InfraredStatus infrared_encode(InfraredEncoderHandler*, uint32_t*, _Bool*)",lib/infrared/encoder_decoder/infrared.h,supported
88.3,Function,+,infrared_free_decoder,0x0ed0b306,void infrared_free_decoder(InfraredDecoderHandler*),lib/infrared/encoder_decoder/infrared.h,supported
88.3,Function,+,infrared_free_encoder,0x70c95d70,void infrared_free_encoder(InfraredEncoderHandler*),lib/infrared/encoder_decoder/infrared.h,supported
88.3,Function,+,infrared_get_protocol_address_length,0x719b2466,uint8_t infrared_get_protocol_address_length(InfraredProtocol),lib/infrared/encoder_decoder/infrared.h,supported
88.3,Function,+,infrared_get_protocol_by_name,0x70d14a7a,InfraredProtocol infrared_get_protocol_by_name(const char*),lib/infrared/encoder_decoder/infrared.h,supported
88.3,Function,+,infrared_get_protocol_command_length,0x407bcb9f,uint8_t infrared_get_protocol_command_length(InfraredProtocol),lib/infrared/encoder_decoder/infrared.h,supported
88.3,Function,+,infrared_get_protocol_duty_cycle,0x14ffc5f4,float infrared_get_protocol_duty_cycle(InfraredProtocol),lib/infrared/encoder_decoder/infrared.h,supported
88.3,Function,+,infrared_get_protocol_frequency,0x1cb563d1,uint32_t infrared_get_protocol_frequency(InfraredProtocol),lib/infrared/encoder_decoder/infrared.h,supported
88.3,Function,+,infrared_get_protocol_min_repeat_count,0x8cef422b,size_t infrared_get_protocol_min_repeat_count(InfraredProtocol),lib/infrared/encoder_decoder/infrared.h,supported
88.3,Function,+,infrared_get_protocol_name,0x0778b100,const char* infrared_get_protocol_name(InfraredProtocol),lib/infrared/encoder_decoder/infrared.h,supported
88.3,Function,+,infrared_is_protocol_valid,0x8e9332ab,_Bool infrared_is_protocol_valid(InfraredProtocol),lib/infrared/encoder_decoder/infrared.h,supported
88.3,Function,+,infrared_reset_decoder,0x17dabf47,void infrared_reset_decoder(InfraredDecoderHandler*),lib/infrared/encoder_decoder/infrared.h,supported
88.3,Function,+,infrared_reset_encoder,0x79d369b1,"void infrared_reset_encoder(InfraredEncoderHandler*, const InfraredMessage*)",lib/infrared/encoder_decoder/infrared.h,supported
88.3,Function,+,infrared_send,0x9a9a8b99,"void infrared_send(const InfraredMessage*, int)",lib/infrared/worker/infrared_transmit.h,supported
88.3,Function,+,infrared_send_raw,0x35eeba02,"void infrared_send_raw(const uint32_t[], uint32_t, _Bool)",lib/infrared/worker/infrared_transmit.h,supported
88.3,Function,+,infrared_send_raw_ext,0xa315c092,"void infrared_send_raw_ext(const uint32_t[], uint32_t, _Bool, uint32_t, float)",lib/infrared/worker/infrared_transmit.h,supported
88.3,Function,-,infrared_signal_alloc,0x2d901617,InfraredSignal* infrared_signal_alloc(),lib/infrared/signal/infrared_signal.h,disabled
88.3,Function,-,infrared_signal_free,0xa44d05ae,void infrared_signal_free(InfraredSignal*),lib/infrared/signal/infrared_signal.h,disabled
88.3,Function,-,infrared_signal_get_message,0x5eadafd0,const InfraredMessage* infrared_signal_get_message(const InfraredSignal*),lib/infrared/signal/infrared_signal.h,disabled
88.3,Function,-,infrared_signal_get_raw_signal,0xf5d709d2,const InfraredRawSignal* infrared_signal_get_raw_signal(const InfraredSignal*),lib/infrared/signal/infrared_signal.h,disabled
88.3,Function,-,infrared_signal_is_raw,0xf2b3b591,_Bool infrared_signal_is_raw(const InfraredSignal*),lib/infrared/signal/infrared_signal.h,disabled
88.3,Function,-,infrared_signal_is_valid,0x6ebf9ef7,_Bool infrared_signal_is_valid(const InfraredSignal*),lib/infrared/signal/infrared_signal.h,disabled
88.3,Function,-,infrared_signal_read,0xa4536268,"InfraredErrorCode infrared_signal_read(InfraredSignal*, FlipperFormat*, FuriString*)",lib/infrared/signal/infrared_signal.h,disabled
88.3,Function,-,infrared_signal_read_body,0xe347ddf5,"InfraredErrorCode infrared_signal_read_body(InfraredSignal*, FlipperFormat*)",lib/infrared/signal/infrared_signal.h,disabled
88.3,Function,-,infrared_signal_read_name,0xe34e3808,"InfraredErrorCode infrared_signal_read_name(FlipperFormat*, FuriString*)",lib/infrared/signal/infrared_signal.h,disabled
88.3,Function,-,infrared_signal_save,0xa453e07b,"InfraredErrorCode infrared_signal_save(const InfraredSignal*, FlipperFormat*, const char*)",lib/infrared/signal/infrared_signal.h,disabled
88.3,Function,-,infrared_signal_search_by_index_and_read,0x85643f60,"InfraredErrorCode infrared_signal_search_by_index_and_read(InfraredSignal*, FlipperFormat*, size_t)",lib/infrared/signal/infrared_signal.h,disabled
88.3,Function,-,infrared_signal_search_by_name_and_read,0x4c49f969,"InfraredErrorCode infrared_signal_search_by_name_and_read(InfraredSignal*, FlipperFormat*, const char*)",lib/infrared/signal/infrared_signal.h,disabled
88.3,Function,-,infrared_signal_set_message,0x9f062edc,"void infrared_signal_set_message(InfraredSignal*, const InfraredMessage*)",lib/infrared/signal/infrared_signal.h,disabled
88.3,Function,-,infrared_signal_set_raw_signal,0xbcd9bd5e,"void infrared_signal_set_raw_signal(InfraredSignal*, const uint32_t*, size_t, uint32_t, float)",lib/infrared/signal/infrared_signal.h,disabled
88.3,Function,-,infrared_signal_set_signal,0x876f6795,"void infrared_signal_set_signal(InfraredSignal*, const InfraredSignal*)",lib/infrared/signal/infrared_signal.h,disabled
88.3,Function,-,infrared_signal_transmit,0x4cbcf83e,void infrared_signal_transmit(const InfraredSignal*),lib/infrared/signal/infrared_signal.h,disabled
88.3,Function,+,infrared_worker_alloc,0x5f6d7493,InfraredWorker* infrared_worker_alloc(),lib/infrared/worker/infrared_worker.h,supported
88.3,Function,+,infrared_worker_free,0x507a84aa,void infrared_worker_free(InfraredWorker*),lib/infrared/worker/infrared_worker.h,supported
88.3,Function,+,infrared_worker_get_decoded_signal,0xeb104d4c,const InfraredMessage* infrared_worker_get_decoded_signal(const InfraredWorkerSignal*),lib/infrared/worker/infrared_worker.h,supported
88.3,Function,+,infrared_worker_get_raw_signal,0x66bc73ce,"void infrared_worker_get_raw_signal(const InfraredWorkerSignal*, const uint32_t**, size_t*)",lib/infrared/worker/infrared_worker.h,supported
88.3,Function,+,infrared_worker_rx_enable_blink_on_receiving,0x830c051e,"void infrared_worker_rx_enable_blink_on_receiving(InfraredWorker*, _Bool)",lib/infrared/worker/infrared_worker.h,supported
88.3,Function,+,infrared_worker_rx_enable_signal_decoding,0x8e785531,"void infrared_worker_rx_enable_signal_decoding(InfraredWorker*, _Bool)",lib/infrared/worker/infrared_worker.h,supported
88.3,Function,+,infrared_worker_rx_set_received_signal_callback,0x92f2414c,"void infrared_worker_rx_set_received_signal_callback(InfraredWorker*, InfraredWorkerReceivedSignalCallback, void*)",lib/infrared/worker/infrared_worker.h,supported
88.3,Function,+,infrared_worker_rx_start,0x3253dbbf,void infrared_worker_rx_start(InfraredWorker*),lib/infrared/worker/infrared_worker.h,supported
88.3,Function,+,infrared_worker_rx_stop,0x28501fb7,void infrared_worker_rx_stop(InfraredWorker*),lib/infrared/worker/infrared_worker.h,supported
88.3,Function,+,infrared_worker_set_decoded_signal,0x1419e6d8,"void infrared_worker_set_decoded_signal(InfraredWorker*, const InfraredMessage*)",lib/infrared/worker/infrared_worker.h,supported
88.3,Function,+,infrared_worker_set_raw_signal,0x2dbf275a,"void infrared_worker_set_raw_signal(InfraredWorker*, const uint32_t*, size_t, uint32_t, float)",lib/infrared/worker/infrared_worker.h,supported
88.3,Function,+,infrared_worker_signal_is_decoded,0x8470ad48,_Bool infrared_worker_signal_is_decoded(const InfraredWorkerSignal*),lib/infrared/worker/infrared_worker.h,supported
88.3,Function,+,infrared_worker_tx_get_signal_steady_callback,0xecb985a5,"InfraredWorkerGetSignalResponse infrared_worker_tx_get_signal_steady_callback(void*, InfraredWorker*)",lib/infrared/worker/infrared_worker.h,supported
88.3,Function,+,infrared_worker_tx_set_get_signal_callback,0xcbdfc307,"void infrared_worker_tx_set_get_signal_callback(InfraredWorker*, InfraredWorkerGetSignalCallback, void*)",lib/infrared/worker/infrared_worker.h,supported
88.3,Function,+,infrared_worker_tx_set_signal_sent_callback,0xbd9af741,"void infrared_worker_tx_set_signal_sent_callback(InfraredWorker*, InfraredWorkerMessageSentCallback, void*)",lib/infrared/worker/infrared_worker.h,supported
88.3,Function,+,infrared_worker_tx_start,0x0ad78581,void infrared_worker_tx_start(InfraredWorker*),lib/infrared/worker/infrared_worker.h,supported
88.3,Function,+,infrared_worker_tx_stop,0xc2449939,void infrared_worker_tx_stop(InfraredWorker*),lib/infrared/worker/infrared_worker.h,supported
88.3,Function,-,initstate,0xe70bfaba,"char* initstate(unsigned, char*, size_t)",@sdk/toolchain-or-transitive-runtime,disabled
88.3,Function,+,input_get_key_name,0x0187d19c,const char* input_get_key_name(InputKey),applications/services/input/input.h,supported
88.3,Function,+,input_get_type_name,0x1830f075,const char* input_get_type_name(InputType),applications/services/input/input.h,supported
88.3,Function,-,iprintf,0xa3eeaf81,"int iprintf(const char*, ...)",@sdk/toolchain-or-transitive-runtime,disabled
88.3,Function,-,isalnum,0xa9bc2e1e,int isalnum(int),@sdk/toolchain-or-transitive-runtime,disabled
88.3,Function,-,isalnum_l,0x09803a49,"int isalnum_l(int, locale_t)",@sdk/toolchain-or-transitive-runtime,disabled
88.3,Function,-,isalpha,0xa9bc34e7,int isalpha(int),@sdk/toolchain-or-transitive-runtime,disabled
88.3,Function,-,isalpha_l,0x099d1752,"int isalpha_l(int, locale_t)",@sdk/toolchain-or-transitive-runtime,disabled
88.3,Function,-,isascii,0xa9bfd46a,int isascii(int),@sdk/toolchain-or-transitive-runtime,disabled
88.3,Function,-,isascii_l,0x1906a395,"int isascii_l(int, locale_t)",@sdk/toolchain-or-transitive-runtime,disabled
88.3,Function,-,isblank,0xa9ce0e69,int isblank(int),@sdk/toolchain-or-transitive-runtime,disabled
88.3,Function,-,isblank_l,0x558b5954,"int isblank_l(int, locale_t)",@sdk/toolchain-or-transitive-runtime,disabled
88.3,Function,-,iscanf,0x0525a579,"int iscanf(const char*, ...)",@sdk/toolchain-or-transitive-runtime,disabled
88.3,Function,-,iscntrl,0xa9e19104,int iscntrl(int),@sdk/toolchain-or-transitive-runtime,disabled
88.3,Function,-,iscntrl_l,0xa889eeaf,"int iscntrl_l(int, locale_t)",@sdk/toolchain-or-transitive-runtime,disabled
88.3,Function,-,isdigit,0xa9f0b332,int isdigit(int),@sdk/toolchain-or-transitive-runtime,disabled
88.3,Function,-,isdigit_l,0xe8ea545d,"int isdigit_l(int, locale_t)",@sdk/toolchain-or-transitive-runtime,disabled
88.3,Function,-,isgraph,0xaa2bd373,int isgraph(int),@sdk/toolchain-or-transitive-runtime,disabled
88.3,Function,-,isgraph_l,0xe46e88de,"int isgraph_l(int, locale_t)",@sdk/toolchain-or-transitive-runtime,disabled
88.3,Function,-,isinf,0x0fabe9de,int isinf(double),@sdk/toolchain-or-transitive-runtime,disabled
88.3,Function,-,isinff,0x05292604,int isinff(float),@sdk/toolchain-or-transitive-runtime,disabled
88.3,Function,-,islower,0xaa85050a,int islower(int),@sdk/toolchain-or-transitive-runtime,disabled
88.3,Function,-,islower_l,0x5fda7c35,"int islower_l(int, locale_t)",@sdk/toolchain-or-transitive-runtime,disabled
88.3,Function,-,isnan,0x0fabfd7e,int isnan(double),@sdk/toolchain-or-transitive-runtime,disabled
88.3,Function,-,isnanf,0x052bada4,int isnanf(float),@sdk/toolchain-or-transitive-runtime,disabled
88.3,Function,+,iso13239_crc_append,0x49490720,"void iso13239_crc_append(Iso13239CrcType, BitBuffer*)",lib/nfc/helpers/iso13239_crc.h,supported
88.3,Function,+,iso13239_crc_check,0xb4c4be26,"_Bool iso13239_crc_check(Iso13239CrcType, const BitBuffer*)",lib/nfc/helpers/iso13239_crc.h,supported
88.3,Function,+,iso13239_crc_trim,0xf5ffefe4,void iso13239_crc_trim(BitBuffer*),lib/nfc/helpers/iso13239_crc.h,supported
88.3,Function,+,iso14443_3a_alloc,0xa238224d,Iso14443_3aData* iso14443_3a_alloc(),lib/nfc/protocols/iso14443_3a/iso14443_3a.h,supported
88.3,Function,+,iso14443_3a_copy,0xf567b2bd,"void iso14443_3a_copy(Iso14443_3aData*, const Iso14443_3aData*)",lib/nfc/protocols/iso14443_3a/iso14443_3a.h,supported
88.3,Function,+,iso14443_3a_free,0xf5696324,void iso14443_3a_free(Iso14443_3aData*),lib/nfc/protocols/iso14443_3a/iso14443_3a.h,supported
88.3,Function,+,iso14443_3a_get_atqa,0xaa430fc8,"void iso14443_3a_get_atqa(const Iso14443_3aData*, uint8_t[2])",lib/nfc/protocols/iso14443_3a/iso14443_3a.h,supported
88.3,Function,+,iso14443_3a_get_base_data,0xf1de86d5,Iso14443_3aData* iso14443_3a_get_base_data(const Iso14443_3aData*),lib/nfc/protocols/iso14443_3a/iso14443_3a.h,supported
88.3,Function,+,iso14443_3a_get_cuid,0xaa442bc6,uint32_t iso14443_3a_get_cuid(const Iso14443_3aData*),lib/nfc/protocols/iso14443_3a/iso14443_3a.h,supported
88.3,Function,+,iso14443_3a_get_device_name,0x43129471,"const char* iso14443_3a_get_device_name(const Iso14443_3aData*, NfcDeviceNameType)",lib/nfc/protocols/iso14443_3a/iso14443_3a.h,supported
88.3,Function,+,iso14443_3a_get_sak,0xcedb88a0,uint8_t iso14443_3a_get_sak(const Iso14443_3aData*),lib/nfc/protocols/iso14443_3a/iso14443_3a.h,supported
88.3,Function,+,iso14443_3a_get_uid,0xcedb9223,"const uint8_t* iso14443_3a_get_uid(const Iso14443_3aData*, size_t*)",lib/nfc/protocols/iso14443_3a/iso14443_3a.h,supported
88.3,Function,+,iso14443_3a_is_equal,0x87ef1235,"_Bool iso14443_3a_is_equal(const Iso14443_3aData*, const Iso14443_3aData*)",lib/nfc/protocols/iso14443_3a/iso14443_3a.h,supported
88.3,Function,+,iso14443_3a_load,0xf56ca022,"_Bool iso14443_3a_load(Iso14443_3aData*, FlipperFormat*, uint32_t)",lib/nfc/protocols/iso14443_3a/iso14443_3a.h,supported
88.3,Function,+,iso14443_3a_poller_activate,0x56db22a0,"Iso14443_3aError iso14443_3a_poller_activate(Iso14443_3aPoller*, Iso14443_3aData*)",lib/nfc/protocols/iso14443_3a/iso14443_3a_poller.h,supported
88.3,Function,+,iso14443_3a_poller_check_presence,0x42b375e1,Iso14443_3aError iso14443_3a_poller_check_presence(Iso14443_3aPoller*),lib/nfc/protocols/iso14443_3a/iso14443_3a_poller.h,supported
88.3,Function,+,iso14443_3a_poller_halt,0x92291718,Iso14443_3aError iso14443_3a_poller_halt(Iso14443_3aPoller*),lib/nfc/protocols/iso14443_3a/iso14443_3a_poller.h,supported
88.3,Function,+,iso14443_3a_poller_send_standard_frame,0xec6856b3,"Iso14443_3aError iso14443_3a_poller_send_standard_frame(Iso14443_3aPoller*, const BitBuffer*, BitBuffer*, uint32_t)",lib/nfc/protocols/iso14443_3a/iso14443_3a_poller.h,supported
88.3,Function,+,iso14443_3a_poller_sync_read,0xd33432a7,"Iso14443_3aError iso14443_3a_poller_sync_read(Nfc*, Iso14443_3aData*)",lib/nfc/protocols/iso14443_3a/iso14443_3a_poller_sync.h,supported
88.3,Function,+,iso14443_3a_poller_txrx,0x92300e45,"Iso14443_3aError iso14443_3a_poller_txrx(Iso14443_3aPoller*, const BitBuffer*, BitBuffer*, uint32_t)",lib/nfc/protocols/iso14443_3a/iso14443_3a_poller.h,supported
88.3,Function,+,iso14443_3a_poller_txrx_custom_parity,0x12e69e97,"Iso14443_3aError iso14443_3a_poller_txrx_custom_parity(Iso14443_3aPoller*, const BitBuffer*, BitBuffer*, uint32_t)",lib/nfc/protocols/iso14443_3a/iso14443_3a_poller.h,supported
88.3,Function,+,iso14443_3a_reset,0xa36808c5,void iso14443_3a_reset(Iso14443_3aData*),lib/nfc/protocols/iso14443_3a/iso14443_3a.h,supported
88.3,Function,+,iso14443_3a_save,0xf5703df1,"_Bool iso14443_3a_save(const Iso14443_3aData*, FlipperFormat*)",lib/nfc/protocols/iso14443_3a/iso14443_3a.h,supported
88.3,Function,+,iso14443_3a_set_atqa,0xbd590a54,"void iso14443_3a_set_atqa(Iso14443_3aData*, const uint8_t[2])",lib/nfc/protocols/iso14443_3a/iso14443_3a.h,supported
88.3,Function,+,iso14443_3a_set_sak,0x6a9661ac,"void iso14443_3a_set_sak(Iso14443_3aData*, uint8_t)",lib/nfc/protocols/iso14443_3a/iso14443_3a.h,supported
88.3,Function,+,iso14443_3a_set_uid,0x6a966b2f,"_Bool iso14443_3a_set_uid(Iso14443_3aData*, const uint8_t*, size_t)",lib/nfc/protocols/iso14443_3a/iso14443_3a.h,supported
88.3,Function,+,iso14443_3a_supports_iso14443_4,0x0487e60f,_Bool iso14443_3a_supports_iso14443_4(const Iso14443_3aData*),lib/nfc/protocols/iso14443_3a/iso14443_3a.h,supported
88.3,Function,+,iso14443_3a_verify,0x19bd4737,"_Bool iso14443_3a_verify(Iso14443_3aData*, const FuriString*)",lib/nfc/protocols/iso14443_3a/iso14443_3a.h,supported
88.3,Function,+,iso14443_3b_alloc,0xef325f0e,Iso14443_3bData* iso14443_3b_alloc(),lib/nfc/protocols/iso14443_3b/iso14443_3b.h,supported
88.3,Function,+,iso14443_3b_copy,0xf7bcdb5e,"void iso14443_3b_copy(Iso14443_3bData*, const Iso14443_3bData*)",lib/nfc/protocols/iso14443_3b/iso14443_3b.h,supported
88.3,Function,+,iso14443_3b_free,0xf7be8bc5,void iso14443_3b_free(Iso14443_3bData*),lib/nfc/protocols/iso14443_3b/iso14443_3b.h,supported
88.3,Function,+,iso14443_3b_get_application_data,0x140c0c0f,"const uint8_t* iso14443_3b_get_application_data(const Iso14443_3bData*, size_t*)",lib/nfc/protocols/iso14443_3b/iso14443_3b.h,supported
88.3,Function,+,iso14443_3b_get_base_data,0x9525f496,Iso14443_3bData* iso14443_3b_get_base_data(const Iso14443_3bData*),lib/nfc/protocols/iso14443_3b/iso14443_3b.h,supported
88.3,Function,+,iso14443_3b_get_device_name,0xd5ec7672,"const char* iso14443_3b_get_device_name(const Iso14443_3bData*, NfcDeviceNameType)",lib/nfc/protocols/iso14443_3b/iso14443_3b.h,supported
88.3,Function,+,iso14443_3b_get_frame_size_max,0x6a5a082c,uint16_t iso14443_3b_get_frame_size_max(const Iso14443_3bData*),lib/nfc/protocols/iso14443_3b/iso14443_3b.h,supported
88.3,Function,+,iso14443_3b_get_fwt_fc_max,0x7b65b820,uint32_t iso14443_3b_get_fwt_fc_max(const Iso14443_3bData*),lib/nfc/protocols/iso14443_3b/iso14443_3b.h,supported
88.3,Function,+,iso14443_3b_get_uid,0x43580324,"const uint8_t* iso14443_3b_get_uid(const Iso14443_3bData*, size_t*)",lib/nfc/protocols/iso14443_3b/iso14443_3b.h,supported
88.3,Function,+,iso14443_3b_is_equal,0x8bf9a356,"_Bool iso14443_3b_is_equal(const Iso14443_3bData*, const Iso14443_3bData*)",lib/nfc/protocols/iso14443_3b/iso14443_3b.h,supported
88.3,Function,+,iso14443_3b_load,0xf7c1c8c3,"_Bool iso14443_3b_load(Iso14443_3bData*, FlipperFormat*, uint32_t)",lib/nfc/protocols/iso14443_3b/iso14443_3b.h,supported
88.3,Function,+,iso14443_3b_poller_activate,0xe9b504a1,"Iso14443_3bError iso14443_3b_poller_activate(Iso14443_3bPoller*, Iso14443_3bData*)",lib/nfc/protocols/iso14443_3b/iso14443_3b_poller.h,supported
88.3,Function,+,iso14443_3b_poller_halt,0xe1882099,Iso14443_3bError iso14443_3b_poller_halt(Iso14443_3bPoller*),lib/nfc/protocols/iso14443_3b/iso14443_3b_poller.h,supported
88.3,Function,+,iso14443_3b_poller_send_frame,0x1d0452e4,"Iso14443_3bError iso14443_3b_poller_send_frame(Iso14443_3bPoller*, const BitBuffer*, BitBuffer*)",lib/nfc/protocols/iso14443_3b/iso14443_3b_poller.h,supported
88.3,Function,+,iso14443_3b_reset,0xf0624586,void iso14443_3b_reset(Iso14443_3bData*),lib/nfc/protocols/iso14443_3b/iso14443_3b.h,supported
88.3,Function,+,iso14443_3b_save,0xf7c56692,"_Bool iso14443_3b_save(const Iso14443_3bData*, FlipperFormat*)",lib/nfc/protocols/iso14443_3b/iso14443_3b.h,supported
88.3,Function,+,iso14443_3b_set_uid,0xdf12dc30,"_Bool iso14443_3b_set_uid(Iso14443_3bData*, const uint8_t*, size_t)",lib/nfc/protocols/iso14443_3b/iso14443_3b.h,supported
88.3,Function,+,iso14443_3b_supports_bit_rate,0x86a0f0dc,"_Bool iso14443_3b_supports_bit_rate(const Iso14443_3bData*, Iso14443_3bBitRate)",lib/nfc/protocols/iso14443_3b/iso14443_3b.h,supported
88.3,Function,+,iso14443_3b_supports_frame_option,0xbf4d9f15,"_Bool iso14443_3b_supports_frame_option(const Iso14443_3bData*, Iso14443_3bFrameOption)",lib/nfc/protocols/iso14443_3b/iso14443_3b.h,supported
88.3,Function,+,iso14443_3b_supports_iso14443_4,0x5594e090,_Bool iso14443_3b_supports_iso14443_4(const Iso14443_3bData*),lib/nfc/protocols/iso14443_3b/iso14443_3b.h,supported
88.3,Function,+,iso14443_3b_verify,0x05ff1c18,"_Bool iso14443_3b_verify(Iso14443_3bData*, const FuriString*)",lib/nfc/protocols/iso14443_3b/iso14443_3b.h,supported
88.3,Function,+,iso14443_4a_alloc,0x8e79f72e,Iso14443_4aData* iso14443_4a_alloc(),lib/nfc/protocols/iso14443_4a/iso14443_4a.h,supported
88.3,Function,+,iso14443_4a_copy,0x4261ef7e,"void iso14443_4a_copy(Iso14443_4aData*, const Iso14443_4aData*)",lib/nfc/protocols/iso14443_4a/iso14443_4a.h,supported
88.3,Function,+,iso14443_4a_free,0x42639fe5,void iso14443_4a_free(Iso14443_4aData*),lib/nfc/protocols/iso14443_4a/iso14443_4a.h,supported
88.3,Function,+,iso14443_4a_get_base_data,0xfe13acb6,Iso14443_3aData* iso14443_4a_get_base_data(const Iso14443_4aData*),lib/nfc/protocols/iso14443_4a/iso14443_4a.h,supported
88.3,Function,+,iso14443_4a_get_device_name,0x3128b692,"const char* iso14443_4a_get_device_name(const Iso14443_4aData*, NfcDeviceNameType)",lib/nfc/protocols/iso14443_4a/iso14443_4a.h,supported
88.3,Function,+,iso14443_4a_get_frame_size_max,0xef3fd44c,uint16_t iso14443_4a_get_frame_size_max(const Iso14443_4aData*),lib/nfc/protocols/iso14443_4a/iso14443_4a.h,supported
88.3,Function,+,iso14443_4a_get_fwt_fc_max,0x020a7440,uint32_t iso14443_4a_get_fwt_fc_max(const Iso14443_4aData*),lib/nfc/protocols/iso14443_4a/iso14443_4a.h,supported
88.3,Function,+,iso14443_4a_get_historical_bytes,0x634996ba,"const uint8_t* iso14443_4a_get_historical_bytes(const Iso14443_4aData*, uint32_t*)",lib/nfc/protocols/iso14443_4a/iso14443_4a.h,supported
88.3,Function,+,iso14443_4a_get_uid,0xd2e62344,"const uint8_t* iso14443_4a_get_uid(const Iso14443_4aData*, size_t*)",lib/nfc/protocols/iso14443_4a/iso14443_4a.h,supported
88.3,Function,+,iso14443_4a_is_equal,0x0d4bc776,"_Bool iso14443_4a_is_equal(const Iso14443_4aData*, const Iso14443_4aData*)",lib/nfc/protocols/iso14443_4a/iso14443_4a.h,supported
88.3,Function,+,iso14443_4a_load,0x4266dce3,"_Bool iso14443_4a_load(Iso14443_4aData*, FlipperFormat*, uint32_t)",lib/nfc/protocols/iso14443_4a/iso14443_4a.h,supported
88.3,Function,+,iso14443_4a_poller_halt,0xcd6950b9,Iso14443_4aError iso14443_4a_poller_halt(Iso14443_4aPoller*),lib/nfc/protocols/iso14443_4a/iso14443_4a_poller.h,supported
88.3,Function,+,iso14443_4a_poller_read_ats,0x628bc613,"Iso14443_4aError iso14443_4a_poller_read_ats(Iso14443_4aPoller*, Iso14443_4aAtsData*)",lib/nfc/protocols/iso14443_4a/iso14443_4a_poller.h,supported
88.3,Function,+,iso14443_4a_poller_send_block,0x3805a904,"Iso14443_4aError iso14443_4a_poller_send_block(Iso14443_4aPoller*, const BitBuffer*, BitBuffer*)",lib/nfc/protocols/iso14443_4a/iso14443_4a_poller.h,supported
88.3,Function,+,iso14443_4a_poller_send_chain_block,0x396be5a6,"Iso14443_4aError iso14443_4a_poller_send_chain_block(Iso14443_4aPoller*, const BitBuffer*, BitBuffer*)",lib/nfc/protocols/iso14443_4a/iso14443_4a_poller.h,supported
88.3,Function,+,iso14443_4a_poller_send_receive_ready_block,0x05cda15a,"Iso14443_4aError iso14443_4a_poller_send_receive_ready_block(Iso14443_4aPoller*, _Bool, const BitBuffer*, BitBuffer*)",lib/nfc/protocols/iso14443_4a/iso14443_4a_poller.h,supported
88.3,Function,+,iso14443_4a_poller_send_supervisory_block,0xe84273fe,"Iso14443_4aError iso14443_4a_poller_send_supervisory_block(Iso14443_4aPoller*, _Bool, const BitBuffer*, BitBuffer*)",lib/nfc/protocols/iso14443_4a/iso14443_4a_poller.h,supported
88.3,Function,+,iso14443_4a_reset,0x8fa9dda6,void iso14443_4a_reset(Iso14443_4aData*),lib/nfc/protocols/iso14443_4a/iso14443_4a.h,supported
88.3,Function,+,iso14443_4a_save,0x426a7ab2,"_Bool iso14443_4a_save(const Iso14443_4aData*, FlipperFormat*)",lib/nfc/protocols/iso14443_4a/iso14443_4a.h,supported
88.3,Function,+,iso14443_4a_set_uid,0x6ea0fc50,"_Bool iso14443_4a_set_uid(Iso14443_4aData*, const uint8_t*, size_t)",lib/nfc/protocols/iso14443_4a/iso14443_4a.h,supported
88.3,Function,+,iso14443_4a_supports_bit_rate,0xa1edb8fc,"_Bool iso14443_4a_supports_bit_rate(const Iso14443_4aData*, Iso14443_4aBitRate)",lib/nfc/protocols/iso14443_4a/iso14443_4a.h,supported
88.3,Function,+,iso14443_4a_supports_frame_option,0xc6017735,"_Bool iso14443_4a_supports_frame_option(const Iso14443_4aData*, Iso14443_4aFrameOption)",lib/nfc/protocols/iso14443_4a/iso14443_4a.h,supported
88.3,Function,+,iso14443_4a_verify,0x8e39b838,"_Bool iso14443_4a_verify(Iso14443_4aData*, const FuriString*)",lib/nfc/protocols/iso14443_4a/iso14443_4a.h,supported
88.3,Function,+,iso14443_4b_alloc,0xdb7433ef,Iso14443_4bData* iso14443_4b_alloc(),lib/nfc/protocols/iso14443_4b/iso14443_4b.h,supported
88.3,Function,+,iso14443_4b_copy,0x44b7181f,"void iso14443_4b_copy(Iso14443_4bData*, const Iso14443_4bData*)",lib/nfc/protocols/iso14443_4b/iso14443_4b.h,supported
88.3,Function,+,iso14443_4b_free,0x44b8c886,void iso14443_4b_free(Iso14443_4bData*),lib/nfc/protocols/iso14443_4b/iso14443_4b.h,supported
88.3,Function,+,iso14443_4b_get_base_data,0xa15b1a77,Iso14443_3bData* iso14443_4b_get_base_data(const Iso14443_4bData*),lib/nfc/protocols/iso14443_4b/iso14443_4b.h,supported
88.3,Function,+,iso14443_4b_get_device_name,0xc4029893,"const char* iso14443_4b_get_device_name(const Iso14443_4bData*, NfcDeviceNameType)",lib/nfc/protocols/iso14443_4b/iso14443_4b.h,supported
88.3,Function,+,iso14443_4b_get_uid,0x47629445,"const uint8_t* iso14443_4b_get_uid(const Iso14443_4bData*, size_t*)",lib/nfc/protocols/iso14443_4b/iso14443_4b.h,supported
88.3,Function,+,iso14443_4b_is_equal,0x11565897,"_Bool iso14443_4b_is_equal(const Iso14443_4bData*, const Iso14443_4bData*)",lib/nfc/protocols/iso14443_4b/iso14443_4b.h,supported
88.3,Function,+,iso14443_4b_load,0x44bc0584,"_Bool iso14443_4b_load(Iso14443_4bData*, FlipperFormat*, uint32_t)",lib/nfc/protocols/iso14443_4b/iso14443_4b.h,supported
88.3,Function,+,iso14443_4b_poller_halt,0x1cc85a3a,Iso14443_4bError iso14443_4b_poller_halt(Iso14443_4bPoller*),lib/nfc/protocols/iso14443_4b/iso14443_4b_poller.h,supported
88.3,Function,+,iso14443_4b_poller_send_block,0xe8e00f45,"Iso14443_4bError iso14443_4b_poller_send_block(Iso14443_4bPoller*, const BitBuffer*, BitBuffer*)",lib/nfc/protocols/iso14443_4b/iso14443_4b_poller.h,supported
88.3,Function,+,iso14443_4b_reset,0xdca41a67,void iso14443_4b_reset(Iso14443_4bData*),lib/nfc/protocols/iso14443_4b/iso14443_4b.h,supported
88.3,Function,+,iso14443_4b_save,0x44bfa353,"_Bool iso14443_4b_save(const Iso14443_4bData*, FlipperFormat*)",lib/nfc/protocols/iso14443_4b/iso14443_4b.h,supported
88.3,Function,+,iso14443_4b_set_uid,0xe31d6d51,"_Bool iso14443_4b_set_uid(Iso14443_4bData*, const uint8_t*, size_t)",lib/nfc/protocols/iso14443_4b/iso14443_4b.h,supported
88.3,Function,+,iso14443_4b_verify,0x7a7b8d19,"_Bool iso14443_4b_verify(Iso14443_4bData*, const FuriString*)",lib/nfc/protocols/iso14443_4b/iso14443_4b.h,supported
88.3,Function,+,iso14443_crc_append,0x8cbbc15e,"void iso14443_crc_append(Iso14443CrcType, BitBuffer*)",lib/nfc/helpers/iso14443_crc.h,supported
88.3,Function,+,iso14443_crc_check,0x9f8a28a4,"_Bool iso14443_crc_check(Iso14443CrcType, const BitBuffer*)",lib/nfc/helpers/iso14443_crc.h,supported
88.3,Function,+,iso14443_crc_trim,0x146302a2,void iso14443_crc_trim(BitBuffer*),lib/nfc/helpers/iso14443_crc.h,supported
88.3,Function,+,iso15693_3_alloc,0x40c81274,Iso15693_3Data* iso15693_3_alloc(),@sdk/toolchain-or-transitive-runtime,supported
88.3,Function,+,iso15693_3_copy,0x7e16ba04,"void iso15693_3_copy(Iso15693_3Data*, const Iso15693_3Data*)",@sdk/toolchain-or-transitive-runtime,supported
88.3,Function,+,iso15693_3_free,0x7e186a6b,void iso15693_3_free(Iso15693_3Data*),@sdk/toolchain-or-transitive-runtime,supported
88.3,Function,+,iso15693_3_get_base_data,0x1853adfc,Iso15693_3Data* iso15693_3_get_base_data(const Iso15693_3Data*),@sdk/toolchain-or-transitive-runtime,supported
88.3,Function,+,iso15693_3_get_block_count,0x8e28d05b,uint16_t iso15693_3_get_block_count(const Iso15693_3Data*),@sdk/toolchain-or-transitive-runtime,supported
88.3,Function,+,iso15693_3_get_block_data,0xf4cb3fac,"const uint8_t* iso15693_3_get_block_data(const Iso15693_3Data*, uint8_t)",@sdk/toolchain-or-transitive-runtime,supported
88.3,Function,+,iso15693_3_get_block_size,0xf4d39c2d,uint8_t iso15693_3_get_block_size(const Iso15693_3Data*),@sdk/toolchain-or-transitive-runtime,supported
88.3,Function,+,iso15693_3_get_device_name,0xdb6e2158,"const char* iso15693_3_get_device_name(const Iso15693_3Data*, NfcDeviceNameType)",@sdk/toolchain-or-transitive-runtime,supported
88.3,Function,+,iso15693_3_get_manufacturer_id,0xc9a06321,uint8_t iso15693_3_get_manufacturer_id(const Iso15693_3Data*),@sdk/toolchain-or-transitive-runtime,supported
88.3,Function,+,iso15693_3_get_uid,0x5128280a,"const uint8_t* iso15693_3_get_uid(const Iso15693_3Data*, size_t*)",@sdk/toolchain-or-transitive-runtime,supported
88.3,Function,+,iso15693_3_is_block_locked,0xd3abe300,"_Bool iso15693_3_is_block_locked(const Iso15693_3Data*, uint8_t)",@sdk/toolchain-or-transitive-runtime,supported
88.3,Function,+,iso15693_3_is_equal,0x53ce64fc,"_Bool iso15693_3_is_equal(const Iso15693_3Data*, const Iso15693_3Data*)",@sdk/toolchain-or-transitive-runtime,supported
88.3,Function,+,iso15693_3_load,0x7e1ba769,"_Bool iso15693_3_load(Iso15693_3Data*, FlipperFormat*, uint32_t)",@sdk/toolchain-or-transitive-runtime,supported
88.3,Function,+,iso15693_3_poller_activate,0xef36af87,"Iso15693_3Error iso15693_3_poller_activate(Iso15693_3Poller*, Iso15693_3Data*)",lib/nfc/protocols/iso15693_3/iso15693_3_poller.h,supported
88.3,Function,+,iso15693_3_poller_get_blocks_security,0x09b26fca,"Iso15693_3Error iso15693_3_poller_get_blocks_security(Iso15693_3Poller*, uint8_t*, uint16_t)",lib/nfc/protocols/iso15693_3/iso15693_3_poller.h,supported
88.3,Function,+,iso15693_3_poller_get_system_info,0x8693c705,"Iso15693_3Error iso15693_3_poller_get_system_info(Iso15693_3Poller*, Iso15693_3SystemInfo*)",lib/nfc/protocols/iso15693_3/iso15693_3_poller.h,supported
88.3,Function,+,iso15693_3_poller_inventory,0x30ddb924,"Iso15693_3Error iso15693_3_poller_inventory(Iso15693_3Poller*, uint8_t*)",lib/nfc/protocols/iso15693_3/iso15693_3_poller.h,supported
88.3,Function,+,iso15693_3_poller_read_block,0x85ee7cbc,"Iso15693_3Error iso15693_3_poller_read_block(Iso15693_3Poller*, uint8_t*, uint8_t, uint8_t)",lib/nfc/protocols/iso15693_3/iso15693_3_poller.h,supported
88.3,Function,+,iso15693_3_poller_read_blocks,0x43be14af,"Iso15693_3Error iso15693_3_poller_read_blocks(Iso15693_3Poller*, uint8_t*, uint16_t, uint8_t)",lib/nfc/protocols/iso15693_3/iso15693_3_poller.h,supported
88.3,Function,+,iso15693_3_poller_send_frame,0x899c4f4a,"Iso15693_3Error iso15693_3_poller_send_frame(Iso15693_3Poller*, const BitBuffer*, BitBuffer*, uint32_t)",lib/nfc/protocols/iso15693_3/iso15693_3_poller.h,supported
88.3,Function,+,iso15693_3_reset,0x41f7f8ec,void iso15693_3_reset(Iso15693_3Data*),@sdk/toolchain-or-transitive-runtime,supported
88.3,Function,+,iso15693_3_save,0x7e1f4538,"_Bool iso15693_3_save(const Iso15693_3Data*, FlipperFormat*)",@sdk/toolchain-or-transitive-runtime,supported
88.3,Function,+,iso15693_3_set_uid,0xece30116,"_Bool iso15693_3_set_uid(Iso15693_3Data*, const uint8_t*, size_t)",@sdk/toolchain-or-transitive-runtime,supported
88.3,Function,+,iso15693_3_verify,0x8a4b3c3e,"_Bool iso15693_3_verify(Iso15693_3Data*, const FuriString*)",@sdk/toolchain-or-transitive-runtime,supported
88.3,Function,-,isprint,0xaaced1ce,int isprint(int),@sdk/toolchain-or-transitive-runtime,disabled
88.3,Function,-,isprint_l,0x99ca89f9,"int isprint_l(int, locale_t)",@sdk/toolchain-or-transitive-runtime,disabled
88.3,Function,-,ispunct,0xaad08acb,int ispunct(int),@sdk/toolchain-or-transitive-runtime,disabled
88.3,Function,-,ispunct_l,0xa11e7636,"int ispunct_l(int, locale_t)",@sdk/toolchain-or-transitive-runtime,disabled
88.3,Function,-,isspace,0xab03df0d,int isspace(int),lib/mlib/m-array.h;lib/mlib/m-bptree.h;lib/mlib/m-deque.h;lib/mlib/m-dict.h;lib/mlib/m-list.h;lib/mlib/m-rbtree.h,disabled
88.3,Function,-,isspace_l,0x7b77e2f8,"int isspace_l(int, locale_t)",@sdk/toolchain-or-transitive-runtime,disabled
88.3,Function,-,isupper,0xab28502d,int isupper(int),@sdk/toolchain-or-transitive-runtime,disabled
88.3,Function,-,isupper_l,0x167d1c18,"int isupper_l(int, locale_t)",@sdk/toolchain-or-transitive-runtime,disabled
88.3,Function,-,isxdigit,0x1654daca,int isxdigit(int),@sdk/toolchain-or-transitive-runtime,disabled
88.3,Function,-,isxdigit_l,0xfef6c1f5,"int isxdigit_l(int, locale_t)",@sdk/toolchain-or-transitive-runtime,disabled
88.3,Function,+,itoa,0x7c989f72,"char* itoa(int, char*, int)",@sdk/toolchain-or-transitive-runtime,supported
88.3,Function,-,j0,0x0059781f,double j0(double),@sdk/toolchain-or-transitive-runtime,disabled
88.3,Function,-,j0f,0x0b887c65,float j0f(float),@sdk/toolchain-or-transitive-runtime,disabled
88.3,Function,-,j1,0x00597820,double j1(double),@sdk/toolchain-or-transitive-runtime,disabled
88.3,Function,-,j1f,0x0b887c86,float j1f(float),@sdk/toolchain-or-transitive-runtime,disabled
88.3,Function,-,jn,0x0059785d,"double jn(int, double)",@sdk/toolchain-or-transitive-runtime,disabled
88.3,Function,-,jnf,0x0b888463,"float jnf(int, float)",@sdk/toolchain-or-transitive-runtime,disabled
88.3,Function,-,jrand48,0xf46227e0,long jrand48(unsigned short[3]),@sdk/toolchain-or-transitive-runtime,disabled
88.3,Function,+,keys_dict_add_key,0xda809a94,"_Bool keys_dict_add_key(KeysDict*, const uint8_t*, size_t)",lib/toolbox/keys_dict.h,supported
88.3,Function,+,keys_dict_alloc,0xb5b2d6ae,"KeysDict* keys_dict_alloc(const char*, KeysDictMode, size_t)",lib/toolbox/keys_dict.h,supported
88.3,Function,+,keys_dict_check_presence,0x67287095,_Bool keys_dict_check_presence(const char*),lib/toolbox/keys_dict.h,supported
88.3,Function,+,keys_dict_delete_key,0xe4bdba7e,"_Bool keys_dict_delete_key(KeysDict*, const uint8_t*, size_t)",lib/toolbox/keys_dict.h,supported
88.3,Function,+,keys_dict_free,0xee3e8f65,void keys_dict_free(KeysDict*),lib/toolbox/keys_dict.h,supported
88.3,Function,+,keys_dict_get_next_key,0xb4bfabc9,"_Bool keys_dict_get_next_key(KeysDict*, uint8_t*, size_t)",lib/toolbox/keys_dict.h,supported
88.3,Function,+,keys_dict_get_total_keys,0x3e58ac61,size_t keys_dict_get_total_keys(KeysDict*),lib/toolbox/keys_dict.h,supported
88.3,Function,+,keys_dict_is_key_present,0xc85e6527,"_Bool keys_dict_is_key_present(KeysDict*, const uint8_t*, size_t)",lib/toolbox/keys_dict.h,supported
88.3,Function,+,keys_dict_rewind,0x933ca40c,_Bool keys_dict_rewind(KeysDict*),lib/toolbox/keys_dict.h,supported
88.3,Function,-,l64a,0x7c99353c,char* l64a(long),@sdk/toolchain-or-transitive-runtime,disabled
88.3,Function,-,labs,0x7c99f227,long labs(long),@sdk/toolchain-or-transitive-runtime,disabled
88.3,Function,-,lcong48,0x6c56a3c4,void lcong48(unsigned short[7]),@sdk/toolchain-or-transitive-runtime,disabled
88.3,Function,-,ldexp,0x0fd9ea02,"double ldexp(double, int)",@sdk/toolchain-or-transitive-runtime,disabled
88.3,Function,-,ldexpf,0x0b172aa8,"float ldexpf(float, int)",@sdk/toolchain-or-transitive-runtime,disabled
88.3,Function,-,ldexpl,0x0b172aae,"long double ldexpl(long double, int)",@sdk/toolchain-or-transitive-runtime,disabled
88.3,Function,-,ldiv,0x7c99ffd4,"ldiv_t ldiv(long, long)",@sdk/toolchain-or-transitive-runtime,disabled
88.3,Function,+,lfrfid_dict_file_load,0x6a18e5bd,"ProtocolId lfrfid_dict_file_load(ProtocolDict*, const char*)",lib/lfrfid/lfrfid_dict_file.h,supported
88.3,Function,+,lfrfid_dict_file_save,0x6a1c838c,"_Bool lfrfid_dict_file_save(ProtocolDict*, ProtocolId, const char*)",lib/lfrfid/lfrfid_dict_file.h,supported
88.3,Function,+,lfrfid_raw_file_alloc,0x24de804e,LFRFIDRawFile* lfrfid_raw_file_alloc(Storage*),lib/lfrfid/lfrfid_raw_file.h,supported
88.3,Function,+,lfrfid_raw_file_free,0xabcb8505,void lfrfid_raw_file_free(LFRFIDRawFile*),lib/lfrfid/lfrfid_raw_file.h,supported
88.3,Function,+,lfrfid_raw_file_open_read,0x684282b0,"_Bool lfrfid_raw_file_open_read(LFRFIDRawFile*, const char*)",lib/lfrfid/lfrfid_raw_file.h,supported
88.3,Function,+,lfrfid_raw_file_open_write,0x70f4989f,"_Bool lfrfid_raw_file_open_write(LFRFIDRawFile*, const char*)",lib/lfrfid/lfrfid_raw_file.h,supported
88.3,Function,+,lfrfid_raw_file_read_header,0xc2b83467,"_Bool lfrfid_raw_file_read_header(LFRFIDRawFile*, float*, float*)",lib/lfrfid/lfrfid_raw_file.h,supported
88.3,Function,+,lfrfid_raw_file_read_pair,0x53a5fe0a,"_Bool lfrfid_raw_file_read_pair(LFRFIDRawFile*, uint32_t*, uint32_t*, _Bool*)",lib/lfrfid/lfrfid_raw_file.h,supported
88.3,Function,+,lfrfid_raw_file_write_buffer,0x0b7ac807,"_Bool lfrfid_raw_file_write_buffer(LFRFIDRawFile*, uint8_t*, size_t)",lib/lfrfid/lfrfid_raw_file.h,supported
88.3,Function,+,lfrfid_raw_file_write_header,0x18556d56,"_Bool lfrfid_raw_file_write_header(LFRFIDRawFile*, float, float, uint32_t)",lib/lfrfid/lfrfid_raw_file.h,supported
88.3,Function,+,lfrfid_raw_worker_alloc,0x910cc3c8,LFRFIDRawWorker* lfrfid_raw_worker_alloc(),lib/lfrfid/lfrfid_raw_worker.h,supported
88.3,Function,+,lfrfid_raw_worker_free,0xed22413f,void lfrfid_raw_worker_free(LFRFIDRawWorker*),lib/lfrfid/lfrfid_raw_worker.h,supported
88.3,Function,+,lfrfid_raw_worker_start_emulate,0xe3f56897,"void lfrfid_raw_worker_start_emulate(LFRFIDRawWorker*, const char*, LFRFIDWorkerEmulateRawCallback, void*)",lib/lfrfid/lfrfid_raw_worker.h,supported
88.3,Function,+,lfrfid_raw_worker_start_read,0xa461b606,"void lfrfid_raw_worker_start_read(LFRFIDRawWorker*, const char*, float, float, LFRFIDWorkerReadRawCallback, void*)",lib/lfrfid/lfrfid_raw_worker.h,supported
88.3,Function,+,lfrfid_raw_worker_stop,0xed296c03,void lfrfid_raw_worker_stop(LFRFIDRawWorker*),lib/lfrfid/lfrfid_raw_worker.h,supported
88.3,Function,+,lfrfid_worker_alloc,0xf386b93f,LFRFIDWorker* lfrfid_worker_alloc(ProtocolDict*),lib/lfrfid/lfrfid_worker.h,supported
88.3,Function,+,lfrfid_worker_emulate_raw_start,0xc5d89e37,"void lfrfid_worker_emulate_raw_start(LFRFIDWorker*, const char*, LFRFIDWorkerEmulateRawCallback, void*)",lib/lfrfid/lfrfid_worker.h,supported
88.3,Function,+,lfrfid_worker_emulate_start,0x2df3a10e,"void lfrfid_worker_emulate_start(LFRFIDWorker*, LFRFIDProtocol)",lib/lfrfid/lfrfid_worker.h,supported
88.3,Function,+,lfrfid_worker_free,0x16e7e3d6,void lfrfid_worker_free(LFRFIDWorker*),lib/lfrfid/lfrfid_worker.h,supported
88.3,Function,+,lfrfid_worker_read_raw_start,0xdc7aa6a6,"void lfrfid_worker_read_raw_start(LFRFIDWorker*, const char*, LFRFIDWorkerReadType, LFRFIDWorkerReadRawCallback, void*)",lib/lfrfid/lfrfid_worker.h,supported
88.3,Function,+,lfrfid_worker_read_start,0xd35cc9fd,"void lfrfid_worker_read_start(LFRFIDWorker*, LFRFIDWorkerReadType, LFRFIDWorkerReadCallback, void*)",lib/lfrfid/lfrfid_worker.h,supported
88.3,Function,+,lfrfid_worker_start_thread,0xdc3f9779,void lfrfid_worker_start_thread(LFRFIDWorker*),lib/lfrfid/lfrfid_worker.h,supported
88.3,Function,+,lfrfid_worker_stop,0x16ef0e9a,void lfrfid_worker_stop(LFRFIDWorker*),lib/lfrfid/lfrfid_worker.h,supported
88.3,Function,+,lfrfid_worker_stop_thread,0x745a8411,void lfrfid_worker_stop_thread(LFRFIDWorker*),lib/lfrfid/lfrfid_worker.h,supported
88.3,Function,+,lfrfid_worker_write_start,0x157e132c,"void lfrfid_worker_write_start(LFRFIDWorker*, LFRFIDProtocol, LFRFIDWorkerWriteCallback, void*)",lib/lfrfid/lfrfid_worker.h,supported
88.3,Function,-,lgamma,0x0b4b1374,double lgamma(double),@sdk/toolchain-or-transitive-runtime,disabled
88.3,Function,-,lgamma_r,0x0a5dcd25,"double lgamma_r(double, int*)",@sdk/toolchain-or-transitive-runtime,disabled
88.3,Function,-,lgammaf,0x74ad825a,float lgammaf(float),@sdk/toolchain-or-transitive-runtime,disabled
88.3,Function,-,lgammaf_r,0x56178d8b,"float lgammaf_r(float, int*)",@sdk/toolchain-or-transitive-runtime,disabled
88.3,Function,-,lgammal,0x74ad8260,long double lgammal(long double),@sdk/toolchain-or-transitive-runtime,disabled
88.3,Function,-,llabs,0x0fde3933,long long llabs(long long),@sdk/toolchain-or-transitive-runtime,disabled
88.3,Function,-,lldiv,0x0fde46e0,"lldiv_t lldiv(long long, long long)",@sdk/toolchain-or-transitive-runtime,disabled
88.3,Function,-,llrint,0x0baecf9a,long long int llrint(double),@sdk/toolchain-or-transitive-runtime,disabled
88.3,Function,-,llrintf,0x8188c340,long long int llrintf(float),@sdk/toolchain-or-transitive-runtime,disabled
88.3,Function,-,llrintl,0x8188c346,long long int llrintl(long double),@sdk/toolchain-or-transitive-runtime,disabled
88.3,Function,-,llround,0x818c2a85,long long int llround(double),@sdk/toolchain-or-transitive-runtime,disabled
88.3,Function,-,llroundf,0xb3117b8b,long long int llroundf(float),@sdk/toolchain-or-transitive-runtime,disabled
88.3,Function,-,llroundl,0xb3117b91,long long int llroundl(long double),@sdk/toolchain-or-transitive-runtime,disabled
88.3,Function,+,loader_clear_launch_queue,0x6c898520,void loader_clear_launch_queue(Loader*),applications/services/loader/loader.h,supported
88.3,Function,+,loader_enqueue_launch,0xb95f11ed,"void loader_enqueue_launch(Loader*, const char*, const char*, LoaderDeferredLaunchFlag)",applications/services/loader/loader.h,supported
88.3,Function,+,loader_get_application_launch_path,0xac57cdd4,"_Bool loader_get_application_launch_path(Loader*, FuriString*)",applications/services/loader/loader.h,supported
88.3,Function,+,loader_get_application_name,0x32bdd9ce,"_Bool loader_get_application_name(Loader*, FuriString*)",applications/services/loader/loader.h,supported
88.3,Function,+,loader_get_pubsub,0x9567804b,FuriPubSub* loader_get_pubsub(Loader*),applications/services/loader/loader.h,supported
88.3,Function,+,loader_is_locked,0xd5556e88,_Bool loader_is_locked(Loader*),applications/services/loader/loader.h,supported
88.3,Function,+,loader_lock,0xcb936be4,_Bool loader_lock(Loader*),applications/services/loader/loader.h,supported
88.3,Function,+,loader_show_menu,0x238e1950,void loader_show_menu(Loader*),applications/services/loader/loader.h,supported
88.3,Function,+,loader_signal,0x0e07c979,"_Bool loader_signal(Loader*, uint32_t, void*)",applications/services/loader/loader.h,supported
88.3,Function,+,loader_start,0x3e824aa9,"LoaderStatus loader_start(Loader*, const char*, const char*, FuriString*)",applications/services/loader/loader.h,supported
88.3,Function,+,loader_start_detached_with_gui_error,0x07003702,"void loader_start_detached_with_gui_error(Loader*, const char*, const char*)",applications/services/loader/loader.h,supported
88.3,Function,+,loader_start_with_gui_error,0x02472671,"LoaderStatus loader_start_with_gui_error(Loader*, const char*, const char*)",applications/services/loader/loader.h,supported
88.3,Function,+,loader_unlock,0x130f57a7,void loader_unlock(Loader*),applications/services/loader/loader.h,supported
88.3,Function,+,loading_alloc,0x678ee68d,Loading* loading_alloc(),applications/services/gui/modules/loading.h,supported
88.3,Function,+,loading_free,0xccd89f64,void loading_free(Loading*),applications/services/gui/modules/loading.h,supported
88.3,Function,+,loading_get_view,0xe381bfbc,View* loading_get_view(Loading*),applications/services/gui/modules/loading.h,supported
88.3,Function,+,locale_celsius_to_fahrenheit,0x85aa1a2b,float locale_celsius_to_fahrenheit(float),applications/services/locale/locale.h,supported
88.3,Function,+,locale_fahrenheit_to_celsius,0xa73e0d0b,float locale_fahrenheit_to_celsius(float),applications/services/locale/locale.h,supported
88.3,Function,+,locale_format_date,0x2849ceda,"void locale_format_date(FuriString*, const DateTime*, const LocaleDateFormat, const char*)",applications/services/locale/locale.h,supported
88.3,Function,+,locale_format_time,0x2852b60b,"void locale_format_time(FuriString*, const DateTime*, const LocaleTimeFormat, const _Bool)",applications/services/locale/locale.h,supported
88.3,Function,+,locale_get_date_format,0x0c3ae7d9,LocaleDateFormat locale_get_date_format(),applications/services/locale/locale.h,supported
88.3,Function,+,locale_get_measurement_unit,0x12c73778,LocaleMeasurementUnits locale_get_measurement_unit(),applications/services/locale/locale.h,supported
88.3,Function,+,locale_get_time_format,0x52f3adea,LocaleTimeFormat locale_get_time_format(),applications/services/locale/locale.h,supported
88.3,Function,+,locale_set_date_format,0xb3940ce5,void locale_set_date_format(LocaleDateFormat),applications/services/locale/locale.h,supported
88.3,Function,+,locale_set_measurement_unit,0xa49d6404,void locale_set_measurement_unit(LocaleMeasurementUnits),applications/services/locale/locale.h,supported
88.3,Function,+,locale_set_time_format,0xfa4cd2f6,void locale_set_time_format(LocaleTimeFormat),applications/services/locale/locale.h,supported
88.3,Function,-,log,0x0b888d07,double log(double),lib/mlib/m-deque.h;targets/f7/furi_hal/furi_hal_rtc.h,disabled
88.3,Function,-,log10,0x0fdff148,double log10(double),@sdk/toolchain-or-transitive-runtime,disabled
88.3,Function,-,log10f,0x0bde1aae,float log10f(float),@sdk/toolchain-or-transitive-runtime,disabled
88.3,Function,-,log10l,0x0bde1ab4,long double log10l(long double),@sdk/toolchain-or-transitive-runtime,disabled
88.3,Function,-,log1p,0x0fdff188,double log1p(double),@sdk/toolchain-or-transitive-runtime,disabled
88.3,Function,-,log1pf,0x0bde22ee,float log1pf(float),@sdk/toolchain-or-transitive-runtime,disabled
88.3,Function,-,log1pl,0x0bde22f4,long double log1pl(long double),@sdk/toolchain-or-transitive-runtime,disabled
88.3,Function,-,log2,0x7c9a2e19,double log2(double),lib/mlib/m-rbtree.h,disabled
88.3,Function,-,log2f,0x0fdff19f,float log2f(float),@sdk/toolchain-or-transitive-runtime,disabled
88.3,Function,-,log2l,0x0fdff1a5,long double log2l(long double),@sdk/toolchain-or-transitive-runtime,disabled
88.3,Function,-,logb,0x7c9a2e49,double logb(double),@sdk/toolchain-or-transitive-runtime,disabled
88.3,Function,-,logbf,0x0fdff7cf,float logbf(float),@sdk/toolchain-or-transitive-runtime,disabled
88.3,Function,-,logbl,0x0fdff7d5,long double logbl(long double),@sdk/toolchain-or-transitive-runtime,disabled
88.3,Function,-,logf,0x7c9a2e4d,float logf(float),@sdk/toolchain-or-transitive-runtime,disabled
88.3,Function,-,logl,0x7c9a2e53,long double logl(long double),@sdk/toolchain-or-transitive-runtime,disabled
88.3,Function,-,lrand48,0x8e56a162,long lrand48(),@sdk/toolchain-or-transitive-runtime,disabled
88.3,Function,-,lrint,0x0fe1a70e,long int lrint(double),@sdk/toolchain-or-transitive-runtime,disabled
88.3,Function,-,lrintf,0x0c168934,long int lrintf(float),@sdk/toolchain-or-transitive-runtime,disabled
88.3,Function,-,lrintl,0x0c16893a,long int lrintl(long double),@sdk/toolchain-or-transitive-runtime,disabled
88.3,Function,-,lround,0x0c19f079,long int lround(double),@sdk/toolchain-or-transitive-runtime,disabled
88.3,Function,-,lroundf,0x8f57ffff,long int lroundf(float),@sdk/toolchain-or-transitive-runtime,disabled
88.3,Function,-,lroundl,0x8f580005,long lroundl(long double),@sdk/toolchain-or-transitive-runtime,disabled
88.3,Function,+,malloc,0x0d39ad3d,void* malloc(size_t),lib/mlib/m-core.h,supported
88.3,Function,+,manchester_advance,0xd4aa49a0,"_Bool manchester_advance(ManchesterState, ManchesterEvent, ManchesterState*, _Bool*)",lib/toolbox/manchester_decoder.h,supported
88.3,Function,+,manchester_encoder_advance,0x5564533f,"_Bool manchester_encoder_advance(ManchesterEncoderState*, const _Bool, ManchesterEncoderResult*)",lib/toolbox/manchester_encoder.h,supported
88.3,Function,+,manchester_encoder_finish,0x165864ee,ManchesterEncoderResult manchester_encoder_finish(ManchesterEncoderState*),lib/toolbox/manchester_encoder.h,supported
88.3,Function,+,manchester_encoder_reset,0x37d1f510,void manchester_encoder_reset(ManchesterEncoderState*),lib/toolbox/manchester_encoder.h,supported
88.3,Function,+,maxim_crc8,0x6804d030,"uint8_t maxim_crc8(const uint8_t*, const uint8_t, const uint8_t)",lib/one_wire/maxim_crc.h,supported
88.3,Function,-,mbedtls_aes_crypt_cbc,0x53de6f00,"int mbedtls_aes_crypt_cbc(mbedtls_aes_context*, int, size_t, unsigned char[16], const unsigned char*, unsigned char*)",lib/mbedtls/include/mbedtls/aes.h,disabled
88.3,Function,-,mbedtls_aes_crypt_cfb128,0x6c44bbbe,"int mbedtls_aes_crypt_cfb128(mbedtls_aes_context*, int, size_t, size_t*, unsigned char[16], const unsigned char*, unsigned char*)",lib/mbedtls/include/mbedtls/aes.h,disabled
88.3,Function,-,mbedtls_aes_crypt_cfb8,0xcfac601b,"int mbedtls_aes_crypt_cfb8(mbedtls_aes_context*, int, size_t, unsigned char[16], const unsigned char*, unsigned char*)",lib/mbedtls/include/mbedtls/aes.h,disabled
88.3,Function,-,mbedtls_aes_crypt_ctr,0x53de7161,"int mbedtls_aes_crypt_ctr(mbedtls_aes_context*, size_t, size_t*, unsigned char[16], unsigned char[16], const unsigned char*, unsigned char*)",lib/mbedtls/include/mbedtls/aes.h,disabled
88.3,Function,-,mbedtls_aes_crypt_ecb,0x53de77a2,"int mbedtls_aes_crypt_ecb(mbedtls_aes_context*, int, const unsigned char[16], unsigned char[16])",lib/mbedtls/include/mbedtls/aes.h,disabled
88.3,Function,-,mbedtls_aes_crypt_ofb,0x53dea28f,"int mbedtls_aes_crypt_ofb(mbedtls_aes_context*, size_t, size_t*, unsigned char[16], const unsigned char*, unsigned char*)",lib/mbedtls/include/mbedtls/aes.h,disabled
88.3,Function,-,mbedtls_aes_crypt_xts,0x53decab7,"int mbedtls_aes_crypt_xts(mbedtls_aes_xts_context*, int, size_t, const unsigned char[16], const unsigned char*, unsigned char*)",lib/mbedtls/include/mbedtls/aes.h,disabled
88.3,Function,-,mbedtls_aes_free,0x4668d9c9,void mbedtls_aes_free(mbedtls_aes_context*),lib/mbedtls/include/mbedtls/aes.h,disabled
88.3,Function,-,mbedtls_aes_init,0x466a6e7b,void mbedtls_aes_init(mbedtls_aes_context*),lib/mbedtls/include/mbedtls/aes.h,disabled
88.3,Function,-,mbedtls_aes_setkey_dec,0xe6ae3f27,"int mbedtls_aes_setkey_dec(mbedtls_aes_context*, const unsigned char*, unsigned int)",lib/mbedtls/include/mbedtls/aes.h,disabled
88.3,Function,-,mbedtls_aes_setkey_enc,0xe6ae4491,"int mbedtls_aes_setkey_enc(mbedtls_aes_context*, const unsigned char*, unsigned int)",lib/mbedtls/include/mbedtls/aes.h,disabled
88.3,Function,-,mbedtls_aes_xts_free,0xf66d8e67,void mbedtls_aes_xts_free(mbedtls_aes_xts_context*),lib/mbedtls/include/mbedtls/aes.h,disabled
88.3,Function,-,mbedtls_aes_xts_init,0xf66f2319,void mbedtls_aes_xts_init(mbedtls_aes_xts_context*),lib/mbedtls/include/mbedtls/aes.h,disabled
88.3,Function,-,mbedtls_aes_xts_setkey_dec,0xfedb7245,"int mbedtls_aes_xts_setkey_dec(mbedtls_aes_xts_context*, const unsigned char*, unsigned int)",lib/mbedtls/include/mbedtls/aes.h,disabled
88.3,Function,-,mbedtls_aes_xts_setkey_enc,0xfedb77af,"int mbedtls_aes_xts_setkey_enc(mbedtls_aes_xts_context*, const unsigned char*, unsigned int)",lib/mbedtls/include/mbedtls/aes.h,disabled
88.3,Function,-,mbedtls_des3_crypt_cbc,0xe92d74d6,"int mbedtls_des3_crypt_cbc(mbedtls_des3_context*, int, size_t, unsigned char[8], const unsigned char*, unsigned char*)",lib/mbedtls/include/mbedtls/des.h,disabled
88.3,Function,-,mbedtls_des3_crypt_ecb,0xe92d7d78,"int mbedtls_des3_crypt_ecb(mbedtls_des3_context*, const unsigned char[8], unsigned char[8])",lib/mbedtls/include/mbedtls/des.h,disabled
88.3,Function,-,mbedtls_des3_free,0x09d161df,void mbedtls_des3_free(mbedtls_des3_context*),lib/mbedtls/include/mbedtls/des.h,disabled
88.3,Function,-,mbedtls_des3_init,0x09d2f691,void mbedtls_des3_init(mbedtls_des3_context*),lib/mbedtls/include/mbedtls/des.h,disabled
88.3,Function,-,mbedtls_des3_set2key_dec,0xe7ff8ccf,"int mbedtls_des3_set2key_dec(mbedtls_des3_context*, const unsigned char[8 * 2])",lib/mbedtls/include/mbedtls/des.h,disabled
88.3,Function,-,mbedtls_des3_set2key_enc,0xe7ff9239,"int mbedtls_des3_set2key_enc(mbedtls_des3_context*, const unsigned char[8 * 2])",lib/mbedtls/include/mbedtls/des.h,disabled
88.3,Function,-,mbedtls_des3_set3key_dec,0xd44161b0,"int mbedtls_des3_set3key_dec(mbedtls_des3_context*, const unsigned char[8 * 3])",lib/mbedtls/include/mbedtls/des.h,disabled
88.3,Function,-,mbedtls_des3_set3key_enc,0xd441671a,"int mbedtls_des3_set3key_enc(mbedtls_des3_context*, const unsigned char[8 * 3])",lib/mbedtls/include/mbedtls/des.h,disabled
88.3,Function,-,mbedtls_des_crypt_cbc,0x41fb8b83,"int mbedtls_des_crypt_cbc(mbedtls_des_context*, int, size_t, unsigned char[8], const unsigned char*, unsigned char*)",lib/mbedtls/include/mbedtls/des.h,disabled
88.3,Function,-,mbedtls_des_crypt_ecb,0x41fb9425,"int mbedtls_des_crypt_ecb(mbedtls_des_context*, const unsigned char[8], unsigned char[8])",lib/mbedtls/include/mbedtls/des.h,disabled
88.3,Function,-,mbedtls_des_free,0x0b2e586c,void mbedtls_des_free(mbedtls_des_context*),lib/mbedtls/include/mbedtls/des.h,disabled
88.3,Function,-,mbedtls_des_init,0x0b2fed1e,void mbedtls_des_init(mbedtls_des_context*),lib/mbedtls/include/mbedtls/des.h,disabled
88.3,Function,-,mbedtls_des_key_check_key_parity,0xabb97ed0,int mbedtls_des_key_check_key_parity(const unsigned char[8]),lib/mbedtls/include/mbedtls/des.h,disabled
88.3,Function,-,mbedtls_des_key_check_weak,0x2f521277,int mbedtls_des_key_check_weak(const unsigned char[8]),lib/mbedtls/include/mbedtls/des.h,disabled
88.3,Function,-,mbedtls_des_key_set_parity,0xc243a976,void mbedtls_des_key_set_parity(unsigned char[8]),lib/mbedtls/include/mbedtls/des.h,disabled
88.3,Function,-,mbedtls_des_setkey,0xad9655bf,"void mbedtls_des_setkey(uint32_t[32], const unsigned char[8])",lib/mbedtls/include/mbedtls/des.h,disabled
88.3,Function,-,mbedtls_des_setkey_dec,0x986eec0a,"int mbedtls_des_setkey_dec(mbedtls_des_context*, const unsigned char[8])",lib/mbedtls/include/mbedtls/des.h,disabled
88.3,Function,-,mbedtls_des_setkey_enc,0x986ef174,"int mbedtls_des_setkey_enc(mbedtls_des_context*, const unsigned char[8])",lib/mbedtls/include/mbedtls/des.h,disabled
88.3,Function,-,mbedtls_ecdh_calc_secret,0x55d5efba,"int mbedtls_ecdh_calc_secret(mbedtls_ecdh_context*, size_t*, unsigned char*, size_t, int (*)(void*, unsigned char*, size_t), void*)",lib/mbedtls/include/mbedtls/ecdh.h,disabled
88.3,Function,-,mbedtls_ecdh_can_do,0x4f2124e6,int mbedtls_ecdh_can_do(mbedtls_ecp_group_id),lib/mbedtls/include/mbedtls/ecdh.h;lib/mbedtls/include/mbedtls/ecp.h,disabled
88.3,Function,-,mbedtls_ecdh_compute_shared,0x6f039455,"int mbedtls_ecdh_compute_shared(mbedtls_ecp_group*, mbedtls_mpi*, const mbedtls_ecp_point*, const mbedtls_mpi*, int (*)(void*, unsigned char*, size_t), void*)",lib/mbedtls/include/mbedtls/ecdh.h,disabled
88.3,Function,-,mbedtls_ecdh_free,0x9ec20324,void mbedtls_ecdh_free(mbedtls_ecdh_context*),lib/mbedtls/include/mbedtls/ecdh.h,disabled
88.3,Function,-,mbedtls_ecdh_gen_public,0x9213417a,"int mbedtls_ecdh_gen_public(mbedtls_ecp_group*, mbedtls_mpi*, mbedtls_ecp_point*, int (*)(void*, unsigned char*, size_t), void*)",lib/mbedtls/include/mbedtls/ecdh.h,disabled
88.3,Function,-,mbedtls_ecdh_get_grp_id,0x0670fd96,mbedtls_ecp_group_id mbedtls_ecdh_get_grp_id(mbedtls_ecdh_context*),lib/mbedtls/include/mbedtls/ecdh.h,disabled
88.3,Function,-,mbedtls_ecdh_get_params,0x1a3cec85,"int mbedtls_ecdh_get_params(mbedtls_ecdh_context*, const mbedtls_ecp_keypair*, mbedtls_ecdh_side)",lib/mbedtls/include/mbedtls/ecdh.h,disabled
88.3,Function,-,mbedtls_ecdh_init,0x9ec397d6,void mbedtls_ecdh_init(mbedtls_ecdh_context*),lib/mbedtls/include/mbedtls/ecdh.h,disabled
88.3,Function,-,mbedtls_ecdh_make_params,0xe83c5383,"int mbedtls_ecdh_make_params(mbedtls_ecdh_context*, size_t*, unsigned char*, size_t, int (*)(void*, unsigned char*, size_t), void*)",lib/mbedtls/include/mbedtls/ecdh.h,disabled
88.3,Function,-,mbedtls_ecdh_make_public,0xe99da5be,"int mbedtls_ecdh_make_public(mbedtls_ecdh_context*, size_t*, unsigned char*, size_t, int (*)(void*, unsigned char*, size_t), void*)",lib/mbedtls/include/mbedtls/ecdh.h,disabled
88.3,Function,-,mbedtls_ecdh_read_params,0x1a17e361,"int mbedtls_ecdh_read_params(mbedtls_ecdh_context*, const unsigned char**, const unsigned char*)",lib/mbedtls/include/mbedtls/ecdh.h,disabled
88.3,Function,-,mbedtls_ecdh_read_public,0x1b79359c,"int mbedtls_ecdh_read_public(mbedtls_ecdh_context*, const unsigned char*, size_t)",lib/mbedtls/include/mbedtls/ecdh.h,disabled
88.3,Function,-,mbedtls_ecdh_setup,0x77e6c793,"int mbedtls_ecdh_setup(mbedtls_ecdh_context*, mbedtls_ecp_group_id)",lib/mbedtls/include/mbedtls/ecdh.h,disabled
88.3,Function,-,mbedtls_ecdsa_can_do,0xdd008992,int mbedtls_ecdsa_can_do(mbedtls_ecp_group_id),lib/mbedtls/include/mbedtls/ecdsa.h;lib/mbedtls/include/mbedtls/ecp.h,disabled
88.3,Function,-,mbedtls_ecdsa_free,0xc9e84cd0,void mbedtls_ecdsa_free(mbedtls_ecdsa_context*),lib/mbedtls/include/mbedtls/ecdsa.h,disabled
88.3,Function,-,mbedtls_ecdsa_from_keypair,0x624865d6,"int mbedtls_ecdsa_from_keypair(mbedtls_ecdsa_context*, const mbedtls_ecp_keypair*)",lib/mbedtls/include/mbedtls/ecdsa.h,disabled
88.3,Function,-,mbedtls_ecdsa_genkey,0xe69dc151,"int mbedtls_ecdsa_genkey(mbedtls_ecdsa_context*, mbedtls_ecp_group_id, int (*)(void*, unsigned char*, size_t), void*)",lib/mbedtls/include/mbedtls/ecdsa.h,disabled
88.3,Function,-,mbedtls_ecdsa_init,0xc9e9e182,void mbedtls_ecdsa_init(mbedtls_ecdsa_context*),lib/mbedtls/include/mbedtls/ecdsa.h,disabled
88.3,Function,-,mbedtls_ecdsa_read_signature,0x5e45597b,"int mbedtls_ecdsa_read_signature(mbedtls_ecdsa_context*, const unsigned char*, size_t, const unsigned char*, size_t)",lib/mbedtls/include/mbedtls/ecdsa.h,disabled
88.3,Function,-,mbedtls_ecdsa_read_signature_restartable,0xdf625a93,"int mbedtls_ecdsa_read_signature_restartable(mbedtls_ecdsa_context*, const unsigned char*, size_t, const unsigned char*, size_t, mbedtls_ecdsa_restart_ctx*)",lib/mbedtls/include/mbedtls/ecdsa.h,disabled
88.3,Function,-,mbedtls_ecdsa_sign,0xc9ef47bf,"int mbedtls_ecdsa_sign(mbedtls_ecp_group*, mbedtls_mpi*, mbedtls_mpi*, const mbedtls_mpi*, const unsigned char*, size_t, int (*)(void*, unsigned char*, size_t), void*)",lib/mbedtls/include/mbedtls/ecdsa.h;lib/mbedtls/include/mbedtls/ecp.h,disabled
88.3,Function,-,mbedtls_ecdsa_sign_restartable,0x809fced7,"int mbedtls_ecdsa_sign_restartable(mbedtls_ecp_group*, mbedtls_mpi*, mbedtls_mpi*, const mbedtls_mpi*, const unsigned char*, size_t, int (*)(void*, unsigned char*, size_t), void*, int (*)(void*, unsigned char*, size_t), void*, mbedtls_ecdsa_restart_ctx*)",lib/mbedtls/include/mbedtls/ecdsa.h,disabled
88.3,Function,-,mbedtls_ecdsa_verify,0x099d4be3,"int mbedtls_ecdsa_verify(mbedtls_ecp_group*, const unsigned char*, size_t, const mbedtls_ecp_point*, const mbedtls_mpi*, const mbedtls_mpi*)",lib/mbedtls/include/mbedtls/ecdsa.h,disabled
88.3,Function,-,mbedtls_ecdsa_verify_restartable,0x5ad128fb,"int mbedtls_ecdsa_verify_restartable(mbedtls_ecp_group*, const unsigned char*, size_t, const mbedtls_ecp_point*, const mbedtls_mpi*, const mbedtls_mpi*, mbedtls_ecdsa_restart_ctx*)",lib/mbedtls/include/mbedtls/ecdsa.h,disabled
88.3,Function,-,mbedtls_ecdsa_write_signature,0x1aa2d16a,"int mbedtls_ecdsa_write_signature(mbedtls_ecdsa_context*, mbedtls_md_type_t, const unsigned char*, size_t, unsigned char*, size_t, size_t*, int (*)(void*, unsigned char*, size_t), void*)",lib/mbedtls/include/mbedtls/ecdsa.h,disabled
88.3,Function,-,mbedtls_ecdsa_write_signature_restartable,0x56643102,"int mbedtls_ecdsa_write_signature_restartable(mbedtls_ecdsa_context*, mbedtls_md_type_t, const unsigned char*, size_t, unsigned char*, size_t, size_t*, int (*)(void*, unsigned char*, size_t), void*, mbedtls_ecdsa_restart_ctx*)",lib/mbedtls/include/mbedtls/ecdsa.h,disabled
88.3,Function,-,mbedtls_ecp_check_privkey,0xa1b277ad,"int mbedtls_ecp_check_privkey(const mbedtls_ecp_group*, const mbedtls_mpi*)",lib/mbedtls/include/mbedtls/ecp.h,disabled
88.3,Function,-,mbedtls_ecp_check_pub_priv,0xacfec72a,"int mbedtls_ecp_check_pub_priv(const mbedtls_ecp_keypair*, const mbedtls_ecp_keypair*, int (*)(void*, unsigned char*, size_t), void*)",lib/mbedtls/include/mbedtls/ecp.h,disabled
88.3,Function,-,mbedtls_ecp_check_pubkey,0x0518a413,"int mbedtls_ecp_check_pubkey(const mbedtls_ecp_group*, const mbedtls_ecp_point*)",lib/mbedtls/include/mbedtls/ecp.h,disabled
88.3,Function,-,mbedtls_ecp_copy,0x567a8981,"int mbedtls_ecp_copy(mbedtls_ecp_point*, const mbedtls_ecp_point*)",lib/mbedtls/include/mbedtls/ecp.h,disabled
88.3,Function,-,mbedtls_ecp_curve_info_from_grp_id,0x570c729d,const mbedtls_ecp_curve_info* mbedtls_ecp_curve_info_from_grp_id(mbedtls_ecp_group_id),lib/mbedtls/include/mbedtls/ecdh.h;lib/mbedtls/include/mbedtls/ecp.h,disabled
88.3,Function,-,mbedtls_ecp_curve_info_from_name,0x964f06a9,const mbedtls_ecp_curve_info* mbedtls_ecp_curve_info_from_name(const char*),lib/mbedtls/include/mbedtls/ecp.h,disabled
88.3,Function,-,mbedtls_ecp_curve_info_from_tls_id,0x74f494e7,const mbedtls_ecp_curve_info* mbedtls_ecp_curve_info_from_tls_id(uint16_t),lib/mbedtls/include/mbedtls/ecp.h,disabled
88.3,Function,-,mbedtls_ecp_curve_list,0x1da2a606,const mbedtls_ecp_curve_info* mbedtls_ecp_curve_list(),lib/mbedtls/include/mbedtls/ecp.h,disabled
88.3,Function,-,mbedtls_ecp_export,0xe4900028,"int mbedtls_ecp_export(const mbedtls_ecp_keypair*, mbedtls_ecp_group*, mbedtls_mpi*, mbedtls_ecp_point*)",lib/mbedtls/include/mbedtls/ecp.h,disabled
88.3,Function,-,mbedtls_ecp_gen_key,0xe4056468,"int mbedtls_ecp_gen_key(mbedtls_ecp_group_id, mbedtls_ecp_keypair*, int (*)(void*, unsigned char*, size_t), void*)",lib/mbedtls/include/mbedtls/ecp.h,disabled
88.3,Function,-,mbedtls_ecp_gen_keypair,0x77b06d74,"int mbedtls_ecp_gen_keypair(mbedtls_ecp_group*, mbedtls_mpi*, mbedtls_ecp_point*, int (*)(void*, unsigned char*, size_t), void*)",lib/mbedtls/include/mbedtls/ecp.h,disabled
88.3,Function,-,mbedtls_ecp_gen_keypair_base,0x1d8176ce,"int mbedtls_ecp_gen_keypair_base(mbedtls_ecp_group*, const mbedtls_ecp_point*, mbedtls_mpi*, mbedtls_ecp_point*, int (*)(void*, unsigned char*, size_t), void*)",lib/mbedtls/include/mbedtls/ecp.h,disabled
88.3,Function,-,mbedtls_ecp_gen_privkey,0x15c899a9,"int mbedtls_ecp_gen_privkey(const mbedtls_ecp_group*, mbedtls_mpi*, int (*)(void*, unsigned char*, size_t), void*)",lib/mbedtls/include/mbedtls/ecdsa.h;lib/mbedtls/include/mbedtls/ecp.h,disabled
88.3,Function,-,mbedtls_ecp_get_type,0x72b628e7,mbedtls_ecp_curve_type mbedtls_ecp_get_type(const mbedtls_ecp_group*),lib/mbedtls/include/mbedtls/ecp.h,disabled
88.3,Function,-,mbedtls_ecp_group_copy,0xd83bc4cd,"int mbedtls_ecp_group_copy(mbedtls_ecp_group*, const mbedtls_ecp_group*)",lib/mbedtls/include/mbedtls/ecp.h,disabled
88.3,Function,-,mbedtls_ecp_group_free,0xd83d7534,void mbedtls_ecp_group_free(mbedtls_ecp_group*),lib/mbedtls/include/mbedtls/ecp.h,disabled
88.3,Function,-,mbedtls_ecp_group_init,0xd83f09e6,void mbedtls_ecp_group_init(mbedtls_ecp_group*),lib/mbedtls/include/mbedtls/ecp.h,disabled
88.3,Function,-,mbedtls_ecp_group_load,0xd840b232,"int mbedtls_ecp_group_load(mbedtls_ecp_group*, mbedtls_ecp_group_id)",lib/mbedtls/include/mbedtls/ecdh.h;lib/mbedtls/include/mbedtls/ecdsa.h;lib/mbedtls/include/mbedtls/ecp.h,disabled
88.3,Function,-,mbedtls_ecp_grp_id_list,0xf71080b6,const mbedtls_ecp_group_id* mbedtls_ecp_grp_id_list(),lib/mbedtls/include/mbedtls/ecp.h,disabled
88.3,Function,-,mbedtls_ecp_is_zero,0x9da15d81,int mbedtls_ecp_is_zero(mbedtls_ecp_point*),lib/mbedtls/include/mbedtls/ecp.h,disabled
88.3,Function,-,mbedtls_ecp_keypair_calc_public,0x1a7d456b,"int mbedtls_ecp_keypair_calc_public(mbedtls_ecp_keypair*, int (*)(void*, unsigned char*, size_t), void*)",lib/mbedtls/include/mbedtls/ecp.h,disabled
88.3,Function,-,mbedtls_ecp_keypair_free,0x0215171c,void mbedtls_ecp_keypair_free(mbedtls_ecp_keypair*),lib/mbedtls/include/mbedtls/ecp.h,disabled
88.3,Function,-,mbedtls_ecp_keypair_get_group_id,0x812708d2,mbedtls_ecp_group_id mbedtls_ecp_keypair_get_group_id(const mbedtls_ecp_keypair*),lib/mbedtls/include/mbedtls/ecp.h,disabled
88.3,Function,-,mbedtls_ecp_keypair_init,0x0216abce,void mbedtls_ecp_keypair_init(mbedtls_ecp_keypair*),lib/mbedtls/include/mbedtls/ecp.h,disabled
88.3,Function,-,mbedtls_ecp_mul,0xad49b354,"int mbedtls_ecp_mul(mbedtls_ecp_group*, mbedtls_ecp_point*, const mbedtls_mpi*, const mbedtls_ecp_point*, int (*)(void*, unsigned char*, size_t), void*)",lib/mbedtls/include/mbedtls/ecdh.h;lib/mbedtls/include/mbedtls/ecp.h,disabled
88.3,Function,-,mbedtls_ecp_mul_restartable,0x264341ec,"int mbedtls_ecp_mul_restartable(mbedtls_ecp_group*, mbedtls_ecp_point*, const mbedtls_mpi*, const mbedtls_ecp_point*, int (*)(void*, unsigned char*, size_t), void*, mbedtls_ecp_restart_ctx*)",lib/mbedtls/include/mbedtls/ecp.h,disabled
88.3,Function,-,mbedtls_ecp_muladd,0xf7008cbd,"int mbedtls_ecp_muladd(mbedtls_ecp_group*, mbedtls_ecp_point*, const mbedtls_mpi*, const mbedtls_ecp_point*, const mbedtls_mpi*, const mbedtls_ecp_point*)",lib/mbedtls/include/mbedtls/ecp.h,disabled
88.3,Function,-,mbedtls_ecp_muladd_restartable,0xce0280d5,"int mbedtls_ecp_muladd_restartable(mbedtls_ecp_group*, mbedtls_ecp_point*, const mbedtls_mpi*, const mbedtls_ecp_point*, const mbedtls_mpi*, const mbedtls_ecp_point*, mbedtls_ecp_restart_ctx*)",lib/mbedtls/include/mbedtls/ecp.h,disabled
88.3,Function,-,mbedtls_ecp_point_cmp,0xf09bdd0f,"int mbedtls_ecp_point_cmp(const mbedtls_ecp_point*, const mbedtls_ecp_point*)",lib/mbedtls/include/mbedtls/ecp.h,disabled
88.3,Function,-,mbedtls_ecp_point_free,0x04193851,void mbedtls_ecp_point_free(mbedtls_ecp_point*),lib/mbedtls/include/mbedtls/ecp.h,disabled
88.3,Function,-,mbedtls_ecp_point_init,0x041acd03,void mbedtls_ecp_point_init(mbedtls_ecp_point*),lib/mbedtls/include/mbedtls/ecp.h,disabled
88.3,Function,-,mbedtls_ecp_point_read_binary,0x401a3e4f,"int mbedtls_ecp_point_read_binary(const mbedtls_ecp_group*, mbedtls_ecp_point*, const unsigned char*, size_t)",lib/mbedtls/include/mbedtls/ecp.h,disabled
88.3,Function,-,mbedtls_ecp_point_read_string,0x688b5181,"int mbedtls_ecp_point_read_string(mbedtls_ecp_point*, int, const char*, const char*)",lib/mbedtls/include/mbedtls/ecp.h,disabled
88.3,Function,-,mbedtls_ecp_point_write_binary,0xf7e830be,"int mbedtls_ecp_point_write_binary(const mbedtls_ecp_group*, const mbedtls_ecp_point*, int, size_t*, unsigned char*, size_t)",lib/mbedtls/include/mbedtls/ecp.h,disabled
88.3,Function,-,mbedtls_ecp_read_key,0x6d87044a,"int mbedtls_ecp_read_key(mbedtls_ecp_group_id, mbedtls_ecp_keypair*, const unsigned char*, size_t)",lib/mbedtls/include/mbedtls/ecp.h,disabled
88.3,Function,-,mbedtls_ecp_set_public_key,0xc2c8bab8,"int mbedtls_ecp_set_public_key(mbedtls_ecp_group_id, mbedtls_ecp_keypair*, const mbedtls_ecp_point*)",lib/mbedtls/include/mbedtls/ecp.h,disabled
88.3,Function,-,mbedtls_ecp_set_zero,0x85cf18f1,int mbedtls_ecp_set_zero(mbedtls_ecp_point*),lib/mbedtls/include/mbedtls/ecp.h,disabled
88.3,Function,-,mbedtls_ecp_tls_read_group,0x4de87ac0,"int mbedtls_ecp_tls_read_group(mbedtls_ecp_group*, const unsigned char**, size_t)",lib/mbedtls/include/mbedtls/ecdh.h;lib/mbedtls/include/mbedtls/ecp.h,disabled
88.3,Function,-,mbedtls_ecp_tls_read_group_id,0xa83924cc,"int mbedtls_ecp_tls_read_group_id(mbedtls_ecp_group_id*, const unsigned char**, size_t)",lib/mbedtls/include/mbedtls/ecp.h,disabled
88.3,Function,-,mbedtls_ecp_tls_read_point,0x4e8997bd,"int mbedtls_ecp_tls_read_point(const mbedtls_ecp_group*, mbedtls_ecp_point*, const unsigned char**, size_t)",lib/mbedtls/include/mbedtls/ecp.h,disabled
88.3,Function,-,mbedtls_ecp_tls_write_group,0xfcc0386f,"int mbedtls_ecp_tls_write_group(const mbedtls_ecp_group*, size_t*, unsigned char*, size_t)",lib/mbedtls/include/mbedtls/ecp.h,disabled
88.3,Function,-,mbedtls_ecp_tls_write_point,0xfd61556c,"int mbedtls_ecp_tls_write_point(const mbedtls_ecp_group*, const mbedtls_ecp_point*, int, size_t*, unsigned char*, size_t)",lib/mbedtls/include/mbedtls/ecp.h,disabled
88.3,Function,-,mbedtls_ecp_write_key,0xf1b817f9,"int mbedtls_ecp_write_key(mbedtls_ecp_keypair*, unsigned char*, size_t)",lib/mbedtls/include/mbedtls/ecp.h,disabled
88.3,Function,-,mbedtls_ecp_write_key_ext,0xbfbb4209,"int mbedtls_ecp_write_key_ext(const mbedtls_ecp_keypair*, size_t*, unsigned char*, size_t)",lib/mbedtls/include/mbedtls/ecp.h,disabled
88.3,Function,-,mbedtls_ecp_write_public_key,0x20a6bd57,"int mbedtls_ecp_write_public_key(const mbedtls_ecp_keypair*, int, size_t*, unsigned char*, size_t)",lib/mbedtls/include/mbedtls/ecp.h,disabled
88.3,Function,-,mbedtls_internal_aes_decrypt,0x8eaedf7e,"int mbedtls_internal_aes_decrypt(mbedtls_aes_context*, const unsigned char[16], unsigned char[16])",lib/mbedtls/include/mbedtls/aes.h,disabled
88.3,Function,-,mbedtls_internal_aes_encrypt,0xf0a789e8,"int mbedtls_internal_aes_encrypt(mbedtls_aes_context*, const unsigned char[16], unsigned char[16])",lib/mbedtls/include/mbedtls/aes.h,disabled
88.3,Function,-,mbedtls_internal_md5_process,0x4fb7f00f,"int mbedtls_internal_md5_process(mbedtls_md5_context*, const unsigned char[64])",lib/mbedtls/include/mbedtls/md5.h,disabled
88.3,Function,-,mbedtls_internal_sha1_process,0x02d54a56,"int mbedtls_internal_sha1_process(mbedtls_sha1_context*, const unsigned char[64])",lib/mbedtls/include/mbedtls/sha1.h,disabled
88.3,Function,-,mbedtls_internal_sha256_process,0x6c8157a2,"int mbedtls_internal_sha256_process(mbedtls_sha256_context*, const unsigned char[64])",lib/mbedtls/include/mbedtls/sha256.h,disabled
88.3,Function,-,mbedtls_md,0xe4031660,"int mbedtls_md(const mbedtls_md_info_t*, const unsigned char*, size_t, unsigned char*)",lib/mbedtls/include/mbedtls/md.h,disabled
88.3,Function,-,mbedtls_md5,0x6465e295,"int mbedtls_md5(const unsigned char*, size_t, unsigned char[16])",lib/mbedtls/include/mbedtls/md5.h,disabled
88.3,Function,-,mbedtls_md5_clone,0xf8436ba5,"void mbedtls_md5_clone(mbedtls_md5_context*, const mbedtls_md5_context*)",lib/mbedtls/include/mbedtls/md5.h,disabled
88.3,Function,-,mbedtls_md5_finish,0x07797135,"int mbedtls_md5_finish(mbedtls_md5_context*, unsigned char[16])",lib/mbedtls/include/mbedtls/md5.h,disabled
88.3,Function,-,mbedtls_md5_free,0x7be4c096,void mbedtls_md5_free(mbedtls_md5_context*),lib/mbedtls/include/mbedtls/md5.h,disabled
88.3,Function,-,mbedtls_md5_init,0x7be65548,void mbedtls_md5_init(mbedtls_md5_context*),lib/mbedtls/include/mbedtls/md5.h,disabled
88.3,Function,-,mbedtls_md5_starts,0x268c9475,int mbedtls_md5_starts(mbedtls_md5_context*),lib/mbedtls/include/mbedtls/md5.h,disabled
88.3,Function,-,mbedtls_md5_update,0x2aefe077,"int mbedtls_md5_update(mbedtls_md5_context*, const unsigned char*, size_t)",lib/mbedtls/include/mbedtls/md5.h,disabled
88.3,Function,-,mbedtls_md_clone,0xde290bb0,"int mbedtls_md_clone(mbedtls_md_context_t*, const mbedtls_md_context_t*)",lib/mbedtls/include/mbedtls/md.h,disabled
88.3,Function,-,mbedtls_md_finish,0xaa1312a0,"int mbedtls_md_finish(mbedtls_md_context_t*, unsigned char*)",lib/mbedtls/include/mbedtls/md.h,disabled
88.3,Function,-,mbedtls_md_free,0x16410b41,void mbedtls_md_free(mbedtls_md_context_t*),lib/mbedtls/include/mbedtls/md.h,disabled
88.3,Function,-,mbedtls_md_get_name,0x40c24dff,const char* mbedtls_md_get_name(const mbedtls_md_info_t*),lib/mbedtls/include/mbedtls/md.h,disabled
88.3,Function,-,mbedtls_md_get_size,0x40c52f99,unsigned char mbedtls_md_get_size(const mbedtls_md_info_t*),lib/mbedtls/include/mbedtls/md.h,disabled
88.3,Function,-,mbedtls_md_get_type,0x40c5fec0,mbedtls_md_type_t mbedtls_md_get_type(const mbedtls_md_info_t*),lib/mbedtls/include/mbedtls/md.h,disabled
88.3,Function,-,mbedtls_md_hmac,0x16420e38,"int mbedtls_md_hmac(const mbedtls_md_info_t*, const unsigned char*, size_t, const unsigned char*, size_t, unsigned char*)",lib/mbedtls/include/mbedtls/md.h,disabled
88.3,Function,-,mbedtls_md_hmac_finish,0x0681c778,"int mbedtls_md_hmac_finish(mbedtls_md_context_t*, unsigned char*)",lib/mbedtls/include/mbedtls/md.h,disabled
88.3,Function,-,mbedtls_md_hmac_reset,0xabb42e5a,int mbedtls_md_hmac_reset(mbedtls_md_context_t*),lib/mbedtls/include/mbedtls/md.h,disabled
88.3,Function,-,mbedtls_md_hmac_starts,0x2594eab8,"int mbedtls_md_hmac_starts(mbedtls_md_context_t*, const unsigned char*, size_t)",lib/mbedtls/include/mbedtls/md.h,disabled
88.3,Function,-,mbedtls_md_hmac_update,0x29f836ba,"int mbedtls_md_hmac_update(mbedtls_md_context_t*, const unsigned char*, size_t)",lib/mbedtls/include/mbedtls/md.h,disabled
88.3,Function,-,mbedtls_md_info_from_ctx,0xb110f42c,const mbedtls_md_info_t* mbedtls_md_info_from_ctx(const mbedtls_md_context_t*),lib/mbedtls/include/mbedtls/md.h,disabled
88.3,Function,-,mbedtls_md_info_from_string,0x8245a1b4,const mbedtls_md_info_t* mbedtls_md_info_from_string(const char*),lib/mbedtls/include/mbedtls/md.h,disabled
88.3,Function,-,mbedtls_md_info_from_type,0xd338e0bf,const mbedtls_md_info_t* mbedtls_md_info_from_type(mbedtls_md_type_t),lib/mbedtls/include/mbedtls/md.h,disabled
88.3,Function,-,mbedtls_md_init,0x16429ff3,void mbedtls_md_init(mbedtls_md_context_t*),lib/mbedtls/include/mbedtls/md.h,disabled
88.3,Function,-,mbedtls_md_list,0x1644311b,const int* mbedtls_md_list(),lib/mbedtls/include/mbedtls/md.h,disabled
88.3,Function,-,mbedtls_md_setup,0xdf46d350,"int mbedtls_md_setup(mbedtls_md_context_t*, const mbedtls_md_info_t*, int)",lib/mbedtls/include/mbedtls/md.h,disabled
88.3,Function,-,mbedtls_md_starts,0xc92635e0,int mbedtls_md_starts(mbedtls_md_context_t*),lib/mbedtls/include/mbedtls/md.h,disabled
88.3,Function,-,mbedtls_md_update,0xcd8981e2,"int mbedtls_md_update(mbedtls_md_context_t*, const unsigned char*, size_t)",lib/mbedtls/include/mbedtls/md.h,disabled
88.3,Function,-,mbedtls_mpi_add_abs,0x4325a0f2,"int mbedtls_mpi_add_abs(mbedtls_mpi*, const mbedtls_mpi*, const mbedtls_mpi*)",@sdk/toolchain-or-transitive-runtime,disabled
88.3,Function,-,mbedtls_mpi_add_int,0x4325c487,"int mbedtls_mpi_add_int(mbedtls_mpi*, const mbedtls_mpi*, mbedtls_mpi_sint)",@sdk/toolchain-or-transitive-runtime,disabled
88.3,Function,-,mbedtls_mpi_add_mpi,0x4325d5c2,"int mbedtls_mpi_add_mpi(mbedtls_mpi*, const mbedtls_mpi*, const mbedtls_mpi*)",@sdk/toolchain-or-transitive-runtime,disabled
88.3,Function,-,mbedtls_mpi_bitlen,0x715cadb2,size_t mbedtls_mpi_bitlen(const mbedtls_mpi*),@sdk/toolchain-or-transitive-runtime,disabled
88.3,Function,-,mbedtls_mpi_cmp_abs,0xf2f1ae29,"int mbedtls_mpi_cmp_abs(const mbedtls_mpi*, const mbedtls_mpi*)",@sdk/toolchain-or-transitive-runtime,disabled
88.3,Function,-,mbedtls_mpi_cmp_int,0xf2f1d1be,"int mbedtls_mpi_cmp_int(const mbedtls_mpi*, mbedtls_mpi_sint)",@sdk/toolchain-or-transitive-runtime,disabled
88.3,Function,-,mbedtls_mpi_cmp_mpi,0xf2f1e2f9,"int mbedtls_mpi_cmp_mpi(const mbedtls_mpi*, const mbedtls_mpi*)",@sdk/toolchain-or-transitive-runtime,disabled
88.3,Function,-,mbedtls_mpi_copy,0x90ea29ef,"int mbedtls_mpi_copy(mbedtls_mpi*, const mbedtls_mpi*)",lib/mbedtls/include/mbedtls/ecp.h,disabled
88.3,Function,-,mbedtls_mpi_div_int,0x3703ff01,"int mbedtls_mpi_div_int(mbedtls_mpi*, mbedtls_mpi*, const mbedtls_mpi*, mbedtls_mpi_sint)",@sdk/toolchain-or-transitive-runtime,disabled
88.3,Function,-,mbedtls_mpi_div_mpi,0x3704103c,"int mbedtls_mpi_div_mpi(mbedtls_mpi*, mbedtls_mpi*, const mbedtls_mpi*, const mbedtls_mpi*)",@sdk/toolchain-or-transitive-runtime,disabled
88.3,Function,-,mbedtls_mpi_exp_mod,0xa68f1b40,"int mbedtls_mpi_exp_mod(mbedtls_mpi*, const mbedtls_mpi*, const mbedtls_mpi*, const mbedtls_mpi*, mbedtls_mpi*)",@sdk/toolchain-or-transitive-runtime,disabled
88.3,Function,-,mbedtls_mpi_fill_random,0x8aa6e29b,"int mbedtls_mpi_fill_random(mbedtls_mpi*, size_t, int (*)(void*, unsigned char*, size_t), void*)",@sdk/toolchain-or-transitive-runtime,disabled
88.3,Function,-,mbedtls_mpi_free,0x90ebda56,void mbedtls_mpi_free(mbedtls_mpi*),lib/mbedtls/include/mbedtls/ecp.h,disabled
88.3,Function,-,mbedtls_mpi_gcd,0x32efe222,"int mbedtls_mpi_gcd(mbedtls_mpi*, const mbedtls_mpi*, const mbedtls_mpi*)",@sdk/toolchain-or-transitive-runtime,disabled
88.3,Function,-,mbedtls_mpi_gen_prime,0x4d1c996a,"int mbedtls_mpi_gen_prime(mbedtls_mpi*, size_t, int, int (*)(void*, unsigned char*, size_t), void*)",@sdk/toolchain-or-transitive-runtime,disabled
88.3,Function,-,mbedtls_mpi_get_bit,0x1479c352,"int mbedtls_mpi_get_bit(const mbedtls_mpi*, size_t)",@sdk/toolchain-or-transitive-runtime,disabled
88.3,Function,-,mbedtls_mpi_grow,0x90ec6813,"int mbedtls_mpi_grow(mbedtls_mpi*, size_t)",@sdk/toolchain-or-transitive-runtime,disabled
88.3,Function,-,mbedtls_mpi_init,0x90ed6f08,void mbedtls_mpi_init(mbedtls_mpi*),lib/mbedtls/include/mbedtls/ecp.h,disabled
88.3,Function,-,mbedtls_mpi_inv_mod,0xc3910b00,"int mbedtls_mpi_inv_mod(mbedtls_mpi*, const mbedtls_mpi*, const mbedtls_mpi*)",@sdk/toolchain-or-transitive-runtime,disabled
88.3,Function,-,mbedtls_mpi_is_prime_ext,0x34d3965c,"int mbedtls_mpi_is_prime_ext(const mbedtls_mpi*, int, int (*)(void*, unsigned char*, size_t), void*)",@sdk/toolchain-or-transitive-runtime,disabled
88.3,Function,-,mbedtls_mpi_lsb,0x32eff975,size_t mbedtls_mpi_lsb(const mbedtls_mpi*),@sdk/toolchain-or-transitive-runtime,disabled
88.3,Function,-,mbedtls_mpi_lset,0x90ef28ec,"int mbedtls_mpi_lset(mbedtls_mpi*, mbedtls_mpi_sint)",@sdk/toolchain-or-transitive-runtime,disabled
88.3,Function,-,mbedtls_mpi_lt_mpi_ct,0x095fd5ef,"int mbedtls_mpi_lt_mpi_ct(const mbedtls_mpi*, const mbedtls_mpi*, unsigned*)",@sdk/toolchain-or-transitive-runtime,disabled
88.3,Function,-,mbedtls_mpi_mod_int,0xf8895c7e,"int mbedtls_mpi_mod_int(mbedtls_mpi_uint*, const mbedtls_mpi*, mbedtls_mpi_sint)",@sdk/toolchain-or-transitive-runtime,disabled
88.3,Function,-,mbedtls_mpi_mod_mpi,0xf8896db9,"int mbedtls_mpi_mod_mpi(mbedtls_mpi*, const mbedtls_mpi*, const mbedtls_mpi*)",@sdk/toolchain-or-transitive-runtime,disabled
88.3,Function,-,mbedtls_mpi_mul_int,0x0719144c,"int mbedtls_mpi_mul_int(mbedtls_mpi*, const mbedtls_mpi*, mbedtls_mpi_uint)",@sdk/toolchain-or-transitive-runtime,disabled
88.3,Function,-,mbedtls_mpi_mul_mpi,0x07192587,"int mbedtls_mpi_mul_mpi(mbedtls_mpi*, const mbedtls_mpi*, const mbedtls_mpi*)",@sdk/toolchain-or-transitive-runtime,disabled
88.3,Function,-,mbedtls_mpi_random,0x961b08b5,"int mbedtls_mpi_random(mbedtls_mpi*, mbedtls_mpi_sint, const mbedtls_mpi*, int (*)(void*, unsigned char*, size_t), void*)",@sdk/toolchain-or-transitive-runtime,disabled
88.3,Function,-,mbedtls_mpi_read_binary,0x32abc8b4,"int mbedtls_mpi_read_binary(mbedtls_mpi*, const unsigned char*, size_t)",@sdk/toolchain-or-transitive-runtime,disabled
88.3,Function,-,mbedtls_mpi_read_binary_le,0x24db1ea4,"int mbedtls_mpi_read_binary_le(mbedtls_mpi*, const unsigned char*, size_t)",@sdk/toolchain-or-transitive-runtime,disabled
88.3,Function,-,mbedtls_mpi_read_string,0x5b1cdbe6,"int mbedtls_mpi_read_string(mbedtls_mpi*, int, const char*)",@sdk/toolchain-or-transitive-runtime,disabled
88.3,Function,-,mbedtls_mpi_safe_cond_assign,0x341618da,"int mbedtls_mpi_safe_cond_assign(mbedtls_mpi*, const mbedtls_mpi*, unsigned char)",@sdk/toolchain-or-transitive-runtime,disabled
88.3,Function,-,mbedtls_mpi_safe_cond_swap,0xa068eb70,"int mbedtls_mpi_safe_cond_swap(mbedtls_mpi*, mbedtls_mpi*, unsigned char)",@sdk/toolchain-or-transitive-runtime,disabled
88.3,Function,-,mbedtls_mpi_set_bit,0xb0349c5e,"int mbedtls_mpi_set_bit(mbedtls_mpi*, size_t, unsigned char)",@sdk/toolchain-or-transitive-runtime,disabled
88.3,Function,-,mbedtls_mpi_shift_l,0xb6712a9d,"int mbedtls_mpi_shift_l(mbedtls_mpi*, size_t)",@sdk/toolchain-or-transitive-runtime,disabled
88.3,Function,-,mbedtls_mpi_shift_r,0xb6712aa3,"int mbedtls_mpi_shift_r(mbedtls_mpi*, size_t)",@sdk/toolchain-or-transitive-runtime,disabled
88.3,Function,-,mbedtls_mpi_shrink,0x98f12383,"int mbedtls_mpi_shrink(mbedtls_mpi*, size_t)",@sdk/toolchain-or-transitive-runtime,disabled
88.3,Function,-,mbedtls_mpi_size,0x90f2d7af,size_t mbedtls_mpi_size(const mbedtls_mpi*),@sdk/toolchain-or-transitive-runtime,disabled
88.3,Function,-,mbedtls_mpi_sub_abs,0xd4416833,"int mbedtls_mpi_sub_abs(mbedtls_mpi*, const mbedtls_mpi*, const mbedtls_mpi*)",@sdk/toolchain-or-transitive-runtime,disabled
88.3,Function,-,mbedtls_mpi_sub_int,0xd4418bc8,"int mbedtls_mpi_sub_int(mbedtls_mpi*, const mbedtls_mpi*, mbedtls_mpi_sint)",lib/mbedtls/include/mbedtls/ecp.h,disabled
88.3,Function,-,mbedtls_mpi_sub_mpi,0xd4419d03,"int mbedtls_mpi_sub_mpi(mbedtls_mpi*, const mbedtls_mpi*, const mbedtls_mpi*)",@sdk/toolchain-or-transitive-runtime,disabled
88.3,Function,-,mbedtls_mpi_swap,0x90f3100f,"void mbedtls_mpi_swap(mbedtls_mpi*, mbedtls_mpi*)",@sdk/toolchain-or-transitive-runtime,disabled
88.3,Function,-,mbedtls_mpi_write_binary,0x3cab07c3,"int mbedtls_mpi_write_binary(const mbedtls_mpi*, unsigned char*, size_t)",@sdk/toolchain-or-transitive-runtime,disabled
88.3,Function,-,mbedtls_mpi_write_binary_le,0x850e3753,"int mbedtls_mpi_write_binary_le(const mbedtls_mpi*, unsigned char*, size_t)",@sdk/toolchain-or-transitive-runtime,disabled
88.3,Function,-,mbedtls_mpi_write_string,0x651c1af5,"int mbedtls_mpi_write_string(const mbedtls_mpi*, int, char*, size_t, size_t*)",@sdk/toolchain-or-transitive-runtime,disabled
88.3,Function,-,mbedtls_platform_zeroize,0x3e2bddbb,"void mbedtls_platform_zeroize(void*, size_t)",@sdk/toolchain-or-transitive-runtime,disabled
88.3,Function,-,mbedtls_sha1,0xf125965c,"int mbedtls_sha1(const unsigned char*, size_t, unsigned char[20])",lib/mbedtls/include/mbedtls/sha1.h,disabled
88.3,Function,-,mbedtls_sha1_clone,0xa74298ac,"void mbedtls_sha1_clone(mbedtls_sha1_context*, const mbedtls_sha1_context*)",lib/mbedtls/include/mbedtls/sha1.h,disabled
88.3,Function,-,mbedtls_sha1_finish,0x965e3f1c,"int mbedtls_sha1_finish(mbedtls_sha1_context*, unsigned char[20])",lib/mbedtls/include/mbedtls/sha1.h,disabled
88.3,Function,-,mbedtls_sha1_free,0x339ee8bd,void mbedtls_sha1_free(mbedtls_sha1_context*),lib/mbedtls/include/mbedtls/sha1.h,disabled
88.3,Function,-,mbedtls_sha1_init,0x33a07d6f,void mbedtls_sha1_init(mbedtls_sha1_context*),lib/mbedtls/include/mbedtls/sha1.h,disabled
88.3,Function,-,mbedtls_sha1_starts,0xb571625c,int mbedtls_sha1_starts(mbedtls_sha1_context*),lib/mbedtls/include/mbedtls/sha1.h,disabled
88.3,Function,-,mbedtls_sha1_update,0xb9d4ae5e,"int mbedtls_sha1_update(mbedtls_sha1_context*, const unsigned char*, size_t)",lib/mbedtls/include/mbedtls/sha1.h,disabled
88.3,Function,-,mbedtls_sha256,0xd0e4a8a8,"int mbedtls_sha256(const unsigned char*, size_t, unsigned char*, int)",lib/mbedtls/include/mbedtls/sha256.h,disabled
88.3,Function,-,mbedtls_sha256_clone,0x8cd133f8,"void mbedtls_sha256_clone(mbedtls_sha256_context*, const mbedtls_sha256_context*)",lib/mbedtls/include/mbedtls/sha256.h,disabled
88.3,Function,-,mbedtls_sha256_finish,0x2dc043e8,"int mbedtls_sha256_finish(mbedtls_sha256_context*, unsigned char*)",lib/mbedtls/include/mbedtls/sha256.h,disabled
88.3,Function,-,mbedtls_sha256_free,0x70e14a89,void mbedtls_sha256_free(mbedtls_sha256_context*),lib/mbedtls/include/mbedtls/sha256.h,disabled
88.3,Function,-,mbedtls_sha256_init,0x70e2df3b,void mbedtls_sha256_init(mbedtls_sha256_context*),lib/mbedtls/include/mbedtls/sha256.h,disabled
88.3,Function,-,mbedtls_sha256_starts,0x4cd36728,"int mbedtls_sha256_starts(mbedtls_sha256_context*, int)",lib/mbedtls/include/mbedtls/sha256.h,disabled
88.3,Function,-,mbedtls_sha256_update,0x5136b32a,"int mbedtls_sha256_update(mbedtls_sha256_context*, const unsigned char*, size_t)",lib/mbedtls/include/mbedtls/sha256.h,disabled
88.3,Function,-,mblen,0x0feb0513,"int mblen(const char*, size_t)",@sdk/toolchain-or-transitive-runtime,disabled
88.3,Function,-,mbstowcs,0xa0396ff7,"size_t mbstowcs(wchar_t*, const char*, size_t)",@sdk/toolchain-or-transitive-runtime,disabled
88.3,Function,-,mbtowc,0x0d503691,"int mbtowc(wchar_t*, const char*, size_t)",@sdk/toolchain-or-transitive-runtime,disabled
88.3,Function,+,md5_calc_file,0x6c22c47c,"_Bool md5_calc_file(File*, const char*, unsigned char[16], FS_Error*)",lib/toolbox/md5_calc.h,supported
88.3,Function,+,md5_string_calc_file,0x035bd872,"_Bool md5_string_calc_file(File*, const char*, FuriString*, FS_Error*)",lib/toolbox/md5_calc.h,supported
88.3,Function,-,memccpy,0xbdd0ef93,"void* memccpy(void*, const void*, int, size_t)",@sdk/toolchain-or-transitive-runtime,disabled
88.3,Function,+,memchr,0x0d827481,"void* memchr(const void*, int, size_t)",@sdk/toolchain-or-transitive-runtime,supported
88.3,Function,+,memcmp,0x0d827524,"int memcmp(const void*, const void*, size_t)",lib/mlib/m-core.h,supported
88.3,Function,+,memcpy,0x0d827590,"void* memcpy(void*, const void*, size_t)",lib/mlib/m-algo.h;lib/mlib/m-array.h;lib/mlib/m-core.h;lib/nanopb/pb.h;lib/toolbox/simple_array.h,supported
88.3,Function,-,memmem,0x0d829ea3,"void* memmem(const void*, size_t, const void*, size_t)",@sdk/toolchain-or-transitive-runtime,disabled
88.3,Function,-,memmgr_alloc_from_pool,0xb80b7a60,void* memmgr_alloc_from_pool(size_t),@sdk/toolchain-or-transitive-runtime,disabled
88.3,Function,+,memmgr_get_free_heap,0xf8382627,size_t memmgr_get_free_heap(),@sdk/toolchain-or-transitive-runtime,supported
88.3,Function,+,memmgr_get_minimum_free_heap,0x18a5ff02,size_t memmgr_get_minimum_free_heap(),@sdk/toolchain-or-transitive-runtime,supported
88.3,Function,+,memmgr_get_total_heap,0x9bfff649,size_t memmgr_get_total_heap(),@sdk/toolchain-or-transitive-runtime,supported
88.3,Function,+,memmgr_heap_disable_thread_trace,0xa9603a3f,void memmgr_heap_disable_thread_trace(FuriThreadId),@sdk/toolchain-or-transitive-runtime,supported
88.3,Function,+,memmgr_heap_enable_thread_trace,0x6e5c87f2,void memmgr_heap_enable_thread_trace(FuriThreadId),@sdk/toolchain-or-transitive-runtime,supported
88.3,Function,+,memmgr_heap_get_max_free_block,0x15db55f6,size_t memmgr_heap_get_max_free_block(),@sdk/toolchain-or-transitive-runtime,supported
88.3,Function,+,memmgr_heap_get_thread_memory,0xad3bef35,size_t memmgr_heap_get_thread_memory(FuriThreadId),@sdk/toolchain-or-transitive-runtime,supported
88.3,Function,+,memmgr_heap_printf_free_blocks,0x7e00f017,void memmgr_heap_printf_free_blocks(),@sdk/toolchain-or-transitive-runtime,supported
88.3,Function,-,memmgr_pool_get_free,0x128c39a3,size_t memmgr_pool_get_free(),@sdk/toolchain-or-transitive-runtime,disabled
88.3,Function,-,memmgr_pool_get_max_block,0x2b16b9d1,size_t memmgr_pool_get_max_block(),@sdk/toolchain-or-transitive-runtime,disabled
88.3,Function,+,memmove,0xbdd69f1b,"void* memmove(void*, const void*, size_t)",lib/mlib/m-array.h;lib/mlib/m-bptree.h;lib/mlib/m-deque.h,supported
88.3,Function,-,mempcpy,0xbdd81080,"void* mempcpy(void*, const void*, size_t)",@sdk/toolchain-or-transitive-runtime,disabled
88.3,Function,-,memrchr,0xbdd92833,"void* memrchr(const void*, int, size_t)",@sdk/toolchain-or-transitive-runtime,disabled
88.3,Function,+,memset,0x0d82b830,"void* memset(void*, int, size_t)",lib/mlib/m-core.h;lib/mlib/m-deque.h;lib/nanopb/pb.h;lib/nanopb/pb_decode.h,supported
88.3,Function,+,menu_add_item,0x703647d0,"void menu_add_item(Menu*, const char*, const Icon*, uint32_t, MenuItemCallback, void*)",applications/services/gui/modules/menu.h,supported
88.3,Function,+,menu_alloc,0x7a9fec44,Menu* menu_alloc(),applications/services/gui/modules/menu.h,supported
88.3,Function,+,menu_free,0xec744a3b,void menu_free(Menu*),applications/services/gui/modules/menu.h,supported
88.3,Function,+,menu_get_view,0x6c14fe13,View* menu_get_view(Menu*),applications/services/gui/modules/menu.h,supported
88.3,Function,+,menu_reset,0x7bcfd2bc,void menu_reset(Menu*),applications/services/gui/modules/menu.h,supported
88.3,Function,+,menu_set_header,0xd4d88cad,"void menu_set_header(Menu*, const char*)",applications/services/gui/modules/menu.h,supported
88.3,Function,+,menu_set_selected_item,0x0156f0db,"void menu_set_selected_item(Menu*, uint32_t)",applications/services/gui/modules/menu.h,supported
88.3,Function,+,mf_classic_alloc,0x9162b0c3,MfClassicData* mf_classic_alloc(),lib/nfc/protocols/mf_classic/mf_classic.h,supported
88.3,Function,+,mf_classic_block_to_value,0xd436bfc1,"_Bool mf_classic_block_to_value(const MfClassicBlock*, int32_t*, uint8_t*)",lib/nfc/protocols/mf_classic/mf_classic.h,supported
88.3,Function,+,mf_classic_copy,0xdd9f4a73,"void mf_classic_copy(MfClassicData*, const MfClassicData*)",lib/nfc/protocols/mf_classic/mf_classic.h,supported
88.3,Function,+,mf_classic_free,0xdda0fada,void mf_classic_free(MfClassicData*),lib/nfc/protocols/mf_classic/mf_classic.h,supported
88.3,Function,+,mf_classic_get_base_data,0x23132b4b,Iso14443_3aData* mf_classic_get_base_data(const MfClassicData*),lib/nfc/protocols/mf_classic/mf_classic.h,supported
88.3,Function,+,mf_classic_get_blocks_num_in_sector,0x00ad2969,uint8_t mf_classic_get_blocks_num_in_sector(uint8_t),lib/nfc/protocols/mf_classic/mf_classic.h,supported
88.3,Function,+,mf_classic_get_device_name,0x94022e67,"const char* mf_classic_get_device_name(const MfClassicData*, NfcDeviceNameType)",lib/nfc/protocols/mf_classic/mf_classic.h,supported
88.3,Function,+,mf_classic_get_first_block_num_of_sector,0x1d7e711b,uint8_t mf_classic_get_first_block_num_of_sector(uint8_t),lib/nfc/protocols/mf_classic/mf_classic.h,supported
88.3,Function,+,mf_classic_get_key,0x32e36b20,"MfClassicKey mf_classic_get_key(const MfClassicData*, uint8_t, MfClassicKeyType)",lib/nfc/protocols/mf_classic/mf_classic.h,supported
88.3,Function,+,mf_classic_get_read_sectors_and_keys,0xdc6dcd22,"void mf_classic_get_read_sectors_and_keys(const MfClassicData*, uint8_t*, uint8_t*)",lib/nfc/protocols/mf_classic/mf_classic.h,supported
88.3,Function,+,mf_classic_get_sector_by_block,0x4ce7f80b,uint8_t mf_classic_get_sector_by_block(uint8_t),lib/nfc/protocols/mf_classic/mf_classic.h,supported
88.3,Function,+,mf_classic_get_sector_trailer_by_sector,0xaaaa4702,"MfClassicSectorTrailer* mf_classic_get_sector_trailer_by_sector(const MfClassicData*, uint8_t)",lib/nfc/protocols/mf_classic/mf_classic.h,supported
88.3,Function,+,mf_classic_get_sector_trailer_num_by_block,0xc4fd684c,uint8_t mf_classic_get_sector_trailer_num_by_block(uint8_t),lib/nfc/protocols/mf_classic/mf_classic.h,supported
88.3,Function,+,mf_classic_get_sector_trailer_num_by_sector,0x8bcd2db1,uint8_t mf_classic_get_sector_trailer_num_by_sector(uint8_t),lib/nfc/protocols/mf_classic/mf_classic.h,supported
88.3,Function,+,mf_classic_get_total_block_num,0xa74414b4,uint16_t mf_classic_get_total_block_num(MfClassicType),lib/nfc/protocols/mf_classic/mf_classic.h,supported
88.3,Function,+,mf_classic_get_total_sectors_num,0xe28d6eec,uint8_t mf_classic_get_total_sectors_num(MfClassicType),lib/nfc/protocols/mf_classic/mf_classic.h,supported
88.3,Function,+,mf_classic_get_uid,0x32e39619,"const uint8_t* mf_classic_get_uid(const MfClassicData*, size_t*)",lib/nfc/protocols/mf_classic/mf_classic.h,supported
88.3,Function,+,mf_classic_is_allowed_access,0xc2b5430c,"_Bool mf_classic_is_allowed_access(MfClassicData*, uint8_t, MfClassicKeyType, MfClassicAction)",lib/nfc/protocols/mf_classic/mf_classic.h,supported
88.3,Function,+,mf_classic_is_allowed_access_data_block,0xd686976f,"_Bool mf_classic_is_allowed_access_data_block(MfClassicSectorTrailer*, uint8_t, MfClassicKeyType, MfClassicAction)",lib/nfc/protocols/mf_classic/mf_classic.h,supported
88.3,Function,+,mf_classic_is_block_read,0x417e2099,"_Bool mf_classic_is_block_read(const MfClassicData*, uint8_t)",lib/nfc/protocols/mf_classic/mf_classic.h,supported
88.3,Function,+,mf_classic_is_card_read,0x098da528,_Bool mf_classic_is_card_read(const MfClassicData*),lib/nfc/protocols/mf_classic/mf_classic.h,supported
88.3,Function,+,mf_classic_is_equal,0x6cf794eb,"_Bool mf_classic_is_equal(const MfClassicData*, const MfClassicData*)",lib/nfc/protocols/mf_classic/mf_classic.h,supported
88.3,Function,+,mf_classic_is_key_found,0x6e23aaf7,"_Bool mf_classic_is_key_found(const MfClassicData*, uint8_t, MfClassicKeyType)",lib/nfc/protocols/mf_classic/mf_classic.h,supported
88.3,Function,+,mf_classic_is_sector_read,0xc994735e,"_Bool mf_classic_is_sector_read(const MfClassicData*, uint8_t)",lib/nfc/protocols/mf_classic/mf_classic.h,supported
88.3,Function,+,mf_classic_is_sector_trailer,0x48a33f15,_Bool mf_classic_is_sector_trailer(uint8_t),lib/nfc/protocols/mf_classic/mf_classic.h,supported
88.3,Function,+,mf_classic_is_value_block,0x203ce31a,"_Bool mf_classic_is_value_block(MfClassicSectorTrailer*, uint8_t)",lib/nfc/protocols/mf_classic/mf_classic.h,supported
88.3,Function,+,mf_classic_load,0xdda437d8,"_Bool mf_classic_load(MfClassicData*, FlipperFormat*, uint32_t)",lib/nfc/protocols/mf_classic/mf_classic.h,supported
88.3,Function,+,mf_classic_poller_auth,0x01daa577,"MfClassicError mf_classic_poller_auth(MfClassicPoller*, uint8_t, MfClassicKey*, MfClassicKeyType, MfClassicAuthContext*, _Bool)",lib/nfc/protocols/mf_classic/mf_classic_poller.h,supported
88.3,Function,+,mf_classic_poller_auth_nested,0x0241afb9,"MfClassicError mf_classic_poller_auth_nested(MfClassicPoller*, uint8_t, MfClassicKey*, MfClassicKeyType, MfClassicAuthContext*, _Bool, _Bool)",lib/nfc/protocols/mf_classic/mf_classic_poller.h,supported
88.3,Function,+,mf_classic_poller_get_nt,0xeff73346,"MfClassicError mf_classic_poller_get_nt(MfClassicPoller*, uint8_t, MfClassicKeyType, MfClassicNt*, _Bool)",lib/nfc/protocols/mf_classic/mf_classic_poller.h,supported
88.3,Function,+,mf_classic_poller_get_nt_nested,0xc458bea8,"MfClassicError mf_classic_poller_get_nt_nested(MfClassicPoller*, uint8_t, MfClassicKeyType, MfClassicNt*, _Bool)",lib/nfc/protocols/mf_classic/mf_classic_poller.h,supported
88.3,Function,+,mf_classic_poller_halt,0x01de260e,MfClassicError mf_classic_poller_halt(MfClassicPoller*),lib/nfc/protocols/mf_classic/mf_classic_poller.h,supported
88.3,Function,+,mf_classic_poller_read_block,0xb3ba098b,"MfClassicError mf_classic_poller_read_block(MfClassicPoller*, uint8_t, MfClassicBlock*)",lib/nfc/protocols/mf_classic/mf_classic_poller.h,supported
88.3,Function,+,mf_classic_poller_send_custom_parity_frame,0xbf56c36b,"MfClassicError mf_classic_poller_send_custom_parity_frame(MfClassicPoller*, const BitBuffer*, BitBuffer*, uint32_t)",lib/nfc/protocols/mf_classic/mf_classic_poller.h,supported
88.3,Function,+,mf_classic_poller_send_encrypted_frame,0x3e38ba86,"MfClassicError mf_classic_poller_send_encrypted_frame(MfClassicPoller*, const BitBuffer*, BitBuffer*, uint32_t)",lib/nfc/protocols/mf_classic/mf_classic_poller.h,supported
88.3,Function,+,mf_classic_poller_send_frame,0xb767dc19,"MfClassicError mf_classic_poller_send_frame(MfClassicPoller*, const BitBuffer*, BitBuffer*, uint32_t)",lib/nfc/protocols/mf_classic/mf_classic_poller.h,supported
88.3,Function,+,mf_classic_poller_send_standard_frame,0xe6a20ae9,"MfClassicError mf_classic_poller_send_standard_frame(MfClassicPoller*, const BitBuffer*, BitBuffer*, uint32_t)",lib/nfc/protocols/mf_classic/mf_classic_poller.h,supported
88.3,Function,+,mf_classic_poller_sync_auth,0x420dff73,"MfClassicError mf_classic_poller_sync_auth(Nfc*, uint8_t, MfClassicKey*, MfClassicKeyType, MfClassicAuthContext*)",lib/nfc/protocols/mf_classic/mf_classic_poller_sync.h,supported
88.3,Function,+,mf_classic_poller_sync_change_value,0xa5363303,"MfClassicError mf_classic_poller_sync_change_value(Nfc*, uint8_t, MfClassicKey*, MfClassicKeyType, int32_t, int32_t*)",lib/nfc/protocols/mf_classic/mf_classic_poller_sync.h,supported
88.3,Function,+,mf_classic_poller_sync_collect_nt,0xc0991208,"MfClassicError mf_classic_poller_sync_collect_nt(Nfc*, uint8_t, MfClassicKeyType, MfClassicNt*)",lib/nfc/protocols/mf_classic/mf_classic_poller_sync.h,supported
88.3,Function,+,mf_classic_poller_sync_detect_type,0xeb07fc1b,"MfClassicError mf_classic_poller_sync_detect_type(Nfc*, MfClassicType*)",lib/nfc/protocols/mf_classic/mf_classic_poller_sync.h,supported
88.3,Function,+,mf_classic_poller_sync_read,0x42170b5d,"MfClassicError mf_classic_poller_sync_read(Nfc*, const MfClassicDeviceKeys*, MfClassicData*)",lib/nfc/protocols/mf_classic/mf_classic_poller_sync.h,supported
88.3,Function,+,mf_classic_poller_sync_read_block,0xd39ff087,"MfClassicError mf_classic_poller_sync_read_block(Nfc*, uint8_t, MfClassicKey*, MfClassicKeyType, MfClassicBlock*)",lib/nfc/protocols/mf_classic/mf_classic_poller_sync.h,supported
88.3,Function,+,mf_classic_poller_sync_read_value,0xd503c7f9,"MfClassicError mf_classic_poller_sync_read_value(Nfc*, uint8_t, MfClassicKey*, MfClassicKeyType, int32_t*)",lib/nfc/protocols/mf_classic/mf_classic_poller_sync.h,supported
88.3,Function,+,mf_classic_poller_sync_write_block,0x451f4b56,"MfClassicError mf_classic_poller_sync_write_block(Nfc*, uint8_t, MfClassicKey*, MfClassicKeyType, MfClassicBlock*)",lib/nfc/protocols/mf_classic/mf_classic_poller_sync.h,supported
88.3,Function,+,mf_classic_poller_value_cmd,0x09caebf5,"MfClassicError mf_classic_poller_value_cmd(MfClassicPoller*, uint8_t, MfClassicValueCommand, int32_t)",lib/nfc/protocols/mf_classic/mf_classic_poller.h,supported
88.3,Function,+,mf_classic_poller_value_transfer,0x521fdc46,"MfClassicError mf_classic_poller_value_transfer(MfClassicPoller*, uint8_t)",lib/nfc/protocols/mf_classic/mf_classic_poller.h,supported
88.3,Function,+,mf_classic_poller_write_block,0x287c84da,"MfClassicError mf_classic_poller_write_block(MfClassicPoller*, uint8_t, MfClassicBlock*)",lib/nfc/protocols/mf_classic/mf_classic_poller.h,supported
88.3,Function,+,mf_classic_reset,0x9292973b,void mf_classic_reset(MfClassicData*),lib/nfc/protocols/mf_classic/mf_classic.h,supported
88.3,Function,+,mf_classic_save,0xdda7d5a7,"_Bool mf_classic_save(const MfClassicData*, FlipperFormat*)",lib/nfc/protocols/mf_classic/mf_classic.h,supported
88.3,Function,+,mf_classic_set_block_read,0x1e84d649,"void mf_classic_set_block_read(MfClassicData*, uint8_t, MfClassicBlock*)",lib/nfc/protocols/mf_classic/mf_classic.h,supported
88.3,Function,+,mf_classic_set_key_found,0x65526aa7,"void mf_classic_set_key_found(MfClassicData*, uint8_t, MfClassicKeyType, uint64_t)",lib/nfc/protocols/mf_classic/mf_classic.h,supported
88.3,Function,+,mf_classic_set_key_not_found,0x7c945f57,"void mf_classic_set_key_not_found(MfClassicData*, uint8_t, MfClassicKeyType)",lib/nfc/protocols/mf_classic/mf_classic.h,supported
88.3,Function,+,mf_classic_set_sector_trailer_read,0x771c6580,"void mf_classic_set_sector_trailer_read(MfClassicData*, uint8_t, MfClassicSectorTrailer*)",lib/nfc/protocols/mf_classic/mf_classic.h,supported
88.3,Function,+,mf_classic_set_uid,0xce9e6f25,"_Bool mf_classic_set_uid(MfClassicData*, const uint8_t*, size_t)",lib/nfc/protocols/mf_classic/mf_classic.h,supported
88.3,Function,+,mf_classic_value_to_block,0xc02d4001,"void mf_classic_value_to_block(int32_t, uint8_t, MfClassicBlock*)",lib/nfc/protocols/mf_classic/mf_classic.h,supported
88.3,Function,+,mf_classic_verify,0xee39a46d,"_Bool mf_classic_verify(MfClassicData*, const FuriString*)",lib/nfc/protocols/mf_classic/mf_classic.h,supported
88.3,Function,+,mf_desfire_alloc,0x117e17e3,MfDesfireData* mf_desfire_alloc(),lib/nfc/protocols/mf_desfire/mf_desfire.h,supported
88.3,Function,+,mf_desfire_copy,0x465a4d93,"void mf_desfire_copy(MfDesfireData*, const MfDesfireData*)",lib/nfc/protocols/mf_desfire/mf_desfire.h,supported
88.3,Function,+,mf_desfire_free,0x465bfdfa,void mf_desfire_free(MfDesfireData*),lib/nfc/protocols/mf_desfire/mf_desfire.h,supported
88.3,Function,+,mf_desfire_get_application,0x99f4abab,"const MfDesfireApplication* mf_desfire_get_application(const MfDesfireData*, const MfDesfireApplicationId*)",lib/nfc/protocols/mf_desfire/mf_desfire.h,supported
88.3,Function,+,mf_desfire_get_base_data,0x2f33b26b,Iso14443_4aData* mf_desfire_get_base_data(const MfDesfireData*),lib/nfc/protocols/mf_desfire/mf_desfire.h,supported
88.3,Function,+,mf_desfire_get_device_name,0x2a60fd87,"const char* mf_desfire_get_device_name(const MfDesfireData*, NfcDeviceNameType)",lib/nfc/protocols/mf_desfire/mf_desfire.h,supported
88.3,Function,+,mf_desfire_get_file_data,0x485c7430,"const MfDesfireFileData* mf_desfire_get_file_data(const MfDesfireApplication*, const MfDesfireFileId*)",lib/nfc/protocols/mf_desfire/mf_desfire.h,supported
88.3,Function,+,mf_desfire_get_file_settings,0x5a32bf67,"const MfDesfireFileSettings* mf_desfire_get_file_settings(const MfDesfireApplication*, const MfDesfireFileId*)",lib/nfc/protocols/mf_desfire/mf_desfire.h,supported
88.3,Function,+,mf_desfire_get_uid,0x27754539,"const uint8_t* mf_desfire_get_uid(const MfDesfireData*, size_t*)",lib/nfc/protocols/mf_desfire/mf_desfire.h,supported
88.3,Function,+,mf_desfire_is_equal,0xf3bf280b,"_Bool mf_desfire_is_equal(const MfDesfireData*, const MfDesfireData*)",lib/nfc/protocols/mf_desfire/mf_desfire.h,supported
88.3,Function,+,mf_desfire_load,0x465f3af8,"_Bool mf_desfire_load(MfDesfireData*, FlipperFormat*, uint32_t)",lib/nfc/protocols/mf_desfire/mf_desfire.h,supported
88.3,Function,+,mf_desfire_poller_read_application,0x94392014,"MfDesfireError mf_desfire_poller_read_application(MfDesfirePoller*, MfDesfireApplication*)",lib/nfc/protocols/mf_desfire/mf_desfire_poller.h,supported
88.3,Function,+,mf_desfire_poller_read_application_ids,0x4d68ee13,"MfDesfireError mf_desfire_poller_read_application_ids(MfDesfirePoller*, SimpleArray*)",lib/nfc/protocols/mf_desfire/mf_desfire_poller.h,supported
88.3,Function,+,mf_desfire_poller_read_applications,0x1b5d2307,"MfDesfireError mf_desfire_poller_read_applications(MfDesfirePoller*, const SimpleArray*, SimpleArray*)",lib/nfc/protocols/mf_desfire/mf_desfire_poller.h,supported
88.3,Function,+,mf_desfire_poller_read_file_data,0x32f6ba59,"MfDesfireError mf_desfire_poller_read_file_data(MfDesfirePoller*, MfDesfireFileId, uint32_t, size_t, MfDesfireFileData*)",lib/nfc/protocols/mf_desfire/mf_desfire_poller.h,supported
88.3,Function,+,mf_desfire_poller_read_file_data_multi,0x8c29dee3,"MfDesfireError mf_desfire_poller_read_file_data_multi(MfDesfirePoller*, const SimpleArray*, const SimpleArray*, SimpleArray*)",lib/nfc/protocols/mf_desfire/mf_desfire_poller.h,supported
88.3,Function,+,mf_desfire_poller_read_file_ids,0x018b709f,"MfDesfireError mf_desfire_poller_read_file_ids(MfDesfirePoller*, SimpleArray*)",lib/nfc/protocols/mf_desfire/mf_desfire_poller.h,supported
88.3,Function,+,mf_desfire_poller_read_file_records,0x7b3f3bd1,"MfDesfireError mf_desfire_poller_read_file_records(MfDesfirePoller*, MfDesfireFileId, uint32_t, size_t, MfDesfireFileData*)",lib/nfc/protocols/mf_desfire/mf_desfire_poller.h,supported
88.3,Function,+,mf_desfire_poller_read_file_settings,0xf765f210,"MfDesfireError mf_desfire_poller_read_file_settings(MfDesfirePoller*, MfDesfireFileId, MfDesfireFileSettings*)",lib/nfc/protocols/mf_desfire/mf_desfire_poller.h,supported
88.3,Function,+,mf_desfire_poller_read_file_settings_multi,0x71c7c3da,"MfDesfireError mf_desfire_poller_read_file_settings_multi(MfDesfirePoller*, const SimpleArray*, SimpleArray*)",lib/nfc/protocols/mf_desfire/mf_desfire_poller.h,supported
88.3,Function,+,mf_desfire_poller_read_file_value,0x93139f7c,"MfDesfireError mf_desfire_poller_read_file_value(MfDesfirePoller*, MfDesfireFileId, MfDesfireFileData*)",lib/nfc/protocols/mf_desfire/mf_desfire_poller.h,supported
88.3,Function,+,mf_desfire_poller_read_free_memory,0xd5c9fb7a,"MfDesfireError mf_desfire_poller_read_free_memory(MfDesfirePoller*, MfDesfireFreeMemory*)",lib/nfc/protocols/mf_desfire/mf_desfire_poller.h,supported
88.3,Function,+,mf_desfire_poller_read_key_settings,0x84c92539,"MfDesfireError mf_desfire_poller_read_key_settings(MfDesfirePoller*, MfDesfireKeySettings*)",lib/nfc/protocols/mf_desfire/mf_desfire_poller.h,supported
88.3,Function,+,mf_desfire_poller_read_key_version,0xa4fe9d0e,"MfDesfireError mf_desfire_poller_read_key_version(MfDesfirePoller*, uint8_t, MfDesfireKeyVersion*)",lib/nfc/protocols/mf_desfire/mf_desfire_poller.h,supported
88.3,Function,+,mf_desfire_poller_read_key_versions,0x44d23f41,"MfDesfireError mf_desfire_poller_read_key_versions(MfDesfirePoller*, SimpleArray*, uint32_t)",lib/nfc/protocols/mf_desfire/mf_desfire_poller.h,supported
88.3,Function,+,mf_desfire_poller_read_version,0xb74bafe6,"MfDesfireError mf_desfire_poller_read_version(MfDesfirePoller*, MfDesfireVersion*)",lib/nfc/protocols/mf_desfire/mf_desfire_poller.h,supported
88.3,Function,+,mf_desfire_poller_select_application,0x2c9c6c98,"MfDesfireError mf_desfire_poller_select_application(MfDesfirePoller*, const MfDesfireApplicationId*)",lib/nfc/protocols/mf_desfire/mf_desfire_poller.h,supported
88.3,Function,+,mf_desfire_reset,0x12adfe5b,void mf_desfire_reset(MfDesfireData*),lib/nfc/protocols/mf_desfire/mf_desfire.h,supported
88.3,Function,+,mf_desfire_save,0x4662d8c7,"_Bool mf_desfire_save(const MfDesfireData*, FlipperFormat*)",lib/nfc/protocols/mf_desfire/mf_desfire.h,supported
88.3,Function,+,mf_desfire_send_chunks,0x36587b4d,"MfDesfireError mf_desfire_send_chunks(MfDesfirePoller*, const BitBuffer*, BitBuffer*)",lib/nfc/protocols/mf_desfire/mf_desfire_poller.h,supported
88.3,Function,+,mf_desfire_set_uid,0xc3301e45,"_Bool mf_desfire_set_uid(MfDesfireData*, const uint8_t*, size_t)",lib/nfc/protocols/mf_desfire/mf_desfire.h,supported
88.3,Function,+,mf_desfire_verify,0x71c1ef8d,"_Bool mf_desfire_verify(MfDesfireData*, const FuriString*)",lib/nfc/protocols/mf_desfire/mf_desfire.h,supported
88.3,Function,+,mf_plus_alloc,0x932208e5,MfPlusData* mf_plus_alloc(),lib/nfc/protocols/mf_plus/mf_plus.h,supported
88.3,Function,+,mf_plus_copy,0xb6e32655,"void mf_plus_copy(MfPlusData*, const MfPlusData*)",lib/nfc/protocols/mf_plus/mf_plus.h,supported
88.3,Function,+,mf_plus_free,0xb6e4d6bc,void mf_plus_free(MfPlusData*),lib/nfc/protocols/mf_plus/mf_plus.h,supported
88.3,Function,+,mf_plus_get_base_data,0xb331856d,Iso14443_4aData* mf_plus_get_base_data(const MfPlusData*),lib/nfc/protocols/mf_plus/mf_plus.h,supported
88.3,Function,+,mf_plus_get_device_name,0xa51f9909,"const char* mf_plus_get_device_name(const MfPlusData*, NfcDeviceNameType)",lib/nfc/protocols/mf_plus/mf_plus.h,supported
88.3,Function,+,mf_plus_get_uid,0xa1d97ebb,"const uint8_t* mf_plus_get_uid(const MfPlusData*, size_t*)",lib/nfc/protocols/mf_plus/mf_plus.h,supported
88.3,Function,+,mf_plus_is_equal,0xbaaa91cd,"_Bool mf_plus_is_equal(const MfPlusData*, const MfPlusData*)",lib/nfc/protocols/mf_plus/mf_plus.h,supported
88.3,Function,+,mf_plus_load,0xb6e813ba,"_Bool mf_plus_load(MfPlusData*, FlipperFormat*, uint32_t)",lib/nfc/protocols/mf_plus/mf_plus.h,supported
88.3,Function,+,mf_plus_poller_read_version,0x5f103c68,"MfPlusError mf_plus_poller_read_version(MfPlusPoller*, MfPlusVersion*)",lib/nfc/protocols/mf_plus/mf_plus_poller.h,supported
88.3,Function,+,mf_plus_reset,0x9451ef5d,void mf_plus_reset(MfPlusData*),lib/nfc/protocols/mf_plus/mf_plus.h,supported
88.3,Function,+,mf_plus_save,0xb6ebb189,"_Bool mf_plus_save(const MfPlusData*, FlipperFormat*)",lib/nfc/protocols/mf_plus/mf_plus.h,supported
88.3,Function,+,mf_plus_set_uid,0x3d9457c7,"_Bool mf_plus_set_uid(MfPlusData*, const uint8_t*, size_t)",lib/nfc/protocols/mf_plus/mf_plus.h,supported
88.3,Function,+,mf_plus_verify,0x27e400cf,"_Bool mf_plus_verify(MfPlusData*, const FuriString*)",lib/nfc/protocols/mf_plus/mf_plus.h,supported
88.3,Function,+,mf_ultralight_3des_decrypt,0xf1eafeff,"void mf_ultralight_3des_decrypt(mbedtls_des3_context*, const uint8_t*, const uint8_t*, const uint8_t*, const uint8_t, uint8_t*)",lib/nfc/protocols/mf_ultralight/mf_ultralight.h,supported
88.3,Function,+,mf_ultralight_3des_encrypt,0x53e3a969,"void mf_ultralight_3des_encrypt(mbedtls_des3_context*, const uint8_t*, const uint8_t*, const uint8_t*, const uint8_t, uint8_t*)",lib/nfc/protocols/mf_ultralight/mf_ultralight.h,supported
88.3,Function,+,mf_ultralight_3des_get_key,0xda02adac,const uint8_t* mf_ultralight_3des_get_key(const MfUltralightData*),lib/nfc/protocols/mf_ultralight/mf_ultralight.h,supported
88.3,Function,+,mf_ultralight_3des_key_valid,0xb8fe6f1c,_Bool mf_ultralight_3des_key_valid(const MfUltralightData*),lib/nfc/protocols/mf_ultralight/mf_ultralight.h,supported
88.3,Function,+,mf_ultralight_3des_shift_data,0xa87d84fb,void mf_ultralight_3des_shift_data(uint8_t* const),lib/nfc/protocols/mf_ultralight/mf_ultralight.h,supported
88.3,Function,+,mf_ultralight_alloc,0x9aa31d61,MfUltralightData* mf_ultralight_alloc(),lib/nfc/protocols/mf_ultralight/mf_ultralight.h,supported
88.3,Function,+,mf_ultralight_copy,0x98159b51,"void mf_ultralight_copy(MfUltralightData*, const MfUltralightData*)",lib/nfc/protocols/mf_ultralight/mf_ultralight.h,supported
88.3,Function,+,mf_ultralight_detect_protocol,0x262993a0,_Bool mf_ultralight_detect_protocol(const Iso14443_3aData*),lib/nfc/protocols/mf_ultralight/mf_ultralight.h,supported
88.3,Function,+,mf_ultralight_free,0x98174bb8,void mf_ultralight_free(MfUltralightData*),lib/nfc/protocols/mf_ultralight/mf_ultralight.h,supported
88.3,Function,+,mf_ultralight_get_base_data,0xd0cd55e9,Iso14443_3aData* mf_ultralight_get_base_data(const MfUltralightData*),lib/nfc/protocols/mf_ultralight/mf_ultralight.h,supported
88.3,Function,+,mf_ultralight_get_config_page,0xa5de3da7,"_Bool mf_ultralight_get_config_page(const MfUltralightData*, MfUltralightConfigPages**)",lib/nfc/protocols/mf_ultralight/mf_ultralight.h,supported
88.3,Function,+,mf_ultralight_get_config_page_num,0xc0b8b496,uint16_t mf_ultralight_get_config_page_num(MfUltralightType),lib/nfc/protocols/mf_ultralight/mf_ultralight.h,supported
88.3,Function,+,mf_ultralight_get_device_name,0x98f17885,"const char* mf_ultralight_get_device_name(const MfUltralightData*, NfcDeviceNameType)",lib/nfc/protocols/mf_ultralight/mf_ultralight.h,supported
88.3,Function,+,mf_ultralight_get_feature_support_set,0x7cc35348,uint32_t mf_ultralight_get_feature_support_set(MfUltralightType),lib/nfc/protocols/mf_ultralight/mf_ultralight.h,supported
88.3,Function,+,mf_ultralight_get_pages_total,0x07ef7708,uint16_t mf_ultralight_get_pages_total(MfUltralightType),lib/nfc/protocols/mf_ultralight/mf_ultralight.h,supported
88.3,Function,+,mf_ultralight_get_pwd_page_num,0x6ae73ccb,uint8_t mf_ultralight_get_pwd_page_num(MfUltralightType),lib/nfc/protocols/mf_ultralight/mf_ultralight.h,supported
88.3,Function,+,mf_ultralight_get_type_by_version,0x7e072bf6,MfUltralightType mf_ultralight_get_type_by_version(MfUltralightVersion*),lib/nfc/protocols/mf_ultralight/mf_ultralight.h,supported
88.3,Function,+,mf_ultralight_get_uid,0x8df1a237,"const uint8_t* mf_ultralight_get_uid(const MfUltralightData*, size_t*)",lib/nfc/protocols/mf_ultralight/mf_ultralight.h,supported
88.3,Function,+,mf_ultralight_get_write_end_page,0x8a5e8392,uint8_t mf_ultralight_get_write_end_page(MfUltralightType),lib/nfc/protocols/mf_ultralight/mf_ultralight.h,supported
88.3,Function,+,mf_ultralight_is_all_data_read,0xb778c69e,_Bool mf_ultralight_is_all_data_read(const MfUltralightData*),lib/nfc/protocols/mf_ultralight/mf_ultralight.h,supported
88.3,Function,+,mf_ultralight_is_counter_configured,0x1e374096,_Bool mf_ultralight_is_counter_configured(const MfUltralightData*),lib/nfc/protocols/mf_ultralight/mf_ultralight.h,supported
88.3,Function,+,mf_ultralight_is_equal,0x29c724c9,"_Bool mf_ultralight_is_equal(const MfUltralightData*, const MfUltralightData*)",lib/nfc/protocols/mf_ultralight/mf_ultralight.h,supported
88.3,Function,+,mf_ultralight_is_page_pwd_or_pack,0x74f17d36,"_Bool mf_ultralight_is_page_pwd_or_pack(MfUltralightType, uint16_t)",lib/nfc/protocols/mf_ultralight/mf_ultralight.h,supported
88.3,Function,+,mf_ultralight_load,0x981a88b6,"_Bool mf_ultralight_load(MfUltralightData*, FlipperFormat*, uint32_t)",lib/nfc/protocols/mf_ultralight/mf_ultralight.h,supported
88.3,Function,+,mf_ultralight_poller_auth_pwd,0x1633d73f,"MfUltralightError mf_ultralight_poller_auth_pwd(MfUltralightPoller*, MfUltralightPollerAuthContext*)",lib/nfc/protocols/mf_ultralight/mf_ultralight_poller.h,supported
88.3,Function,+,mf_ultralight_poller_authenticate_end,0xba3a2dd8,"MfUltralightError mf_ultralight_poller_authenticate_end(MfUltralightPoller*, const uint8_t*, const uint8_t*, uint8_t*)",lib/nfc/protocols/mf_ultralight/mf_ultralight_poller.h,supported
88.3,Function,+,mf_ultralight_poller_authenticate_start,0x327da78f,"MfUltralightError mf_ultralight_poller_authenticate_start(MfUltralightPoller*, const uint8_t*, uint8_t*)",lib/nfc/protocols/mf_ultralight/mf_ultralight_poller.h,supported
88.3,Function,+,mf_ultralight_poller_read_counter,0x007246fe,"MfUltralightError mf_ultralight_poller_read_counter(MfUltralightPoller*, uint8_t, MfUltralightCounter*)",lib/nfc/protocols/mf_ultralight/mf_ultralight_poller.h,supported
88.3,Function,+,mf_ultralight_poller_read_page,0x14ed707b,"MfUltralightError mf_ultralight_poller_read_page(MfUltralightPoller*, uint8_t, MfUltralightPageReadCommandData*)",lib/nfc/protocols/mf_ultralight/mf_ultralight_poller.h,supported
88.3,Function,+,mf_ultralight_poller_read_page_from_sector,0x6fa9e05d,"MfUltralightError mf_ultralight_poller_read_page_from_sector(MfUltralightPoller*, uint8_t, uint8_t, MfUltralightPageReadCommandData*)",lib/nfc/protocols/mf_ultralight/mf_ultralight_poller.h,supported
88.3,Function,+,mf_ultralight_poller_read_signature,0x6d5d42b0,"MfUltralightError mf_ultralight_poller_read_signature(MfUltralightPoller*, MfUltralightSignature*)",lib/nfc/protocols/mf_ultralight/mf_ultralight_poller.h,supported
88.3,Function,+,mf_ultralight_poller_read_tearing_flag,0xb834ff21,"MfUltralightError mf_ultralight_poller_read_tearing_flag(MfUltralightPoller*, uint8_t, MfUltralightTearingFlag*)",lib/nfc/protocols/mf_ultralight/mf_ultralight_poller.h,supported
88.3,Function,+,mf_ultralight_poller_read_version,0x9f7d79e4,"MfUltralightError mf_ultralight_poller_read_version(MfUltralightPoller*, MfUltralightVersion*)",lib/nfc/protocols/mf_ultralight/mf_ultralight_poller.h,supported
88.3,Function,+,mf_ultralight_poller_sync_read_card,0xc826a334,"MfUltralightError mf_ultralight_poller_sync_read_card(Nfc*, MfUltralightData*, const MfUltralightPollerAuthContext*)",lib/nfc/protocols/mf_ultralight/mf_ultralight_poller_sync.h,supported
88.3,Function,+,mf_ultralight_poller_sync_read_counter,0x18ca3fba,"MfUltralightError mf_ultralight_poller_sync_read_counter(Nfc*, uint8_t, MfUltralightCounter*)",lib/nfc/protocols/mf_ultralight/mf_ultralight_poller_sync.h,supported
88.3,Function,+,mf_ultralight_poller_sync_read_page,0xc82dc2b7,"MfUltralightError mf_ultralight_poller_sync_read_page(Nfc*, uint16_t, MfUltralightPage*)",lib/nfc/protocols/mf_ultralight/mf_ultralight_poller_sync.h,supported
88.3,Function,+,mf_ultralight_poller_sync_read_signature,0xfb965a6c,"MfUltralightError mf_ultralight_poller_sync_read_signature(Nfc*, MfUltralightSignature*)",lib/nfc/protocols/mf_ultralight/mf_ultralight_poller_sync.h,supported
88.3,Function,+,mf_ultralight_poller_sync_read_tearing_flag,0xd4d1cd5d,"MfUltralightError mf_ultralight_poller_sync_read_tearing_flag(Nfc*, uint8_t, MfUltralightTearingFlag*)",lib/nfc/protocols/mf_ultralight/mf_ultralight_poller_sync.h,supported
88.3,Function,+,mf_ultralight_poller_sync_read_version,0xb7d572a0,"MfUltralightError mf_ultralight_poller_sync_read_version(Nfc*, MfUltralightVersion*)",lib/nfc/protocols/mf_ultralight/mf_ultralight_poller_sync.h,supported
88.3,Function,+,mf_ultralight_poller_sync_write_page,0x0af29366,"MfUltralightError mf_ultralight_poller_sync_write_page(Nfc*, uint16_t, MfUltralightPage*)",lib/nfc/protocols/mf_ultralight/mf_ultralight_poller_sync.h,supported
88.3,Function,+,mf_ultralight_poller_write_page,0xefa7f9aa,"MfUltralightError mf_ultralight_poller_write_page(MfUltralightPoller*, uint8_t, const MfUltralightPage*)",lib/nfc/protocols/mf_ultralight/mf_ultralight_poller.h,supported
88.3,Function,+,mf_ultralight_reset,0x9bd303d9,void mf_ultralight_reset(MfUltralightData*),lib/nfc/protocols/mf_ultralight/mf_ultralight.h,supported
88.3,Function,+,mf_ultralight_save,0x981e2685,"_Bool mf_ultralight_save(const MfUltralightData*, FlipperFormat*)",lib/nfc/protocols/mf_ultralight/mf_ultralight.h,supported
88.3,Function,+,mf_ultralight_set_uid,0x29ac7b43,"_Bool mf_ultralight_set_uid(MfUltralightData*, const uint8_t*, size_t)",lib/nfc/protocols/mf_ultralight/mf_ultralight.h,supported
88.3,Function,+,mf_ultralight_support_feature,0xaa0bc1fe,"_Bool mf_ultralight_support_feature(const uint32_t, const uint32_t)",lib/nfc/protocols/mf_ultralight/mf_ultralight.h,supported
88.3,Function,+,mf_ultralight_verify,0x1f87a4cb,"_Bool mf_ultralight_verify(MfUltralightData*, const FuriString*)",lib/nfc/protocols/mf_ultralight/mf_ultralight.h,supported
88.3,Function,+,mjs_apply,0xd778c9d4,"mjs_err_t mjs_apply(mjs*, mjs_val_t*, mjs_val_t, mjs_val_t, int, mjs_val_t*)",lib/mjs/mjs_exec_public.h,supported
88.3,Function,+,mjs_arg,0xc9e513e8,"mjs_val_t mjs_arg(mjs*, int)",lib/mjs/mjs_core_public.h,supported
88.3,Function,+,mjs_array_buf_get_ptr,0x0b2dd07d,"char* mjs_array_buf_get_ptr(mjs*, mjs_val_t, size_t*)",lib/mjs/mjs_array_buf_public.h,supported
88.3,Function,+,mjs_array_del,0x70b6c701,"void mjs_array_del(mjs*, mjs_val_t, unsigned long)",lib/mjs/mjs_array_public.h,supported
88.3,Function,+,mjs_array_get,0x70b6d3cc,"mjs_val_t mjs_array_get(mjs*, mjs_val_t, unsigned long)",lib/mjs/mjs_array_public.h,supported
88.3,Function,+,mjs_array_length,0xbcc216ae,"unsigned long mjs_array_length(mjs*, mjs_val_t)",lib/mjs/mjs_array_public.h,supported
88.3,Function,+,mjs_array_push,0x8796810c,"mjs_err_t mjs_array_push(mjs*, mjs_val_t, mjs_val_t)",lib/mjs/mjs_array_public.h,supported
88.3,Function,+,mjs_array_set,0x70b706d8,"mjs_err_t mjs_array_set(mjs*, mjs_val_t, unsigned long, mjs_val_t)",lib/mjs/mjs_array_public.h,supported
88.3,Function,+,mjs_call,0x0688626a,"mjs_err_t mjs_call(mjs*, mjs_val_t*, mjs_val_t, mjs_val_t, int, ...)",lib/mjs/mjs_core_public.h;lib/mjs/mjs_exec_public.h,supported
88.3,Function,+,mjs_create,0xcb5a4f62,mjs* mjs_create(void*),lib/mjs/mjs_core_public.h,supported
88.3,Function,+,mjs_dataview_get_buf,0x68fc631e,"mjs_val_t mjs_dataview_get_buf(mjs*, mjs_val_t)",lib/mjs/mjs_array_buf_public.h,supported
88.3,Function,+,mjs_del,0xc9e51f03,"int mjs_del(mjs*, mjs_val_t, const char*, size_t)",lib/mjs/mjs_object_public.h,supported
88.3,Function,+,mjs_destroy,0x665323b8,void mjs_destroy(mjs*),lib/mjs/mjs_core_public.h,supported
88.3,Function,-,mjs_disasm_all,0x5a8ccb27,"void mjs_disasm_all(mjs*, MjsPrintCallback, void*)",lib/mjs/mjs_util_public.h,disabled
88.3,Function,+,mjs_disown,0xcd1484c2,"int mjs_disown(mjs*, mjs_val_t*)",lib/mjs/mjs_core_public.h,supported
88.3,Function,-,mjs_dump,0x06894404,"void mjs_dump(mjs*, int, MjsPrintCallback, void*)",lib/mjs/mjs_util_public.h,disabled
88.3,Function,+,mjs_exec,0x0689dc13,"mjs_err_t mjs_exec(mjs*, const char*, mjs_val_t*)",lib/mjs/mjs_core_public.h;lib/mjs/mjs_exec_public.h,supported
88.3,Function,+,mjs_exec_file,0xe6563372,"mjs_err_t mjs_exec_file(mjs*, const char*, mjs_val_t*)",lib/mjs/mjs_exec_public.h,supported
88.3,Function,+,mjs_exit,0x0689dca8,void mjs_exit(mjs*),lib/mjs/mjs_core_public.h,supported
88.3,Function,+,mjs_ffi_resolve,0xe72deaa2,"void* mjs_ffi_resolve(mjs*, const char*)",@sdk/toolchain-or-transitive-runtime,supported
88.3,Function,-,mjs_fprintf,0x19d82b07,"void mjs_fprintf(mjs_val_t, mjs*, FILE*)",lib/mjs/mjs_util_public.h,disabled
88.3,Function,+,mjs_get,0xc9e52bce,"mjs_val_t mjs_get(mjs*, mjs_val_t, const char*, size_t)",lib/mjs/mjs_object_public.h,supported
88.3,Function,-,mjs_get_bcode_filename_by_offset,0xfa6e9c0a,"const char* mjs_get_bcode_filename_by_offset(mjs*, int)",lib/mjs/mjs_util_public.h,disabled
88.3,Function,+,mjs_get_bool,0xf64d7879,"int mjs_get_bool(mjs*, mjs_val_t)",lib/mjs/mjs_primitive_public.h,supported
88.3,Function,+,mjs_get_context,0xfe2b16b2,void* mjs_get_context(mjs*),lib/mjs/mjs_core_public.h,supported
88.3,Function,+,mjs_get_cstring,0x07eb4327,"const char* mjs_get_cstring(mjs*, mjs_val_t*)",lib/mjs/mjs_string_public.h,supported
88.3,Function,+,mjs_get_double,0xc43afa08,"double mjs_get_double(mjs*, mjs_val_t)",lib/mjs/mjs_primitive_public.h,supported
88.3,Function,+,mjs_get_global,0xcb00debe,mjs_val_t mjs_get_global(mjs*),lib/mjs/mjs_core_public.h,supported
88.3,Function,+,mjs_get_int,0x4d484818,"int mjs_get_int(mjs*, mjs_val_t)",lib/mjs/mjs_primitive_public.h,supported
88.3,Function,+,mjs_get_int32,0xc07ab4dd,"int32_t mjs_get_int32(mjs*, mjs_val_t)",lib/mjs/mjs_primitive_public.h,supported
88.3,Function,+,mjs_get_lineno_by_offset,0x5b64a712,"int mjs_get_lineno_by_offset(mjs*, int)",lib/mjs/mjs_util_public.h,supported
88.3,Function,+,mjs_get_offset_by_call_frame_num,0x2d2b6522,"int mjs_get_offset_by_call_frame_num(mjs*, int)",lib/mjs/mjs_util_public.h,supported
88.3,Function,+,mjs_get_ptr,0x4d4866a3,"void* mjs_get_ptr(mjs*, mjs_val_t)",lib/mjs/mjs_primitive_public.h,supported
88.3,Function,+,mjs_get_stack_trace,0x19770b31,const char* mjs_get_stack_trace(mjs*),lib/mjs/mjs_core_public.h,supported
88.3,Function,+,mjs_get_string,0xe7914ee4,"const char* mjs_get_string(mjs*, mjs_val_t*, size_t*)",lib/mjs/mjs_string_public.h,supported
88.3,Function,+,mjs_get_this,0xf65738c5,mjs_val_t mjs_get_this(mjs*),lib/mjs/mjs_exec_public.h,supported
88.3,Function,+,mjs_get_v,0xd7df6403,"mjs_val_t mjs_get_v(mjs*, mjs_val_t, mjs_val_t)",lib/mjs/mjs_object_public.h,supported
88.3,Function,+,mjs_get_v_proto,0x8f8e5136,"mjs_val_t mjs_get_v_proto(mjs*, mjs_val_t, mjs_val_t)",lib/mjs/mjs_object_public.h,supported
88.3,Function,+,mjs_is_array,0xd3b121a8,int mjs_is_array(mjs_val_t),lib/mjs/mjs_array_public.h,supported
88.3,Function,+,mjs_is_array_buf,0xa56f7e04,int mjs_is_array_buf(mjs_val_t),lib/mjs/mjs_array_buf_public.h,supported
88.3,Function,+,mjs_is_boolean,0xca4a6509,int mjs_is_boolean(mjs_val_t),lib/mjs/mjs_primitive_public.h,supported
88.3,Function,+,mjs_is_data_view,0xeab062fd,int mjs_is_data_view(mjs_val_t),lib/mjs/mjs_array_buf_public.h,supported
88.3,Function,+,mjs_is_foreign,0xfe65dcb3,int mjs_is_foreign(mjs_val_t),lib/mjs/mjs_primitive_public.h,supported
88.3,Function,+,mjs_is_function,0x8f8c1d4f,int mjs_is_function(mjs_val_t),lib/mjs/mjs_primitive_public.h,supported
88.3,Function,+,mjs_is_null,0x06716444,int mjs_is_null(mjs_val_t),lib/mjs/mjs_primitive_public.h,supported
88.3,Function,+,mjs_is_number,0x685bf492,int mjs_is_number(mjs_val_t),lib/mjs/mjs_primitive_public.h,supported
88.3,Function,+,mjs_is_object,0x6957b300,int mjs_is_object(mjs_val_t),lib/mjs/mjs_object_public.h,supported
88.3,Function,+,mjs_is_object_based,0xabd08f7e,int mjs_is_object_based(mjs_val_t),lib/mjs/mjs_object_public.h,supported
88.3,Function,+,mjs_is_string,0x73f68400,int mjs_is_string(mjs_val_t),lib/mjs/mjs_string_public.h,supported
88.3,Function,+,mjs_is_truthy,0x76294ed9,"int mjs_is_truthy(mjs*, mjs_val_t)",lib/mjs/mjs_util_public.h,supported
88.3,Function,+,mjs_is_typed_array,0x38e672cd,int mjs_is_typed_array(mjs_val_t),lib/mjs/mjs_array_buf_public.h,supported
88.3,Function,+,mjs_is_undefined,0xe07429bb,int mjs_is_undefined(mjs_val_t),lib/mjs/mjs_primitive_public.h,supported
88.3,Function,+,mjs_mk_array,0x1ce68f24,mjs_val_t mjs_mk_array(mjs*),lib/mjs/mjs_array_public.h,supported
88.3,Function,+,mjs_mk_array_buf,0x3e574980,"mjs_val_t mjs_mk_array_buf(mjs*, char*, size_t)",lib/mjs/mjs_array_buf_public.h,supported
88.3,Function,+,mjs_mk_boolean,0x36912185,"mjs_val_t mjs_mk_boolean(mjs*, int)",lib/mjs/mjs_primitive_public.h,supported
88.3,Function,+,mjs_mk_foreign,0x6aac992f,"mjs_val_t mjs_mk_foreign(mjs*, void*)",lib/mjs/mjs_primitive_public.h,supported
88.3,Function,+,mjs_mk_foreign_func,0x5007b55a,"mjs_val_t mjs_mk_foreign_func(mjs*, mjs_func_ptr_t)",lib/mjs/mjs_primitive_public.h,supported
88.3,Function,+,mjs_mk_function,0x84aa694b,"mjs_val_t mjs_mk_function(mjs*, size_t)",lib/mjs/mjs_primitive_public.h,supported
88.3,Function,+,mjs_mk_null,0x27b11240,mjs_val_t mjs_mk_null(),lib/mjs/mjs_primitive_public.h,supported
88.3,Function,+,mjs_mk_number,0xd83f118e,"mjs_val_t mjs_mk_number(mjs*, double)",lib/mjs/mjs_primitive_public.h,supported
88.3,Function,+,mjs_mk_object,0xd93acffc,mjs_val_t mjs_mk_object(mjs*),lib/mjs/mjs_object_public.h,supported
88.3,Function,+,mjs_mk_string,0xe3d9a0fc,"mjs_val_t mjs_mk_string(mjs*, const char*, size_t, int)",lib/mjs/mjs_string_public.h,supported
88.3,Function,+,mjs_mk_undefined,0x795bf537,mjs_val_t mjs_mk_undefined(),lib/mjs/mjs_primitive_public.h,supported
88.3,Function,+,mjs_nargs,0xd85bd689,int mjs_nargs(mjs*),lib/mjs/mjs_core_public.h,supported
88.3,Function,+,mjs_next,0x068e7d2d,"mjs_val_t mjs_next(mjs*, mjs_val_t, mjs_val_t*)",lib/mjs/mjs_object_public.h,supported
88.3,Function,+,mjs_own,0xc9e55022,"void mjs_own(mjs*, mjs_val_t*)",lib/mjs/mjs_core_public.h,supported
88.3,Function,+,mjs_prepend_errorf,0x00cba46b,"mjs_err_t mjs_prepend_errorf(mjs*, mjs_err_t, const char*, ...)",lib/mjs/mjs_core_public.h,supported
88.3,Function,-,mjs_print_error,0xb0213264,"void mjs_print_error(mjs*, FILE*, const char*, int)",lib/mjs/mjs_core_public.h,disabled
88.3,Function,+,mjs_return,0xed7500ce,"void mjs_return(mjs*, mjs_val_t)",lib/mjs/mjs_core_public.h,supported
88.3,Function,+,mjs_set,0xc9e55eda,"mjs_err_t mjs_set(mjs*, mjs_val_t, const char*, size_t, mjs_val_t)",lib/mjs/mjs_object_public.h,supported
88.3,Function,+,mjs_set_errorf,0xf743cca9,"mjs_err_t mjs_set_errorf(mjs*, mjs_err_t, const char*, ...)",lib/mjs/mjs_core_public.h,supported
88.3,Function,+,mjs_set_exec_flags_poller,0x02f86a97,"void mjs_set_exec_flags_poller(mjs*, mjs_flags_poller_t)",lib/mjs/mjs_core_public.h,supported
88.3,Function,+,mjs_set_ffi_resolver,0xa2f07b5f,"void mjs_set_ffi_resolver(mjs*, mjs_ffi_resolver_t*, void*)",@sdk/toolchain-or-transitive-runtime,supported
88.3,Function,-,mjs_set_generate_jsc,0xeb568d83,"void mjs_set_generate_jsc(mjs*, int)",lib/mjs/mjs_core_public.h,disabled
88.3,Function,+,mjs_set_v,0xd8b88a0f,"mjs_err_t mjs_set_v(mjs*, mjs_val_t, mjs_val_t, mjs_val_t)",lib/mjs/mjs_object_public.h,supported
88.3,Function,+,mjs_sprintf,0x028d40d4,"void mjs_sprintf(mjs_val_t, mjs*, char*, size_t)",lib/mjs/mjs_util_public.h,supported
88.3,Function,+,mjs_strcmp,0xf0d83307,"int mjs_strcmp(mjs*, mjs_val_t*, const char*, size_t)",lib/mjs/mjs_string_public.h,supported
88.3,Function,+,mjs_strerror,0x87d816f1,"const char* mjs_strerror(mjs*, mjs_err)",lib/mjs/mjs_core_public.h,supported
88.3,Function,+,mjs_struct_to_obj,0x357854af,"mjs_val_t mjs_struct_to_obj(mjs*, const void*, const mjs_c_struct_member*)",lib/mjs/mjs_object_public.h,supported
88.3,Function,+,mjs_to_boolean_v,0x8b7a0625,"mjs_val_t mjs_to_boolean_v(mjs*, mjs_val_t)",lib/mjs/mjs_util_public.h,supported
88.3,Function,+,mjs_to_string,0xc4480b87,"mjs_err_t mjs_to_string(mjs*, mjs_val_t*, char**, size_t*, int*)",lib/mjs/mjs_util_public.h,supported
88.3,Function,+,mjs_typeof,0xf386c625,const char* mjs_typeof(mjs_val_t),lib/mjs/mjs_util_public.h,supported
88.3,Function,-,mkdtemp,0xcb366157,char* mkdtemp(char*),@sdk/toolchain-or-transitive-runtime,disabled
88.3,Function,-,mkostemp,0x4ba14a55,"int mkostemp(char*, int)",@sdk/toolchain-or-transitive-runtime,disabled
88.3,Function,-,mkostemps,0xbfca9568,"int mkostemps(char*, int, int)",@sdk/toolchain-or-transitive-runtime,disabled
88.3,Function,-,mkstemp,0xcc45d0e6,int mkstemp(char*),@sdk/toolchain-or-transitive-runtime,disabled
88.3,Function,-,mkstemps,0x54ffee19,"int mkstemps(char*, int)",@sdk/toolchain-or-transitive-runtime,disabled
88.3,Function,-,mktemp,0x0df2e753,char* mktemp(char*),@sdk/toolchain-or-transitive-runtime,disabled
88.3,Function,-,modf,0x7c9aba4b,"double modf(double, double*)",@sdk/toolchain-or-transitive-runtime,disabled
88.3,Function,-,modff,0x0ff20411,"float modff(float, float*)",@sdk/toolchain-or-transitive-runtime,disabled
88.3,Function,-,modfl,0x0ff20417,"long double modfl(long double, long double*)",@sdk/toolchain-or-transitive-runtime,disabled
88.3,Function,-,mrand48,0xdb50de23,long mrand48(),@sdk/toolchain-or-transitive-runtime,disabled
88.3,Function,-,music_worker_alloc,0x211454e9,MusicWorker* music_worker_alloc(),lib/music_worker/music_worker.h,disabled
88.3,Function,-,music_worker_clear,0x21386665,void music_worker_clear(MusicWorker*),lib/music_worker/music_worker.h,disabled
88.3,Function,-,music_worker_free,0xe1fbb240,void music_worker_free(MusicWorker*),lib/music_worker/music_worker.h,disabled
88.3,Function,-,music_worker_is_playing,0xb7e6b98d,_Bool music_worker_is_playing(MusicWorker*),lib/music_worker/music_worker.h,disabled
88.3,Function,-,music_worker_load,0xe1feef3e,"_Bool music_worker_load(MusicWorker*, const char*)",lib/music_worker/music_worker.h,disabled
88.3,Function,-,music_worker_load_fmf_from_file,0xdd090fa8,"_Bool music_worker_load_fmf_from_file(MusicWorker*, const char*)",lib/music_worker/music_worker.h,disabled
88.3,Function,-,music_worker_load_rtttl_from_file,0x1c5bf209,"_Bool music_worker_load_rtttl_from_file(MusicWorker*, const char*)",lib/music_worker/music_worker.h,disabled
88.3,Function,-,music_worker_load_rtttl_from_string,0xc23e1fe0,"_Bool music_worker_load_rtttl_from_string(MusicWorker*, const char*)",lib/music_worker/music_worker.h,disabled
88.3,Function,-,music_worker_set_callback,0x17119036,"void music_worker_set_callback(MusicWorker*, MusicWorkerCallback, void*)",lib/music_worker/music_worker.h,disabled
88.3,Function,-,music_worker_set_volume,0xde94a3c1,"void music_worker_set_volume(MusicWorker*, float)",lib/music_worker/music_worker.h,disabled
88.3,Function,-,music_worker_start,0x225e42ac,void music_worker_start(MusicWorker*),lib/music_worker/music_worker.h,disabled
88.3,Function,-,music_worker_stop,0xe202dd04,void music_worker_stop(MusicWorker*),lib/music_worker/music_worker.h,disabled
88.3,Function,+,name_generator_make_auto,0x2b1cfae1,"void name_generator_make_auto(char*, size_t, const char*)",lib/toolbox/name_generator.h,supported
88.3,Function,+,name_generator_make_detailed,0x09514b84,"void name_generator_make_detailed(char*, size_t, const char*)",lib/toolbox/name_generator.h,supported
88.3,Function,+,name_generator_make_random,0x8c819569,"void name_generator_make_random(char*, size_t)",lib/toolbox/name_generator.h,supported
88.3,Function,-,nan,0x0b8893c2,double nan(const char*),@sdk/toolchain-or-transitive-runtime,disabled
88.3,Function,-,nanf,0x7c9b0c68,float nanf(const char*),@sdk/toolchain-or-transitive-runtime,disabled
88.3,Function,-,nanl,0x7c9b0c6e,long double nanl(const char*),@sdk/toolchain-or-transitive-runtime,disabled
88.3,Function,-,nearbyint,0x717cbb31,double nearbyint(double),@sdk/toolchain-or-transitive-runtime,disabled
88.3,Function,-,nearbyintf,0xa11421b7,float nearbyintf(float),@sdk/toolchain-or-transitive-runtime,disabled
88.3,Function,-,nearbyintl,0xa11421bd,long double nearbyintl(long double),@sdk/toolchain-or-transitive-runtime,disabled
88.3,Function,-,nextafter,0x60862bb6,"double nextafter(double, double)",@sdk/toolchain-or-transitive-runtime,disabled
88.3,Function,-,nextafterf,0x714ba2dc,"float nextafterf(float, float)",@sdk/toolchain-or-transitive-runtime,disabled
88.3,Function,-,nextafterl,0x714ba2e2,"long double nextafterl(long double, long double)",@sdk/toolchain-or-transitive-runtime,disabled
88.3,Function,-,nexttoward,0x9e421775,"double nexttoward(double, long double)",@sdk/toolchain-or-transitive-runtime,disabled
88.3,Function,-,nexttowardf,0x6685067b,"float nexttowardf(float, long double)",@sdk/toolchain-or-transitive-runtime,disabled
88.3,Function,-,nexttowardl,0x66850681,"long double nexttowardl(long double, long double)",@sdk/toolchain-or-transitive-runtime,disabled
88.3,Function,+,nfc_alloc,0xcb47d906,Nfc* nfc_alloc(),lib/nfc/nfc.h,supported
88.3,Function,+,nfc_config,0x39248831,"void nfc_config(Nfc*, NfcMode, NfcTech)",lib/nfc/nfc.h,supported
88.3,Function,+,nfc_data_generator_fill_data,0x9ac53cda,"void nfc_data_generator_fill_data(NfcDataGeneratorType, NfcDevice*)",lib/nfc/helpers/nfc_data_generator.h,supported
88.3,Function,+,nfc_data_generator_get_name,0x9882281a,const char* nfc_data_generator_get_name(NfcDataGeneratorType),lib/nfc/helpers/nfc_data_generator.h,supported
88.3,Function,+,nfc_device_alloc,0x6aa146b5,NfcDevice* nfc_device_alloc(),lib/nfc/nfc_device.h,supported
88.3,Function,+,nfc_device_clear,0x6ac55831,void nfc_device_clear(NfcDevice*),lib/nfc/nfc_device.h,supported
88.3,Function,+,nfc_device_copy_data,0xcb8aa2fe,"void nfc_device_copy_data(const NfcDevice*, NfcProtocol, NfcDeviceData*)",lib/nfc/nfc_device.h,supported
88.3,Function,+,nfc_device_free,0x398b9a8c,void nfc_device_free(NfcDevice*),lib/nfc/nfc_device.h,supported
88.3,Function,+,nfc_device_get_data,0x1a040fe3,"const NfcDeviceData* nfc_device_get_data(const NfcDevice*, NfcProtocol)",lib/nfc/nfc_device.h,supported
88.3,Function,+,nfc_device_get_name,0x1a098aca,"const char* nfc_device_get_name(const NfcDevice*, NfcDeviceNameType)",lib/nfc/nfc_device.h,supported
88.3,Function,+,nfc_device_get_protocol,0xc11fe51b,NfcProtocol nfc_device_get_protocol(const NfcDevice*),lib/nfc/nfc_device.h,supported
88.3,Function,+,nfc_device_get_protocol_name,0xbfc7629b,const char* nfc_device_get_protocol_name(NfcProtocol),lib/nfc/nfc_device.h,supported
88.3,Function,+,nfc_device_get_uid,0x561f708b,"const uint8_t* nfc_device_get_uid(const NfcDevice*, size_t*)",lib/nfc/nfc_device.h,supported
88.3,Function,+,nfc_device_is_equal,0xf7aebd9d,"_Bool nfc_device_is_equal(const NfcDevice*, const NfcDevice*)",lib/nfc/nfc_device.h,supported
88.3,Function,+,nfc_device_is_equal_data,0x48966176,"_Bool nfc_device_is_equal_data(const NfcDevice*, NfcProtocol, const NfcDeviceData*)",lib/nfc/nfc_device.h,supported
88.3,Function,+,nfc_device_load,0x398ed78a,"_Bool nfc_device_load(NfcDevice*, const char*)",lib/nfc/nfc_device.h,supported
88.3,Function,+,nfc_device_reset,0x6bd12d2d,void nfc_device_reset(NfcDevice*),lib/nfc/nfc_device.h,supported
88.3,Function,+,nfc_device_save,0x39927559,"_Bool nfc_device_save(NfcDevice*, const char*)",lib/nfc/nfc_device.h,supported
88.3,Function,+,nfc_device_set_data,0x2d1a0a6f,"void nfc_device_set_data(NfcDevice*, NfcProtocol, const NfcDeviceData*)",lib/nfc/nfc_device.h,supported
88.3,Function,+,nfc_device_set_loading_callback,0x64bae9df,"void nfc_device_set_loading_callback(NfcDevice*, NfcLoadingCallback, void*)",lib/nfc/nfc_device.h,supported
88.3,Function,+,nfc_device_set_uid,0xf1da4997,"_Bool nfc_device_set_uid(NfcDevice*, const uint8_t*, size_t)",lib/nfc/nfc_device.h,supported
88.3,Function,+,nfc_felica_listener_set_sensf_res_data,0xdeb43e6f,"NfcError nfc_felica_listener_set_sensf_res_data(Nfc*, const uint8_t*, const uint8_t, const uint8_t*, const uint8_t, const uint16_t)",lib/nfc/nfc.h,supported
88.3,Function,+,nfc_felica_listener_timer_anticol_start,0x2160c43a,"void nfc_felica_listener_timer_anticol_start(Nfc*, uint8_t)",lib/nfc/nfc.h,supported
88.3,Function,+,nfc_felica_listener_timer_anticol_stop,0x46d464d2,void nfc_felica_listener_timer_anticol_stop(Nfc*),lib/nfc/nfc.h,supported
88.3,Function,+,nfc_free,0x9990a6bd,void nfc_free(Nfc*),lib/nfc/nfc.h,supported
88.3,Function,+,nfc_iso14443a_listener_set_col_res_data,0x502d75b6,"NfcError nfc_iso14443a_listener_set_col_res_data(Nfc*, uint8_t*, uint8_t, uint8_t*, uint8_t)",lib/nfc/nfc.h,supported
88.3,Function,+,nfc_iso14443a_listener_tx_custom_parity,0x58981d49,"NfcError nfc_iso14443a_listener_tx_custom_parity(Nfc*, const BitBuffer*)",lib/nfc/nfc.h,supported
88.3,Function,+,nfc_iso14443a_poller_trx_custom_parity,0x80b60b83,"NfcError nfc_iso14443a_poller_trx_custom_parity(Nfc*, const BitBuffer*, BitBuffer*, uint32_t)",lib/nfc/nfc.h,supported
88.3,Function,+,nfc_iso14443a_poller_trx_sdd_frame,0xd895c6d5,"NfcError nfc_iso14443a_poller_trx_sdd_frame(Nfc*, const BitBuffer*, BitBuffer*, uint32_t)",lib/nfc/nfc.h,supported
88.3,Function,+,nfc_iso14443a_poller_trx_short_frame,0xf94340ca,"NfcError nfc_iso14443a_poller_trx_short_frame(Nfc*, NfcIso14443aShortFrame, BitBuffer*, uint32_t)",lib/nfc/nfc.h,supported
88.3,Function,+,nfc_iso15693_listener_tx_sof,0x0bf8c345,NfcError nfc_iso15693_listener_tx_sof(Nfc*),lib/nfc/nfc.h,supported
88.3,Function,+,nfc_listener_alloc,0x7f30002b,"NfcListener* nfc_listener_alloc(Nfc*, NfcProtocol, const NfcDeviceData*)",lib/nfc/nfc_listener.h,supported
88.3,Function,+,nfc_listener_free,0xc5cdfd42,void nfc_listener_free(NfcListener*),lib/nfc/nfc_listener.h,supported
88.3,Function,+,nfc_listener_get_data,0xf184dd99,"const NfcDeviceData* nfc_listener_get_data(const NfcListener*, NfcProtocol)",lib/nfc/nfc_listener.h,supported
88.3,Function,+,nfc_listener_get_protocol,0xe31c9dd1,NfcProtocol nfc_listener_get_protocol(const NfcListener*),lib/nfc/nfc_listener.h,supported
88.3,Function,+,nfc_listener_start,0x8079edee,"void nfc_listener_start(NfcListener*, NfcGenericCallback, void*)",lib/nfc/nfc_listener.h,supported
88.3,Function,+,nfc_listener_stop,0xc5d52806,void nfc_listener_stop(NfcListener*),lib/nfc/nfc_listener.h,supported
88.3,Function,+,nfc_listener_tx,0xed601bac,"NfcError nfc_listener_tx(Nfc*, const BitBuffer*)",lib/nfc/nfc.h,supported
88.3,Function,+,nfc_poller_alloc,0xe1ed2313,"NfcPoller* nfc_poller_alloc(Nfc*, NfcProtocol)",lib/nfc/nfc_poller.h,supported
88.3,Function,+,nfc_poller_detect,0x26168cc1,_Bool nfc_poller_detect(NfcPoller*),lib/nfc/nfc_poller.h,supported
88.3,Function,+,nfc_poller_free,0x927e632a,void nfc_poller_free(NfcPoller*),lib/nfc/nfc_poller.h,supported
88.3,Function,+,nfc_poller_get_data,0xca45f781,const NfcDeviceData* nfc_poller_get_data(const NfcPoller*),lib/nfc/nfc_poller.h,supported
88.3,Function,+,nfc_poller_get_protocol,0x09286bb9,NfcProtocol nfc_poller_get_protocol(const NfcPoller*),lib/nfc/nfc_poller.h,supported
88.3,Function,+,nfc_poller_start,0xe33710d6,"void nfc_poller_start(NfcPoller*, NfcGenericCallback, void*)",lib/nfc/nfc_poller.h,supported
88.3,Function,+,nfc_poller_start_ex,0x35140ab2,"void nfc_poller_start_ex(NfcPoller*, NfcGenericCallbackEx, void*)",lib/nfc/nfc_poller.h,supported
88.3,Function,+,nfc_poller_stop,0x92858dee,void nfc_poller_stop(NfcPoller*),lib/nfc/nfc_poller.h,supported
88.3,Function,+,nfc_poller_trx,0xed2ad9c6,"NfcError nfc_poller_trx(Nfc*, const BitBuffer*, BitBuffer*, uint32_t)",lib/nfc/nfc.h,supported
88.3,Function,+,nfc_protocol_get_parent,0x2202d8d5,NfcProtocol nfc_protocol_get_parent(NfcProtocol),@sdk/toolchain-or-transitive-runtime,supported
88.3,Function,+,nfc_protocol_has_parent,0x67d9d111,"_Bool nfc_protocol_has_parent(NfcProtocol, NfcProtocol)",@sdk/toolchain-or-transitive-runtime,supported
88.3,Function,+,nfc_scanner_alloc,0xd988dc2f,NfcScanner* nfc_scanner_alloc(Nfc*),lib/nfc/nfc_scanner.h,supported
88.3,Function,+,nfc_scanner_free,0x82b968c6,void nfc_scanner_free(NfcScanner*),lib/nfc/nfc_scanner.h,supported
88.3,Function,+,nfc_scanner_start,0xdad2c9f2,"void nfc_scanner_start(NfcScanner*, NfcScannerCallback, void*)",lib/nfc/nfc_scanner.h,supported
88.3,Function,+,nfc_scanner_stop,0x82c0938a,void nfc_scanner_stop(NfcScanner*),lib/nfc/nfc_scanner.h,supported
88.3,Function,+,nfc_set_fdt_listen_fc,0x6e22229a,"void nfc_set_fdt_listen_fc(Nfc*, uint32_t)",lib/nfc/nfc.h,supported
88.3,Function,+,nfc_set_fdt_poll_fc,0x1f2c5a82,"void nfc_set_fdt_poll_fc(Nfc*, uint32_t)",lib/nfc/nfc.h,supported
88.3,Function,+,nfc_set_fdt_poll_poll_us,0xbfd6b5d7,"void nfc_set_fdt_poll_poll_us(Nfc*, uint32_t)",lib/nfc/nfc.h,supported
88.3,Function,+,nfc_set_guard_time_us,0xb9f92cce,"void nfc_set_guard_time_us(Nfc*, uint32_t)",lib/nfc/nfc.h,supported
88.3,Function,+,nfc_set_mask_receive_time_fc,0x5f40ffaa,"void nfc_set_mask_receive_time_fc(Nfc*, uint32_t)",lib/nfc/nfc.h,supported
88.3,Function,+,nfc_start,0xcc91c6c9,"void nfc_start(Nfc*, NfcEventCallback, void*)",lib/nfc/nfc.h,supported
88.3,Function,+,nfc_stop,0x9997d181,void nfc_stop(Nfc*),lib/nfc/nfc.h,supported
88.3,Function,+,nfc_util_even_parity32,0xbe447663,uint8_t nfc_util_even_parity32(uint32_t),lib/nfc/helpers/nfc_util.h,supported
88.3,Function,+,nfc_util_even_parity8,0x0d85f416,uint8_t nfc_util_even_parity8(uint8_t),lib/nfc/helpers/nfc_util.h,supported
88.3,Function,+,nfc_util_odd_parity,0xb325d4c7,"void nfc_util_odd_parity(const uint8_t*, uint8_t*, uint8_t)",lib/nfc/helpers/nfc_util.h,supported
88.3,Function,+,nfc_util_odd_parity8,0x17e06ddf,uint8_t nfc_util_odd_parity8(uint8_t),lib/nfc/helpers/nfc_util.h,supported
88.3,Function,+,notification_internal_message,0x207c260c,"void notification_internal_message(NotificationApp*, const NotificationSequence*)",applications/services/notification/notification.h,supported
88.3,Function,+,notification_internal_message_block,0x33001276,"void notification_internal_message_block(NotificationApp*, const NotificationSequence*)",applications/services/notification/notification.h,supported
88.3,Function,+,notification_message,0x135baa10,"void notification_message(NotificationApp*, const NotificationSequence*)",applications/services/notification/notification.h,supported
88.3,Function,+,notification_message_block,0xcc5b897a,"void notification_message_block(NotificationApp*, const NotificationSequence*)",applications/services/notification/notification.h,supported
88.3,Function,+,notification_messages_notes_frequency_from_name,0x2aff9dcf,float notification_messages_notes_frequency_from_name(const char*),@sdk/toolchain-or-transitive-runtime,supported
88.3,Function,-,nrand48,0x284b1ae4,long nrand48(unsigned short[3]),@sdk/toolchain-or-transitive-runtime,disabled
88.3,Function,+,number_input_alloc,0x86de72c7,NumberInput* number_input_alloc(),applications/services/gui/modules/number_input.h,supported
88.3,Function,+,number_input_free,0x49ea8c5e,void number_input_free(NumberInput*),applications/services/gui/modules/number_input.h,supported
88.3,Function,+,number_input_get_view,0x415599b6,View* number_input_get_view(NumberInput*),applications/services/gui/modules/number_input.h,supported
88.3,Function,+,number_input_set_header_text,0x7fa3b874,"void number_input_set_header_text(NumberInput*, const char*)",applications/services/gui/modules/number_input.h,supported
88.3,Function,+,number_input_set_result_callback,0x8593b6f2,"void number_input_set_result_callback(NumberInput*, NumberInputCallback, void*, int32_t, int32_t, int32_t)",applications/services/gui/modules/number_input.h,supported
88.3,Function,-,on_exit,0x6bc7f0db,"int on_exit(void (*)(int, void*), void*)",@sdk/toolchain-or-transitive-runtime,disabled
88.3,Function,+,onewire_host_alloc,0xec08b965,OneWireHost* onewire_host_alloc(const GpioPin*),lib/one_wire/one_wire_host.h,supported
88.3,Function,+,onewire_host_free,0x3d77773c,void onewire_host_free(OneWireHost*),lib/one_wire/one_wire_host.h,supported
88.3,Function,+,onewire_host_read,0x3d7dd3f6,uint8_t onewire_host_read(OneWireHost*),lib/one_wire/one_wire_host.h,supported
88.3,Function,+,onewire_host_read_bit,0xafc8a5d4,_Bool onewire_host_read_bit(OneWireHost*),lib/one_wire/one_wire_host.h,supported
88.3,Function,+,onewire_host_read_bytes,0xc4923e5c,"void onewire_host_read_bytes(OneWireHost*, uint8_t*, uint16_t)",lib/one_wire/one_wire_host.h,supported
88.3,Function,+,onewire_host_reset,0xed389fdd,_Bool onewire_host_reset(OneWireHost*),lib/one_wire/one_wire_host.h,supported
88.3,Function,+,onewire_host_reset_search,0x5abd1ef2,void onewire_host_reset_search(OneWireHost*),lib/one_wire/one_wire_host.h,supported
88.3,Function,+,onewire_host_search,0x96981ad0,"_Bool onewire_host_search(OneWireHost*, uint8_t*, OneWireHostSearchMode)",lib/one_wire/one_wire_host.h,supported
88.3,Function,+,onewire_host_set_overdrive,0x4b33633b,"void onewire_host_set_overdrive(OneWireHost*, _Bool)",lib/one_wire/one_wire_host.h,supported
88.3,Function,+,onewire_host_set_timings_default,0x1b52bfa4,void onewire_host_set_timings_default(OneWireHost*),lib/one_wire/one_wire_host.h,supported
88.3,Function,+,onewire_host_set_timings_tm01x,0xfad28f79,void onewire_host_set_timings_tm01x(OneWireHost*),lib/one_wire/one_wire_host.h,supported
88.3,Function,+,onewire_host_start,0xed52a728,void onewire_host_start(OneWireHost*),lib/one_wire/one_wire_host.h,supported
88.3,Function,+,onewire_host_stop,0x3d7ea200,void onewire_host_stop(OneWireHost*),lib/one_wire/one_wire_host.h,supported
88.3,Function,+,onewire_host_target_search,0xbb80a7f6,"void onewire_host_target_search(OneWireHost*, uint8_t)",lib/one_wire/one_wire_host.h,supported
88.3,Function,+,onewire_host_write,0xed9a12a5,"void onewire_host_write(OneWireHost*, uint8_t)",lib/one_wire/one_wire_host.h,supported
88.3,Function,+,onewire_host_write_bit,0x7c32a403,"void onewire_host_write_bit(OneWireHost*, _Bool)",lib/one_wire/one_wire_host.h,supported
88.3,Function,+,onewire_host_write_bytes,0x5374844b,"void onewire_host_write_bytes(OneWireHost*, const uint8_t*, uint16_t)",lib/one_wire/one_wire_host.h,supported
88.3,Function,+,onewire_slave_alloc,0x8c2bb702,OneWireSlave* onewire_slave_alloc(const GpioPin*),lib/one_wire/one_wire_slave.h,supported
88.3,Function,+,onewire_slave_free,0xc632b539,void onewire_slave_free(OneWireSlave*),lib/one_wire/one_wire_slave.h,supported
88.3,Function,+,onewire_slave_receive,0x51973cba,"_Bool onewire_slave_receive(OneWireSlave*, uint8_t*, size_t)",lib/one_wire/one_wire_slave.h,supported
88.3,Function,+,onewire_slave_receive_bit,0x9030d098,_Bool onewire_slave_receive_bit(OneWireSlave*),lib/one_wire/one_wire_slave.h,supported
88.3,Function,+,onewire_slave_send,0xc639a001,"_Bool onewire_slave_send(OneWireSlave*, const uint8_t*, size_t)",lib/one_wire/one_wire_slave.h,supported
88.3,Function,+,onewire_slave_send_bit,0x8a517f5f,"_Bool onewire_slave_send_bit(OneWireSlave*, _Bool)",lib/one_wire/one_wire_slave.h,supported
88.3,Function,+,onewire_slave_set_command_callback,0x4d54d44d,"void onewire_slave_set_command_callback(OneWireSlave*, OneWireSlaveCommandCallback, void*)",lib/one_wire/one_wire_slave.h,supported
88.3,Function,+,onewire_slave_set_overdrive,0x5954add8,"void onewire_slave_set_overdrive(OneWireSlave*, _Bool)",lib/one_wire/one_wire_slave.h,supported
88.3,Function,+,onewire_slave_set_reset_callback,0xffb696d1,"void onewire_slave_set_reset_callback(OneWireSlave*, OneWireSlaveResetCallback, void*)",lib/one_wire/one_wire_slave.h,supported
88.3,Function,+,onewire_slave_set_result_callback,0xe83e466d,"void onewire_slave_set_result_callback(OneWireSlave*, OneWireSlaveResultCallback, void*)",lib/one_wire/one_wire_slave.h,supported
88.3,Function,+,onewire_slave_start,0x8d75a4c5,void onewire_slave_start(OneWireSlave*),lib/one_wire/one_wire_slave.h,supported
88.3,Function,+,onewire_slave_stop,0xc639dffd,void onewire_slave_stop(OneWireSlave*),lib/one_wire/one_wire_slave.h,supported
88.3,Function,-,open_memstream,0x3ece4461,"FILE* open_memstream(char**, size_t*)",@sdk/toolchain-or-transitive-runtime,disabled
88.3,Function,+,path_append,0x0a669169,"void path_append(FuriString*, const char*)",lib/toolbox/path.h,supported
88.3,Function,+,path_concat,0x0efda749,"void path_concat(const char*, const char*, FuriString*)",lib/toolbox/path.h,supported
88.3,Function,+,path_contains_only_ascii,0x272aec39,_Bool path_contains_only_ascii(const char*),lib/toolbox/path.h,supported
88.3,Function,+,path_extract_basename,0xf4613aa7,"void path_extract_basename(const char*, FuriString*)",lib/toolbox/path.h,supported
88.3,Function,+,path_extract_dirname,0x9cb259ab,"void path_extract_dirname(const char*, FuriString*)",lib/toolbox/path.h,supported
88.3,Function,+,path_extract_extension,0x64ec0f08,"void path_extract_extension(FuriString*, char*, size_t)",lib/toolbox/path.h,supported
88.3,Function,+,path_extract_filename,0xfce657cc,"void path_extract_filename(FuriString*, FuriString*, _Bool)",lib/toolbox/path.h,supported
88.3,Function,+,path_extract_filename_no_ext,0xfb769098,"void path_extract_filename_no_ext(const char*, FuriString*)",lib/toolbox/path.h,supported
88.3,Function,+,pb_close_string_substream,0xf32cfc17,"_Bool pb_close_string_substream(pb_istream_t*, pb_istream_t*)",lib/nanopb/pb_decode.h,supported
88.3,Function,+,pb_decode,0xdb3dbd9a,"_Bool pb_decode(pb_istream_t*, const pb_msgdesc_t*, void*)",lib/nanopb/pb.h;lib/nanopb/pb_decode.h,supported
88.3,Function,+,pb_decode_bool,0xb68509c5,"_Bool pb_decode_bool(pb_istream_t*, _Bool*)",lib/nanopb/pb_decode.h,supported
88.3,Function,+,pb_decode_ex,0xd616b0f6,"_Bool pb_decode_ex(pb_istream_t*, const pb_msgdesc_t*, void*, unsigned int)",lib/nanopb/pb_decode.h,supported
88.3,Function,+,pb_decode_fixed32,0x104b24ee,"_Bool pb_decode_fixed32(pb_istream_t*, void*)",lib/nanopb/pb_decode.h,supported
88.3,Function,+,pb_decode_fixed64,0x104b2553,"_Bool pb_decode_fixed64(pb_istream_t*, void*)",lib/nanopb/pb_decode.h,supported
88.3,Function,+,pb_decode_svarint,0x15ba5560,"_Bool pb_decode_svarint(pb_istream_t*, int64_t*)",lib/nanopb/pb_decode.h,supported
88.3,Function,+,pb_decode_tag,0x98ed0cf5,"_Bool pb_decode_tag(pb_istream_t*, pb_wire_type_t*, uint32_t*, _Bool*)",lib/nanopb/pb_decode.h,supported
88.3,Function,+,pb_decode_varint,0x999a0b8d,"_Bool pb_decode_varint(pb_istream_t*, uint64_t*)",lib/nanopb/pb_decode.h,supported
88.3,Function,+,pb_decode_varint32,0x684b2992,"_Bool pb_decode_varint32(pb_istream_t*, uint32_t*)",lib/nanopb/pb_decode.h,supported
88.3,Function,+,pb_default_field_callback,0xaac0006a,"_Bool pb_default_field_callback(pb_istream_t*, pb_ostream_t*, const pb_field_t*)",lib/nanopb/pb.h,supported
88.3,Function,+,pb_encode,0xde35c2c4,"_Bool pb_encode(pb_ostream_t*, const pb_msgdesc_t*, const void*)",lib/nanopb/pb.h;lib/nanopb/pb_encode.h,supported
88.3,Function,+,pb_encode_ex,0x98e39de0,"_Bool pb_encode_ex(pb_ostream_t*, const pb_msgdesc_t*, const void*, unsigned int)",lib/nanopb/pb_encode.h,supported
88.3,Function,+,pb_encode_fixed32,0x15e2b418,"_Bool pb_encode_fixed32(pb_ostream_t*, const void*)",lib/nanopb/pb_encode.h,supported
88.3,Function,+,pb_encode_fixed64,0x15e2b47d,"_Bool pb_encode_fixed64(pb_ostream_t*, const void*)",lib/nanopb/pb_encode.h,supported
88.3,Function,+,pb_encode_string,0x9bdfb51a,"_Bool pb_encode_string(pb_ostream_t*, const pb_byte_t*, size_t)",lib/nanopb/pb_encode.h,supported
88.3,Function,+,pb_encode_submessage,0x10ec3a52,"_Bool pb_encode_submessage(pb_ostream_t*, const pb_msgdesc_t*, const void*)",lib/nanopb/pb_encode.h,supported
88.3,Function,+,pb_encode_svarint,0x1b51e48a,"_Bool pb_encode_svarint(pb_ostream_t*, int64_t)",lib/nanopb/pb_encode.h,supported
88.3,Function,+,pb_encode_tag,0xb557971f,"_Bool pb_encode_tag(pb_ostream_t*, pb_wire_type_t, uint32_t)",lib/nanopb/pb_encode.h,supported
88.3,Function,+,pb_encode_tag_for_field,0xe9c0ade8,"_Bool pb_encode_tag_for_field(pb_ostream_t*, const pb_field_iter_t*)",lib/nanopb/pb_encode.h,supported
88.3,Function,+,pb_encode_varint,0xa1875d77,"_Bool pb_encode_varint(pb_ostream_t*, uint64_t)",lib/nanopb/pb_encode.h,supported
88.3,Function,+,pb_get_encoded_size,0x20f38461,"_Bool pb_get_encoded_size(size_t*, const pb_msgdesc_t*, const void*)",lib/nanopb/pb_encode.h,supported
88.3,Function,+,pb_istream_from_buffer,0x17c088d7,"pb_istream_t pb_istream_from_buffer(const pb_byte_t*, size_t)",lib/nanopb/pb_decode.h,supported
88.3,Function,+,pb_make_string_substream,0xbe3b9c3f,"_Bool pb_make_string_substream(pb_istream_t*, pb_istream_t*)",lib/nanopb/pb_decode.h,supported
88.3,Function,+,pb_ostream_from_buffer,0x3cdeee5d,"pb_ostream_t pb_ostream_from_buffer(pb_byte_t*, size_t)",lib/nanopb/pb_encode.h,supported
88.3,Function,+,pb_read,0x9ccb1512,"_Bool pb_read(pb_istream_t*, pb_byte_t*, size_t)",lib/nanopb/pb_decode.h,supported
88.3,Function,+,pb_release,0x79421997,"void pb_release(const pb_msgdesc_t*, void*)",lib/nanopb/pb_decode.h,supported
88.3,Function,+,pb_skip_field,0x5b68f8b0,"_Bool pb_skip_field(pb_istream_t*, pb_wire_type_t)",lib/nanopb/pb_decode.h,supported
88.3,Function,+,pb_write,0x368f7741,"_Bool pb_write(pb_ostream_t*, const pb_byte_t*, size_t)",lib/nanopb/pb_encode.h,supported
88.3,Function,-,pclose,0x145d656b,int pclose(FILE*),@sdk/toolchain-or-transitive-runtime,disabled
88.3,Function,-,perror,0x1484ecff,void perror(const char*),@sdk/toolchain-or-transitive-runtime,disabled
88.3,Function,+,pipe_alloc,0x6191415d,"PipeSideBundle pipe_alloc(size_t, size_t)",lib/toolbox/pipe.h,supported
88.3,Function,+,pipe_alloc_ex,0x67ca41d9,"PipeSideBundle pipe_alloc_ex(PipeSideReceiveSettings, PipeSideReceiveSettings)",lib/toolbox/pipe.h,supported
88.3,Function,+,pipe_attach_to_event_loop,0x3b5fe363,"void pipe_attach_to_event_loop(PipeSide*, FuriEventLoop*)",lib/toolbox/pipe.h,supported
88.3,Function,+,pipe_bytes_available,0x855360b9,size_t pipe_bytes_available(PipeSide*),lib/toolbox/pipe.h,supported
88.3,Function,+,pipe_detach_from_event_loop,0xd1702188,void pipe_detach_from_event_loop(PipeSide*),lib/toolbox/pipe.h,supported
88.3,Function,+,pipe_free,0x6f92e034,void pipe_free(PipeSide*),lib/toolbox/pipe.h,supported
88.3,Function,+,pipe_install_as_stdio,0xdb149d9e,void pipe_install_as_stdio(PipeSide*),lib/toolbox/pipe.h,supported
88.3,Function,+,pipe_receive,0x1688c9d5,"size_t pipe_receive(PipeSide*, void*, size_t)",lib/toolbox/pipe.h,supported
88.3,Function,+,pipe_role,0x6f9968e4,PipeRole pipe_role(PipeSide*),lib/toolbox/pipe.h,supported
88.3,Function,+,pipe_send,0x6f99cafc,"size_t pipe_send(PipeSide*, const void*, size_t)",lib/toolbox/pipe.h,supported
88.3,Function,+,pipe_set_broken_callback,0x3ef73dca,"void pipe_set_broken_callback(PipeSide*, PipeSideBrokenCallback, FuriEventLoopEvent)",lib/toolbox/pipe.h,supported
88.3,Function,+,pipe_set_callback_context,0xc605f90e,"void pipe_set_callback_context(PipeSide*, void*)",lib/toolbox/pipe.h,supported
88.3,Function,+,pipe_set_data_arrived_callback,0x5c5b842f,"void pipe_set_data_arrived_callback(PipeSide*, PipeSideDataArrivedCallback, FuriEventLoopEvent)",lib/toolbox/pipe.h,supported
88.3,Function,+,pipe_set_space_freed_callback,0x817434ba,"void pipe_set_space_freed_callback(PipeSide*, PipeSideSpaceFreedCallback, FuriEventLoopEvent)",lib/toolbox/pipe.h,supported
88.3,Function,+,pipe_set_state_check_period,0x190c1b3d,"void pipe_set_state_check_period(PipeSide*, FuriWait)",lib/toolbox/pipe.h,supported
88.3,Function,+,pipe_spaces_available,0x5841daf1,size_t pipe_spaces_available(PipeSide*),lib/toolbox/pipe.h,supported
88.3,Function,+,pipe_state,0x62db2f53,PipeState pipe_state(PipeSide*),lib/toolbox/pipe.h,supported
88.3,Function,+,plugin_manager_alloc,0x0ddfc2b8,"PluginManager* plugin_manager_alloc(const char*, uint32_t, const ElfApiInterface*)",lib/flipper_application/plugins/plugin_manager.h,supported
88.3,Function,+,plugin_manager_free,0xab19222f,void plugin_manager_free(PluginManager*),lib/flipper_application/plugins/plugin_manager.h,supported
88.3,Function,+,plugin_manager_get,0x2437132d,"const FlipperAppPluginDescriptor* plugin_manager_get(PluginManager*, uint32_t)",lib/flipper_application/plugins/plugin_manager.h,supported
88.3,Function,+,plugin_manager_get_count,0x30ce6cf5,uint32_t plugin_manager_get_count(PluginManager*),lib/flipper_application/plugins/plugin_manager.h,supported
88.3,Function,+,plugin_manager_get_ep,0xd75c81a1,"const void* plugin_manager_get_ep(PluginManager*, uint32_t)",lib/flipper_application/plugins/plugin_manager.h,supported
88.3,Function,+,plugin_manager_load_all,0x9397f0a5,"PluginManagerError plugin_manager_load_all(PluginManager*, const char*)",lib/flipper_application/plugins/plugin_manager.h,supported
88.3,Function,+,plugin_manager_load_single,0x2df5d98e,"PluginManagerError plugin_manager_load_single(PluginManager*, const char*)",lib/flipper_application/plugins/plugin_manager.h,supported
88.3,Function,-,popen,0x10288087,"FILE* popen(const char*, const char*)",@sdk/toolchain-or-transitive-runtime,disabled
88.3,Function,+,popup_alloc,0x8742c103,Popup* popup_alloc(),applications/services/gui/modules/popup.h,supported
88.3,Function,+,popup_disable_timeout,0xdbbbe852,void popup_disable_timeout(Popup*),applications/services/gui/modules/popup.h,supported
88.3,Function,+,popup_enable_timeout,0x24c4efe5,void popup_enable_timeout(Popup*),applications/services/gui/modules/popup.h,supported
88.3,Function,+,popup_free,0x13a0031a,void popup_free(Popup*),applications/services/gui/modules/popup.h,supported
88.3,Function,+,popup_get_view,0x42200e72,View* popup_get_view(Popup*),applications/services/gui/modules/popup.h,supported
88.3,Function,+,popup_reset,0x8872a77b,void popup_reset(Popup*),applications/services/gui/modules/popup.h,supported
88.3,Function,+,popup_set_callback,0xc1fe1b10,"void popup_set_callback(Popup*, PopupCallback)",applications/services/gui/modules/popup.h,supported
88.3,Function,+,popup_set_context,0x2e73b6a8,"void popup_set_context(Popup*, void*)",applications/services/gui/modules/popup.h,supported
88.3,Function,+,popup_set_header,0x59e930cc,"void popup_set_header(Popup*, const char*, uint8_t, uint8_t, Align, Align)",applications/services/gui/modules/popup.h,supported
88.3,Function,+,popup_set_icon,0x552ecfcc,"void popup_set_icon(Popup*, uint8_t, uint8_t, const Icon*)",applications/services/gui/modules/popup.h,supported
88.3,Function,+,popup_set_text,0x5534e1a8,"void popup_set_text(Popup*, const char*, uint8_t, uint8_t, Align, Align)",applications/services/gui/modules/popup.h,supported
88.3,Function,+,popup_set_timeout,0x3cf8a3aa,"void popup_set_timeout(Popup*, uint32_t)",applications/services/gui/modules/popup.h,supported
88.3,Function,-,posix_memalign,0x2e4bc6e1,"int posix_memalign(void**, size_t, size_t)",@sdk/toolchain-or-transitive-runtime,disabled
88.3,Function,-,pow,0x0b889e1b,"double pow(double, double)",@sdk/toolchain-or-transitive-runtime,disabled
88.3,Function,-,pow10,0x1028975c,double pow10(double),@sdk/toolchain-or-transitive-runtime,disabled
88.3,Function,-,pow10f,0x153b8342,float pow10f(float),@sdk/toolchain-or-transitive-runtime,disabled
88.3,Function,+,power_enable_low_battery_level_notification,0xe524bd20,"void power_enable_low_battery_level_notification(Power*, _Bool)",applications/services/power/power_service/power.h,supported
88.3,Function,+,power_enable_otg,0xabcc9421,"void power_enable_otg(Power*, _Bool)",applications/services/power/power_service/power.h,supported
88.3,Function,+,power_get_info,0x4b0a5ebc,"void power_get_info(Power*, PowerInfo*)",applications/services/power/power_service/power.h,supported
88.3,Function,+,power_get_pubsub,0x47edb4a1,FuriPubSub* power_get_pubsub(Power*),applications/services/power/power_service/power.h,supported
88.3,Function,+,power_is_battery_healthy,0x21f47755,_Bool power_is_battery_healthy(Power*),applications/services/power/power_service/power.h,supported
88.3,Function,+,power_is_otg_enabled,0x014966e0,_Bool power_is_otg_enabled(Power*),applications/services/power/power_service/power.h,supported
88.3,Function,+,power_off,0x1549750c,void power_off(Power*),applications/services/power/power_service/power.h,supported
88.3,Function,+,power_reboot,0x43c5005c,"void power_reboot(Power*, PowerBootMode)",applications/services/power/power_service/power.h,supported
88.3,Function,+,powf,0x7c9c61e1,"float powf(float, float)",@sdk/toolchain-or-transitive-runtime,supported
88.3,Function,-,powl,0x7c9c61e7,"long double powl(long double, long double)",@sdk/toolchain-or-transitive-runtime,disabled
88.3,Function,+,pretty_format_bytes_hex_canonical,0x00acf266,"void pretty_format_bytes_hex_canonical(FuriString*, size_t, const char*, const uint8_t*, size_t)",lib/toolbox/pretty_format.h,supported
88.3,Function,-,printf,0x156b2bb8,"int printf(const char*, ...)",lib/mlib/m-core.h;lib/nanopb/pb_encode.h;lib/toolbox/cli/cli_command.h,disabled
88.3,Function,+,property_value_out,0xdf79c45d,"void property_value_out(PropertyValueContext*, const char*, unsigned int, ...)",@sdk/toolchain-or-transitive-runtime,supported
88.3,Function,+,protocol_dict_alloc,0x9054efc4,"ProtocolDict* protocol_dict_alloc(const ProtocolBase* const*, size_t)",lib/toolbox/protocols/protocol_dict.h,supported
88.3,Function,+,protocol_dict_decoders_feed,0xed6420f5,"ProtocolId protocol_dict_decoders_feed(ProtocolDict*, _Bool, uint32_t)",lib/toolbox/protocols/protocol_dict.h,supported
88.3,Function,+,protocol_dict_decoders_feed_by_feature,0xee94da9a,"ProtocolId protocol_dict_decoders_feed_by_feature(ProtocolDict*, uint32_t, _Bool, uint32_t)",lib/toolbox/protocols/protocol_dict.h,supported
88.3,Function,+,protocol_dict_decoders_feed_by_id,0x4043b5bb,"ProtocolId protocol_dict_decoders_feed_by_id(ProtocolDict*, size_t, _Bool, uint32_t)",lib/toolbox/protocols/protocol_dict.h,supported
88.3,Function,+,protocol_dict_decoders_start,0x9adba90f,void protocol_dict_decoders_start(ProtocolDict*),lib/toolbox/protocols/protocol_dict.h,supported
88.3,Function,+,protocol_dict_encoder_start,0xc81bce66,"_Bool protocol_dict_encoder_start(ProtocolDict*, size_t)",lib/toolbox/protocols/protocol_dict.h,supported
88.3,Function,+,protocol_dict_encoder_yield,0xc882696f,"LevelDuration protocol_dict_encoder_yield(ProtocolDict*, size_t)",lib/toolbox/protocols/protocol_dict.h,supported
88.3,Function,+,protocol_dict_free,0xd5d6ddbb,void protocol_dict_free(ProtocolDict*),lib/toolbox/protocols/protocol_dict.h,supported
88.3,Function,+,protocol_dict_get_data,0xa38b5292,"void protocol_dict_get_data(ProtocolDict*, size_t, uint8_t*, size_t)",lib/toolbox/protocols/protocol_dict.h,supported
88.3,Function,+,protocol_dict_get_data_size,0x34f7b40c,"size_t protocol_dict_get_data_size(ProtocolDict*, size_t)",lib/toolbox/protocols/protocol_dict.h,supported
88.3,Function,+,protocol_dict_get_features,0x28ead0b7,"uint32_t protocol_dict_get_features(ProtocolDict*, size_t)",lib/toolbox/protocols/protocol_dict.h,supported
88.3,Function,+,protocol_dict_get_manufacturer,0x402d3c85,"const char* protocol_dict_get_manufacturer(ProtocolDict*, size_t)",lib/toolbox/protocols/protocol_dict.h,supported
88.3,Function,+,protocol_dict_get_max_data_size,0x28510f71,size_t protocol_dict_get_max_data_size(ProtocolDict*),lib/toolbox/protocols/protocol_dict.h,supported
88.3,Function,+,protocol_dict_get_name,0xa390cd79,"const char* protocol_dict_get_name(ProtocolDict*, size_t)",lib/toolbox/protocols/protocol_dict.h,supported
88.3,Function,+,protocol_dict_get_protocol_by_name,0x1e351b64,"ProtocolId protocol_dict_get_protocol_by_name(ProtocolDict*, const char*)",lib/toolbox/protocols/protocol_dict.h,supported
88.3,Function,+,protocol_dict_get_validate_count,0x64b659ca,"uint32_t protocol_dict_get_validate_count(ProtocolDict*, size_t)",lib/toolbox/protocols/protocol_dict.h,supported
88.3,Function,+,protocol_dict_get_write_data,0x794abc7c,"_Bool protocol_dict_get_write_data(ProtocolDict*, size_t, void*)",lib/toolbox/protocols/protocol_dict.h,supported
88.3,Function,+,protocol_dict_render_brief_data,0xe159eef9,"void protocol_dict_render_brief_data(ProtocolDict*, FuriString*, size_t)",lib/toolbox/protocols/protocol_dict.h,supported
88.3,Function,+,protocol_dict_render_data,0x3975ab72,"void protocol_dict_render_data(ProtocolDict*, FuriString*, size_t)",lib/toolbox/protocols/protocol_dict.h,supported
88.3,Function,+,protocol_dict_render_uid,0xdaf4563a,"void protocol_dict_render_uid(ProtocolDict*, FuriString*, size_t)",lib/toolbox/protocols/protocol_dict.h,supported
88.3,Function,+,protocol_dict_set_data,0xb6a14d1e,"void protocol_dict_set_data(ProtocolDict*, size_t, const uint8_t*, size_t)",lib/toolbox/protocols/protocol_dict.h,supported
88.3,Function,+,pulse_glue_alloc,0x2b28ad44,PulseGlue* pulse_glue_alloc(),lib/toolbox/pulse_protocols/pulse_glue.h,supported
88.3,Function,+,pulse_glue_free,0x5e68eb3b,void pulse_glue_free(PulseGlue*),lib/toolbox/pulse_protocols/pulse_glue.h,supported
88.3,Function,+,pulse_glue_pop,0x40ec1248,"void pulse_glue_pop(PulseGlue*, uint32_t*, uint32_t*)",lib/toolbox/pulse_protocols/pulse_glue.h,supported
88.3,Function,+,pulse_glue_push,0x5e6e7599,"_Bool pulse_glue_push(PulseGlue*, _Bool, uint32_t)",lib/toolbox/pulse_protocols/pulse_glue.h,supported
88.3,Function,+,pulse_glue_reset,0x2c5893bc,void pulse_glue_reset(PulseGlue*),lib/toolbox/pulse_protocols/pulse_glue.h,supported
88.3,Function,-,pulse_reader_alloc,0xceb2cd4a,"PulseReader* pulse_reader_alloc(const GpioPin*, uint32_t)",lib/pulse_reader/pulse_reader.h,disabled
88.3,Function,-,pulse_reader_free,0x1d8c2281,void pulse_reader_free(PulseReader*),lib/pulse_reader/pulse_reader.h,disabled
88.3,Function,-,pulse_reader_receive,0x523d0502,"uint32_t pulse_reader_receive(PulseReader*, int)",lib/pulse_reader/pulse_reader.h,disabled
88.3,Function,-,pulse_reader_samples,0x969da714,uint32_t pulse_reader_samples(PulseReader*),lib/pulse_reader/pulse_reader.h,disabled
88.3,Function,-,pulse_reader_set_bittime,0x03970e38,"void pulse_reader_set_bittime(PulseReader*, uint32_t)",lib/pulse_reader/pulse_reader.h,disabled
88.3,Function,-,pulse_reader_set_pull,0xad5e6d87,"void pulse_reader_set_pull(PulseReader*, GpioPull)",lib/pulse_reader/pulse_reader.h,disabled
88.3,Function,-,pulse_reader_set_timebase,0x01b23994,"void pulse_reader_set_timebase(PulseReader*, PulseReaderUnit)",lib/pulse_reader/pulse_reader.h,disabled
88.3,Function,-,pulse_reader_start,0xcffcbb0d,void pulse_reader_start(PulseReader*),lib/pulse_reader/pulse_reader.h,disabled
88.3,Function,-,pulse_reader_stop,0x1d934d45,void pulse_reader_stop(PulseReader*),lib/pulse_reader/pulse_reader.h,disabled
88.3,Function,-,putc,0x7c9c7b01,"int putc(int, FILE*)",@sdk/toolchain-or-transitive-runtime,disabled
88.3,Function,-,putc_unlocked,0xcfa9a335,"int putc_unlocked(int, FILE*)",@sdk/toolchain-or-transitive-runtime,disabled
88.3,Function,-,putchar,0xca90eebc,int putchar(int),@sdk/toolchain-or-transitive-runtime,disabled
88.3,Function,-,putchar_unlocked,0xc3077950,int putchar_unlocked(int),@sdk/toolchain-or-transitive-runtime,disabled
88.3,Function,-,putenv,0x15a75667,int putenv(char*),@sdk/toolchain-or-transitive-runtime,disabled
88.3,Function,-,puts,0x7c9c7b11,int puts(const char*),lib/toolbox/pipe.h,disabled
88.3,Function,-,putw,0x7c9c7b15,"int putw(int, FILE*)",@sdk/toolchain-or-transitive-runtime,disabled
88.3,Function,-,qsort,0x103cc7fe,"void qsort(void*, size_t, size_t, __compar_fn_t)",lib/mlib/m-array.h,disabled
88.3,Function,-,qsort_r,0x128ecc2f,"void qsort_r(void*, size_t, size_t, int (*)(const void*, const void*, void*), void*)",@sdk/toolchain-or-transitive-runtime,disabled
88.3,Function,-,quick_exit,0xe785e51b,void quick_exit(int),@sdk/toolchain-or-transitive-runtime,disabled
88.3,Function,+,rand,0x7c9d3dea,int rand(),lib/mlib/m-core.h;targets/furi_hal_include/furi_hal_random.h,supported
88.3,Function,-,rand_r,0x18e46d1b,int rand_r(unsigned*),@sdk/toolchain-or-transitive-runtime,disabled
88.3,Function,+,random,0x18e46f26,long random(),lib/mbedtls/include/mbedtls/aes.h;lib/mbedtls/include/mbedtls/ecp.h;lib/mlib/m-algo.h;lib/mlib/m-core.h;lib/mlib/m-deque.h;lib/mlib/m-dict.h;lib/nfc/protocols/slix/slix_poller.h;lib/stm32wb_hal/Inc/stm32wbxx_ll_rng.h;lib/toolbox/name_generator.h;lib/toolbox/stream/stream.h;targets/furi_hal_include/furi_hal_random.h,supported
88.3,Function,-,rawmemchr,0x246e33cb,"void* rawmemchr(const void*, int)",@sdk/toolchain-or-transitive-runtime,disabled
88.3,Function,+,realloc,0x3de00ec7,"void* realloc(void*, size_t)",lib/mlib/m-core.h;lib/nanopb/pb.h,supported
88.3,Function,-,reallocarray,0x69672126,"void* reallocarray(void*, size_t, size_t)",@sdk/toolchain-or-transitive-runtime,disabled
88.3,Function,-,reallocf,0xf9e1e80d,"void* reallocf(void*, size_t)",@sdk/toolchain-or-transitive-runtime,disabled
88.3,Function,-,realpath,0xf9e3e036,"char* realpath(const char*, char*)",@sdk/toolchain-or-transitive-runtime,disabled
88.3,Function,-,remainder,0xb7fa327c,"double remainder(double, double)",@sdk/toolchain-or-transitive-runtime,disabled
88.3,Function,-,remainderf,0xb7408262,"float remainderf(float, float)",@sdk/toolchain-or-transitive-runtime,disabled
88.3,Function,-,remainderl,0xb7408268,"long double remainderl(long double, long double)",@sdk/toolchain-or-transitive-runtime,disabled
88.3,Function,-,remove,0x192c7473,int remove(const char*),applications/services/gui/view_dispatcher.h;applications/services/gui/view_stack.h;applications/services/storage/storage.h;lib/bit_lib/bit_lib.h;lib/mlib/m-bptree.h;lib/mlib/m-list.h;lib/toolbox/simple_array.h,disabled
88.3,Function,-,remquo,0x192c7cde,"double remquo(double, double, int*)",@sdk/toolchain-or-transitive-runtime,disabled
88.3,Function,-,remquof,0x3ebc1904,"float remquof(float, float, int*)",@sdk/toolchain-or-transitive-runtime,disabled
88.3,Function,-,remquol,0x3ebc190a,"long double remquol(long double, long double, int*)",@sdk/toolchain-or-transitive-runtime,disabled
88.3,Function,-,rename,0x192cc41d,"int rename(const char*, const char*)",applications/services/storage/storage.h,disabled
88.3,Function,-,renameat,0x176e4c52,"int renameat(int, const char*, int, const char*)",@sdk/toolchain-or-transitive-runtime,disabled
88.3,Function,-,rewind,0x1931d5ae,void rewind(FILE*),lib/toolbox/keys_dict.h,disabled
88.3,Function,-,rindex,0x197531ef,"char* rindex(const char*, int)",@sdk/toolchain-or-transitive-runtime,disabled
88.3,Function,-,rint,0x7c9d6002,double rint(double),@sdk/toolchain-or-transitive-runtime,disabled
88.3,Function,-,rintf,0x104960a8,float rintf(float),@sdk/toolchain-or-transitive-runtime,disabled
88.3,Function,-,rintl,0x104960ae,long double rintl(long double),@sdk/toolchain-or-transitive-runtime,disabled
88.3,Function,-,round,0x104cc7ed,double round(double),lib/mbedtls/include/mbedtls/aes.h;lib/mlib/m-dict.h,disabled
88.3,Function,+,roundf,0x19e5c5f3,float roundf(float),@sdk/toolchain-or-transitive-runtime,supported
88.3,Function,-,roundl,0x19e5c5f9,long double roundl(long double),@sdk/toolchain-or-transitive-runtime,disabled
88.3,Function,+,rpc_session_close,0x36039502,void rpc_session_close(RpcSession*),@sdk/toolchain-or-transitive-runtime,supported
88.3,Function,+,rpc_session_feed,0x09667b00,"size_t rpc_session_feed(RpcSession*, const uint8_t*, size_t, uint32_t)",@sdk/toolchain-or-transitive-runtime,supported
88.3,Function,+,rpc_session_get_available_size,0x47c30a06,size_t rpc_session_get_available_size(RpcSession*),@sdk/toolchain-or-transitive-runtime,supported
88.3,Function,+,rpc_session_get_owner,0xb7435296,RpcOwner rpc_session_get_owner(RpcSession*),@sdk/toolchain-or-transitive-runtime,supported
88.3,Function,+,rpc_session_open,0x096b993e,"RpcSession* rpc_session_open(Rpc*, RpcOwner)",@sdk/toolchain-or-transitive-runtime,supported
88.3,Function,+,rpc_session_set_buffer_is_empty_callback,0x2ea46506,"void rpc_session_set_buffer_is_empty_callback(RpcSession*, RpcBufferIsEmptyCallback)",@sdk/toolchain-or-transitive-runtime,supported
88.3,Function,+,rpc_session_set_close_callback,0x59f929d9,"void rpc_session_set_close_callback(RpcSession*, RpcSessionClosedCallback)",@sdk/toolchain-or-transitive-runtime,supported
88.3,Function,+,rpc_session_set_context,0x275ec35c,"void rpc_session_set_context(RpcSession*, void*)",@sdk/toolchain-or-transitive-runtime,supported
88.3,Function,+,rpc_session_set_send_bytes_callback,0x10b73473,"void rpc_session_set_send_bytes_callback(RpcSession*, RpcSendBytesCallback)",@sdk/toolchain-or-transitive-runtime,supported
88.3,Function,+,rpc_session_set_terminated_callback,0xf51d0fb0,"void rpc_session_set_terminated_callback(RpcSession*, RpcSessionTerminatedCallback)",@sdk/toolchain-or-transitive-runtime,supported
88.3,Function,+,rpc_system_app_confirm,0x5445f71b,"void rpc_system_app_confirm(RpcAppSystem*, _Bool)",applications/services/rpc/rpc_app.h,supported
88.3,Function,+,rpc_system_app_error_reset,0x267b5cb9,void rpc_system_app_error_reset(RpcAppSystem*),applications/services/rpc/rpc_app.h,supported
88.3,Function,+,rpc_system_app_exchange_data,0xb72dac69,"void rpc_system_app_exchange_data(RpcAppSystem*, const uint8_t*, size_t)",applications/services/rpc/rpc_app.h,supported
88.3,Function,+,rpc_system_app_send_exited,0x9c193819,void rpc_system_app_send_exited(RpcAppSystem*),applications/services/rpc/rpc_app.h,supported
88.3,Function,+,rpc_system_app_send_started,0x4b094ecd,void rpc_system_app_send_started(RpcAppSystem*),applications/services/rpc/rpc_app.h,supported
88.3,Function,+,rpc_system_app_set_callback,0x525e3fe5,"void rpc_system_app_set_callback(RpcAppSystem*, RpcAppSystemCallback, void*)",applications/services/rpc/rpc_app.h,supported
88.3,Function,+,rpc_system_app_set_error_code,0xbcee9b5c,"void rpc_system_app_set_error_code(RpcAppSystem*, uint32_t)",applications/services/rpc/rpc_app.h,supported
88.3,Function,+,rpc_system_app_set_error_text,0xbcf7c5e6,"void rpc_system_app_set_error_text(RpcAppSystem*, const char*)",applications/services/rpc/rpc_app.h,supported
88.3,Function,-,rpmatch,0x585c0c14,int rpmatch(const char*),@sdk/toolchain-or-transitive-runtime,disabled
88.3,Function,+,saved_struct_get_metadata,0x96633ebb,"_Bool saved_struct_get_metadata(const char*, uint8_t*, uint8_t*, size_t*)",lib/toolbox/saved_struct.h,supported
88.3,Function,+,saved_struct_load,0x4f31db1b,"_Bool saved_struct_load(const char*, void*, size_t, uint8_t, uint8_t)",lib/toolbox/saved_struct.h,supported
88.3,Function,+,saved_struct_save,0x4f3578ea,"_Bool saved_struct_save(const char*, const void*, size_t, uint8_t, uint8_t)",lib/toolbox/saved_struct.h,supported
88.3,Function,-,scalbln,0x862fcf64,"double scalbln(double, long int)",@sdk/toolchain-or-transitive-runtime,disabled
88.3,Function,-,scalblnf,0x4c29bc4a,"float scalblnf(float, long int)",@sdk/toolchain-or-transitive-runtime,disabled
88.3,Function,-,scalblnl,0x4c29bc50,"long double scalblnl(long double, long)",@sdk/toolchain-or-transitive-runtime,disabled
88.3,Function,-,scalbn,0x1b56c838,"double scalbn(double, int)",@sdk/toolchain-or-transitive-runtime,disabled
88.3,Function,+,scalbnf,0x862fcf9e,"float scalbnf(float, int)",@sdk/toolchain-or-transitive-runtime,supported
88.3,Function,-,scalbnl,0x862fcfa4,"long double scalbnl(long double, int)",@sdk/toolchain-or-transitive-runtime,disabled
88.3,Function,-,scanf,0x1057f6d0,"int scanf(const char*, ...)",@sdk/toolchain-or-transitive-runtime,disabled
88.3,Function,+,scene_manager_alloc,0xbcbd5eb7,"SceneManager* scene_manager_alloc(const SceneManagerHandlers*, void*)",@sdk/toolchain-or-transitive-runtime,supported
88.3,Function,+,scene_manager_free,0xa8a3ba4e,void scene_manager_free(SceneManager*),@sdk/toolchain-or-transitive-runtime,supported
88.3,Function,+,scene_manager_get_current_scene,0xb478f5fb,uint32_t scene_manager_get_current_scene(SceneManager*),@sdk/toolchain-or-transitive-runtime,supported
88.3,Function,+,scene_manager_get_scene_state,0x3177bc39,"uint32_t scene_manager_get_scene_state(const SceneManager*, uint32_t)",@sdk/toolchain-or-transitive-runtime,supported
88.3,Function,+,scene_manager_handle_back_event,0x5124cf69,_Bool scene_manager_handle_back_event(SceneManager*),@sdk/toolchain-or-transitive-runtime,supported
88.3,Function,+,scene_manager_handle_custom_event,0x191d9eb3,"_Bool scene_manager_handle_custom_event(SceneManager*, uint32_t)",@sdk/toolchain-or-transitive-runtime,supported
88.3,Function,+,scene_manager_handle_tick_event,0x3dc68bc3,void scene_manager_handle_tick_event(SceneManager*),@sdk/toolchain-or-transitive-runtime,supported
88.3,Function,+,scene_manager_has_previous_scene,0xce3c78d1,"_Bool scene_manager_has_previous_scene(const SceneManager*, uint32_t)",@sdk/toolchain-or-transitive-runtime,supported
88.3,Function,+,scene_manager_next_scene,0xc2c80038,"void scene_manager_next_scene(SceneManager*, uint32_t)",@sdk/toolchain-or-transitive-runtime,supported
88.3,Function,+,scene_manager_previous_scene,0xd8baf456,_Bool scene_manager_previous_scene(SceneManager*),@sdk/toolchain-or-transitive-runtime,supported
88.3,Function,+,scene_manager_search_and_switch_to_another_scene,0x0052f904,"_Bool scene_manager_search_and_switch_to_another_scene(SceneManager*, uint32_t)",@sdk/toolchain-or-transitive-runtime,supported
88.3,Function,+,scene_manager_search_and_switch_to_previous_scene,0x0ddbbb90,"_Bool scene_manager_search_and_switch_to_previous_scene(SceneManager*, uint32_t)",@sdk/toolchain-or-transitive-runtime,supported
88.3,Function,+,scene_manager_search_and_switch_to_previous_scene_one_of,0x20cbcf85,"_Bool scene_manager_search_and_switch_to_previous_scene_one_of(SceneManager*, const uint32_t*, size_t)",@sdk/toolchain-or-transitive-runtime,supported
88.3,Function,+,scene_manager_set_scene_state,0xd8d0e145,"void scene_manager_set_scene_state(SceneManager*, uint32_t, uint32_t)",@sdk/toolchain-or-transitive-runtime,supported
88.3,Function,+,scene_manager_stop,0xa8aae512,void scene_manager_stop(SceneManager*),@sdk/toolchain-or-transitive-runtime,supported
88.3,Function,+,sd_api_get_fs_type_text,0x7fdcecb1,const char* sd_api_get_fs_type_text(SDFsType),@sdk/toolchain-or-transitive-runtime,supported
88.3,Function,-,secure_getenv,0x6e471454,char* secure_getenv(const char*),@sdk/toolchain-or-transitive-runtime,disabled
88.3,Function,-,seed48,0x1b7d0292,unsigned short* seed48(unsigned short[3]),@sdk/toolchain-or-transitive-runtime,disabled
88.3,Function,-,setbuf,0x1b853c4e,"void setbuf(FILE*, char*)",@sdk/toolchain-or-transitive-runtime,disabled
88.3,Function,-,setbuffer,0x4a7840eb,"void setbuffer(FILE*, char*, int)",@sdk/toolchain-or-transitive-runtime,disabled
88.3,Function,-,setenv,0x1b85483a,"int setenv(const char*, const char*, int)",@sdk/toolchain-or-transitive-runtime,disabled
88.3,Function,-,setkey,0x1b85609a,void setkey(const char*),@sdk/toolchain-or-transitive-runtime,disabled
88.3,Function,-,setlinebuf,0x7fd901f6,int setlinebuf(FILE*),@sdk/toolchain-or-transitive-runtime,disabled
88.3,Function,-,setstate,0x12f89612,char* setstate(char*),@sdk/toolchain-or-transitive-runtime,disabled
88.3,Function,-,setvbuf,0x8c376f24,"int setvbuf(FILE*, char*, int, size_t)",@sdk/toolchain-or-transitive-runtime,disabled
88.3,Function,+,signal_reader_alloc,0xc75a21bf,"SignalReader* signal_reader_alloc(const GpioPin*, uint32_t)",lib/signal_reader/signal_reader.h,supported
88.3,Function,+,signal_reader_free,0x91b03c56,void signal_reader_free(SignalReader*),lib/signal_reader/signal_reader.h,supported
88.3,Function,+,signal_reader_set_polarity,0x86aacf13,"void signal_reader_set_polarity(SignalReader*, SignalReaderPolarity)",lib/signal_reader/signal_reader.h,supported
88.3,Function,+,signal_reader_set_pull,0x66f569dc,"void signal_reader_set_pull(SignalReader*, GpioPull)",lib/signal_reader/signal_reader.h,supported
88.3,Function,+,signal_reader_set_sample_rate,0x3b20b80c,"void signal_reader_set_sample_rate(SignalReader*, SignalReaderTimeUnit, uint32_t)",lib/signal_reader/signal_reader.h,supported
88.3,Function,+,signal_reader_set_trigger,0x6593a1b3,"void signal_reader_set_trigger(SignalReader*, SignalReaderTrigger)",lib/signal_reader/signal_reader.h,supported
88.3,Function,+,signal_reader_start,0xc8a40f82,"void signal_reader_start(SignalReader*, SignalReaderCallback, void*)",lib/signal_reader/signal_reader.h,supported
88.3,Function,+,signal_reader_stop,0x91b7671a,void signal_reader_stop(SignalReader*),lib/signal_reader/signal_reader.h,supported
88.3,Function,+,simple_array_alloc,0xa9e8a877,SimpleArray* simple_array_alloc(const SimpleArrayConfig*),lib/toolbox/simple_array.h,supported
88.3,Function,+,simple_array_cget,0x14aaf82f,"const SimpleArrayElement* simple_array_cget(const SimpleArray*, uint32_t)",lib/toolbox/simple_array.h,supported
88.3,Function,+,simple_array_cget_data,0x82d80748,const SimpleArrayData* simple_array_cget_data(const SimpleArray*),lib/toolbox/simple_array.h,supported
88.3,Function,+,simple_array_copy,0x14ab1ba7,"void simple_array_copy(SimpleArray*, const SimpleArray*)",lib/toolbox/simple_array.h,supported
88.3,Function,+,simple_array_free,0x14accc0e,void simple_array_free(SimpleArray*),lib/toolbox/simple_array.h,supported
88.3,Function,+,simple_array_get,0x74fd7d2c,"SimpleArrayElement* simple_array_get(SimpleArray*, uint32_t)",lib/toolbox/simple_array.h,supported
88.3,Function,+,simple_array_get_count,0xce421a34,uint32_t simple_array_get_count(const SimpleArray*),lib/toolbox/simple_array.h,supported
88.3,Function,+,simple_array_get_data,0x1d863265,SimpleArrayData* simple_array_get_data(SimpleArray*),lib/toolbox/simple_array.h,supported
88.3,Function,+,simple_array_init,0x14ae60c0,"void simple_array_init(SimpleArray*, uint32_t)",lib/toolbox/simple_array.h,supported
88.3,Function,+,simple_array_is_equal,0xfb30e01f,"_Bool simple_array_is_equal(const SimpleArray*, const SimpleArray*)",lib/toolbox/simple_array.h,supported
88.3,Function,+,simple_array_reset,0xab188eef,void simple_array_reset(SimpleArray*),lib/toolbox/simple_array.h,supported
88.3,Function,-,sin,0x0b88aa0f,double sin(double),@sdk/toolchain-or-transitive-runtime,disabled
88.3,Function,-,sincos,0x1bca5794,"void sincos(double, double*, double*)",@sdk/toolchain-or-transitive-runtime,disabled
88.3,Function,-,sincosf,0x95154a7a,"void sincosf(float, float*, float*)",@sdk/toolchain-or-transitive-runtime,disabled
88.3,Function,-,sinf,0x7c9dec55,float sinf(float),@sdk/toolchain-or-transitive-runtime,disabled
88.3,Function,-,sinh,0x7c9dec57,double sinh(double),@sdk/toolchain-or-transitive-runtime,disabled
88.3,Function,-,sinhf,0x105b779d,float sinhf(float),@sdk/toolchain-or-transitive-runtime,disabled
88.3,Function,-,sinhl,0x105b77a3,long double sinhl(long double),@sdk/toolchain-or-transitive-runtime,disabled
88.3,Function,-,sinl,0x7c9dec5b,long double sinl(long double),@sdk/toolchain-or-transitive-runtime,disabled
88.3,Function,-,siprintf,0x3d74fd34,"int siprintf(char*, const char*, ...)",@sdk/toolchain-or-transitive-runtime,disabled
88.3,Function,-,siscanf,0x956f88cc,"int siscanf(const char*, const char*, ...)",@sdk/toolchain-or-transitive-runtime,disabled
88.3,Function,+,slix_alloc,0x0bebf7ef,SlixData* slix_alloc(),lib/nfc/protocols/slix/slix.h,supported
88.3,Function,+,slix_copy,0xa3465c1f,"void slix_copy(SlixData*, const SlixData*)",lib/nfc/protocols/slix/slix.h,supported
88.3,Function,+,slix_free,0xa3480c86,void slix_free(SlixData*),lib/nfc/protocols/slix/slix.h,supported
88.3,Function,+,slix_get_base_data,0x9f56de77,const Iso15693_3Data* slix_get_base_data(const SlixData*),lib/nfc/protocols/slix/slix.h,supported
88.3,Function,+,slix_get_counter,0x4d808e23,uint16_t slix_get_counter(const SlixData*),lib/nfc/protocols/slix/slix.h,supported
88.3,Function,+,slix_get_device_name,0x2fff5c93,"const char* slix_get_device_name(const SlixData*, NfcDeviceNameType)",lib/nfc/protocols/slix/slix.h,supported
88.3,Function,+,slix_get_password,0xc2ecc8b6,"SlixPassword slix_get_password(const SlixData*, SlixPasswordType)",lib/nfc/protocols/slix/slix.h,supported
88.3,Function,+,slix_get_type,0x10461a85,SlixType slix_get_type(const SlixData*),lib/nfc/protocols/slix/slix.h,supported
88.3,Function,+,slix_get_uid,0x74db5845,"const uint8_t* slix_get_uid(const SlixData*, size_t*)",lib/nfc/protocols/slix/slix.h,supported
88.3,Function,+,slix_is_block_protected,0xf322b033,"_Bool slix_is_block_protected(const SlixData*, SlixPasswordType, uint8_t)",lib/nfc/protocols/slix/slix.h,supported
88.3,Function,+,slix_is_counter_increment_protected,0xa7df5e6c,_Bool slix_is_counter_increment_protected(const SlixData*),lib/nfc/protocols/slix/slix.h,supported
88.3,Function,+,slix_is_equal,0xede79c97,"_Bool slix_is_equal(const SlixData*, const SlixData*)",lib/nfc/protocols/slix/slix.h,supported
88.3,Function,+,slix_is_privacy_mode,0x99432c61,_Bool slix_is_privacy_mode(const SlixData*),lib/nfc/protocols/slix/slix.h,supported
88.3,Function,+,slix_load,0xa34b4984,"_Bool slix_load(SlixData*, FlipperFormat*, uint32_t)",lib/nfc/protocols/slix/slix.h,supported
88.3,Function,+,slix_poller_get_nxp_system_info,0x790d15b5,"SlixError slix_poller_get_nxp_system_info(SlixPoller*, SlixSystemInfo*)",lib/nfc/protocols/slix/slix_poller.h,supported
88.3,Function,+,slix_poller_get_random_number,0xb794d079,"SlixError slix_poller_get_random_number(SlixPoller*, SlixRandomNumber*)",lib/nfc/protocols/slix/slix_poller.h,supported
88.3,Function,+,slix_poller_read_signature,0x6df5793e,"SlixError slix_poller_read_signature(SlixPoller*, SlixSignature*)",lib/nfc/protocols/slix/slix_poller.h,supported
88.3,Function,+,slix_poller_send_frame,0x47694545,"SlixError slix_poller_send_frame(SlixPoller*, const BitBuffer*, BitBuffer*, uint32_t)",lib/nfc/protocols/slix/slix_poller.h,supported
88.3,Function,+,slix_poller_set_password,0xcbbd668f,"SlixError slix_poller_set_password(SlixPoller*, SlixPasswordType, SlixPassword, SlixRandomNumber)",lib/nfc/protocols/slix/slix_poller.h,supported
88.3,Function,+,slix_reset,0x0d1bde67,void slix_reset(SlixData*),lib/nfc/protocols/slix/slix.h,supported
88.3,Function,+,slix_save,0xa34ee753,"_Bool slix_save(const SlixData*, FlipperFormat*)",lib/nfc/protocols/slix/slix.h,supported
88.3,Function,+,slix_set_uid,0x10963151,"_Bool slix_set_uid(SlixData*, const uint8_t*, size_t)",lib/nfc/protocols/slix/slix.h,supported
88.3,Function,+,slix_type_has_features,0x75e87bdf,"_Bool slix_type_has_features(SlixType, SlixTypeFeatures)",lib/nfc/protocols/slix/slix.h,supported
88.3,Function,+,slix_type_supports_password,0xc45cc2e7,"_Bool slix_type_supports_password(SlixType, SlixPasswordType)",lib/nfc/protocols/slix/slix.h,supported
88.3,Function,+,slix_verify,0xb9ebd119,"_Bool slix_verify(SlixData*, const FuriString*)",lib/nfc/protocols/slix/slix.h,supported
88.3,Function,-,sniprintf,0x6a7bd8e2,"int sniprintf(char*, size_t, const char*, ...)",@sdk/toolchain-or-transitive-runtime,disabled
88.3,Function,+,snprintf,0xbe582cf9,"int snprintf(char*, size_t, const char*, ...)",lib/mlib/m-core.h,supported
88.3,Function,-,sprintf,0xa5b50f0b,"int sprintf(char*, const char*, ...)",@sdk/toolchain-or-transitive-runtime,disabled
88.3,Function,-,sqrt,0x7c9e0eef,double sqrt(double),@sdk/toolchain-or-transitive-runtime,disabled
88.3,Function,-,sqrtf,0x105fed35,float sqrtf(float),@sdk/toolchain-or-transitive-runtime,disabled
88.3,Function,-,sqrtl,0x105fed3b,long double sqrtl(long double),@sdk/toolchain-or-transitive-runtime,disabled
88.3,Function,+,srand,0x1060307d,void srand(unsigned),@sdk/toolchain-or-transitive-runtime,supported
88.3,Function,-,srand48,0xa92e4aa9,void srand48(long),@sdk/toolchain-or-transitive-runtime,disabled
88.3,Function,-,srandom,0xa92e5279,void srandom(unsigned),@sdk/toolchain-or-transitive-runtime,disabled
88.3,Function,+,sscanf,0x1c793bc3,"int sscanf(const char*, const char*, ...)",@sdk/toolchain-or-transitive-runtime,supported
88.3,Function,+,st25r3916_change_reg_bits,0x3d8b16ab,"void st25r3916_change_reg_bits(const FuriHalSpiBusHandle*, uint8_t, uint8_t, uint8_t)",lib/drivers/st25r3916_reg.h,supported
88.3,Function,+,st25r3916_change_test_reg_bits,0xd9e1c86a,"void st25r3916_change_test_reg_bits(const FuriHalSpiBusHandle*, uint8_t, uint8_t, uint8_t)",lib/drivers/st25r3916_reg.h,supported
88.3,Function,+,st25r3916_check_reg,0x4163d392,"_Bool st25r3916_check_reg(const FuriHalSpiBusHandle*, uint8_t, uint8_t, uint8_t)",lib/drivers/st25r3916_reg.h,supported
88.3,Function,+,st25r3916_clear_reg_bits,0x724c354c,"void st25r3916_clear_reg_bits(const FuriHalSpiBusHandle*, uint8_t, uint8_t)",lib/drivers/st25r3916_reg.h,supported
88.3,Function,+,st25r3916_direct_cmd,0x6e79dbe5,"void st25r3916_direct_cmd(const FuriHalSpiBusHandle*, uint8_t)",lib/drivers/st25r3916_reg.h,supported
88.3,Function,+,st25r3916_get_irq,0xdb46b5c2,uint32_t st25r3916_get_irq(const FuriHalSpiBusHandle*),lib/drivers/st25r3916.h,supported
88.3,Function,+,st25r3916_mask_irq,0x983dd42e,"void st25r3916_mask_irq(const FuriHalSpiBusHandle*, uint32_t)",lib/drivers/st25r3916.h,supported
88.3,Function,+,st25r3916_modify_reg,0x9d6d1dfc,"void st25r3916_modify_reg(const FuriHalSpiBusHandle*, uint8_t, uint8_t, uint8_t)",lib/drivers/st25r3916_reg.h,supported
88.3,Function,+,st25r3916_read_burst_regs,0x532fa112,"void st25r3916_read_burst_regs(const FuriHalSpiBusHandle*, uint8_t, uint8_t*, uint8_t)",lib/drivers/st25r3916_reg.h,supported
88.3,Function,+,st25r3916_read_fifo,0x1d7fb416,"_Bool st25r3916_read_fifo(const FuriHalSpiBusHandle*, uint8_t*, size_t, size_t*)",lib/drivers/st25r3916.h,supported
88.3,Function,+,st25r3916_read_pta_mem,0x1eecff55,"void st25r3916_read_pta_mem(const FuriHalSpiBusHandle*, uint8_t*, size_t)",lib/drivers/st25r3916_reg.h,supported
88.3,Function,+,st25r3916_read_reg,0x3ef48d50,"void st25r3916_read_reg(const FuriHalSpiBusHandle*, uint8_t, uint8_t*)",lib/drivers/st25r3916_reg.h,supported
88.3,Function,+,st25r3916_read_test_reg,0x565c156f,"void st25r3916_read_test_reg(const FuriHalSpiBusHandle*, uint8_t, uint8_t*)",lib/drivers/st25r3916_reg.h,supported
88.3,Function,+,st25r3916_reg_read_fifo,0xd755c2b3,"void st25r3916_reg_read_fifo(const FuriHalSpiBusHandle*, uint8_t*, size_t)",lib/drivers/st25r3916_reg.h,supported
88.3,Function,+,st25r3916_reg_write_fifo,0xffc5ce02,"void st25r3916_reg_write_fifo(const FuriHalSpiBusHandle*, const uint8_t*, size_t)",lib/drivers/st25r3916_reg.h,supported
88.3,Function,+,st25r3916_set_reg_bits,0x71e77271,"void st25r3916_set_reg_bits(const FuriHalSpiBusHandle*, uint8_t, uint8_t)",lib/drivers/st25r3916_reg.h,supported
88.3,Function,+,st25r3916_write_burst_regs,0xad7aa001,"void st25r3916_write_burst_regs(const FuriHalSpiBusHandle*, uint8_t, const uint8_t*, uint8_t)",lib/drivers/st25r3916_reg.h,supported
88.3,Function,+,st25r3916_write_fifo,0x0b2debc5,"void st25r3916_write_fifo(const FuriHalSpiBusHandle*, const uint8_t*, size_t)",lib/drivers/st25r3916.h,supported
88.3,Function,+,st25r3916_write_pta_mem,0x7463cca4,"void st25r3916_write_pta_mem(const FuriHalSpiBusHandle*, const uint8_t*, size_t)",lib/drivers/st25r3916_reg.h,supported
88.3,Function,+,st25r3916_write_ptf_mem,0x74be4729,"void st25r3916_write_ptf_mem(const FuriHalSpiBusHandle*, const uint8_t*, size_t)",lib/drivers/st25r3916_reg.h,supported
88.3,Function,+,st25r3916_write_pttsn_mem,0x01d21038,"void st25r3916_write_pttsn_mem(const FuriHalSpiBusHandle*, uint8_t*, size_t)",lib/drivers/st25r3916_reg.h,supported
88.3,Function,+,st25r3916_write_reg,0xf0d30b1f,"void st25r3916_write_reg(const FuriHalSpiBusHandle*, uint8_t, uint8_t)",lib/drivers/st25r3916_reg.h,supported
88.3,Function,+,st25r3916_write_test_reg,0x5aac8c9e,"void st25r3916_write_test_reg(const FuriHalSpiBusHandle*, uint8_t, uint8_t)",lib/drivers/st25r3916_reg.h,supported
88.3,Function,+,st25tb_alloc,0x161dbdb3,St25tbData* st25tb_alloc(),lib/nfc/protocols/st25tb/st25tb.h,supported
88.3,Function,+,st25tb_copy,0x1fb47963,"void st25tb_copy(St25tbData*, const St25tbData*)",lib/nfc/protocols/st25tb/st25tb.h,supported
88.3,Function,+,st25tb_free,0x1fb629ca,void st25tb_free(St25tbData*),lib/nfc/protocols/st25tb/st25tb.h,supported
88.3,Function,+,st25tb_get_base_data,0x3cc4283b,St25tbData* st25tb_get_base_data(const St25tbData*),lib/nfc/protocols/st25tb/st25tb.h,supported
88.3,Function,+,st25tb_get_block_count,0x90a0d65a,uint8_t st25tb_get_block_count(St25tbType),lib/nfc/protocols/st25tb/st25tb.h,supported
88.3,Function,+,st25tb_get_device_name,0xdde62757,"const char* st25tb_get_device_name(const St25tbData*, NfcDeviceNameType)",lib/nfc/protocols/st25tb/st25tb.h,supported
88.3,Function,+,st25tb_get_type_from_uid,0x5cb43f3d,St25tbType st25tb_get_type_from_uid(const uint8_t*),lib/nfc/protocols/st25tb/st25tb.h,supported
88.3,Function,+,st25tb_get_uid,0xd2959f09,"const uint8_t* st25tb_get_uid(const St25tbData*, size_t*)",lib/nfc/protocols/st25tb/st25tb.h,supported
88.3,Function,+,st25tb_is_equal,0x02eabbdb,"_Bool st25tb_is_equal(const St25tbData*, const St25tbData*)",lib/nfc/protocols/st25tb/st25tb.h,supported
88.3,Function,+,st25tb_load,0x1fb966c8,"_Bool st25tb_load(St25tbData*, FlipperFormat*, uint32_t)",lib/nfc/protocols/st25tb/st25tb.h,supported
88.3,Function,+,st25tb_poller_get_uid,0x3eae53b6,"St25tbError st25tb_poller_get_uid(St25tbPoller*, uint8_t*)",lib/nfc/protocols/st25tb/st25tb_poller.h,supported
88.3,Function,+,st25tb_poller_halt,0xcc4b26fe,St25tbError st25tb_poller_halt(St25tbPoller*),lib/nfc/protocols/st25tb/st25tb_poller.h,supported
88.3,Function,+,st25tb_poller_initiate,0x8995268c,"St25tbError st25tb_poller_initiate(St25tbPoller*, uint8_t*)",lib/nfc/protocols/st25tb/st25tb_poller.h,supported
88.3,Function,+,st25tb_poller_read_block,0x067ffe7b,"St25tbError st25tb_poller_read_block(St25tbPoller*, uint32_t*, uint8_t)",lib/nfc/protocols/st25tb/st25tb_poller.h,supported
88.3,Function,+,st25tb_poller_select,0x25a1ccd5,"St25tbError st25tb_poller_select(St25tbPoller*, uint8_t*)",lib/nfc/protocols/st25tb/st25tb_poller.h,supported
88.3,Function,+,st25tb_poller_send_frame,0x0a2dd109,"St25tbError st25tb_poller_send_frame(St25tbPoller*, const BitBuffer*, BitBuffer*, uint32_t)",lib/nfc/protocols/st25tb/st25tb_poller.h,supported
88.3,Function,+,st25tb_poller_sync_detect_type,0x2a0de50b,"St25tbError st25tb_poller_sync_detect_type(Nfc*, St25tbType*)",lib/nfc/protocols/st25tb/st25tb_poller_sync.h,supported
88.3,Function,+,st25tb_poller_sync_read,0xc87a224d,"St25tbError st25tb_poller_sync_read(Nfc*, St25tbData*)",lib/nfc/protocols/st25tb/st25tb_poller_sync.h,supported
88.3,Function,+,st25tb_poller_sync_read_block,0x04147b77,"St25tbError st25tb_poller_sync_read_block(Nfc*, uint8_t, uint32_t*)",lib/nfc/protocols/st25tb/st25tb_poller_sync.h,supported
88.3,Function,+,st25tb_poller_sync_write_block,0x84253446,"St25tbError st25tb_poller_sync_write_block(Nfc*, uint8_t, uint32_t)",lib/nfc/protocols/st25tb/st25tb_poller_sync.h,supported
88.3,Function,+,st25tb_poller_write_block,0xd40117ca,"St25tbError st25tb_poller_write_block(St25tbPoller*, uint32_t, uint8_t)",lib/nfc/protocols/st25tb/st25tb_poller.h,supported
88.3,Function,+,st25tb_reset,0x174da42b,void st25tb_reset(St25tbData*),lib/nfc/protocols/st25tb/st25tb.h,supported
88.3,Function,+,st25tb_save,0x1fbd0497,"_Bool st25tb_save(const St25tbData*, FlipperFormat*)",lib/nfc/protocols/st25tb/st25tb.h,supported
88.3,Function,+,st25tb_set_uid,0x6e507815,"_Bool st25tb_set_uid(St25tbData*, const uint8_t*, size_t)",lib/nfc/protocols/st25tb/st25tb.h,supported
88.3,Function,+,st25tb_verify,0x0a564f5d,"_Bool st25tb_verify(St25tbData*, const FuriString*)",lib/nfc/protocols/st25tb/st25tb.h,supported
88.3,Function,+,storage_common_copy,0xc009287c,"FS_Error storage_common_copy(Storage*, const char*, const char*)",applications/services/storage/storage.h,supported
88.3,Function,+,storage_common_equivalent_path,0x83ddf00b,"_Bool storage_common_equivalent_path(Storage*, const char*, const char*)",applications/services/storage/storage.h,supported
88.3,Function,+,storage_common_exists,0xec3e8481,"_Bool storage_common_exists(Storage*, const char*)",applications/services/storage/storage.h,supported
88.3,Function,+,storage_common_fs_info,0xb4a4faa5,"FS_Error storage_common_fs_info(Storage*, const char*, uint64_t*, uint64_t*)",applications/services/storage/storage.h,supported
88.3,Function,+,storage_common_is_subdir,0xe7137a65,"_Bool storage_common_is_subdir(Storage*, const char*, const char*)",applications/services/storage/storage.h,supported
88.3,Function,+,storage_common_merge,0xc1ddb7d1,"FS_Error storage_common_merge(Storage*, const char*, const char*)",applications/services/storage/storage.h,supported
88.3,Function,+,storage_common_migrate,0xb8be8b8a,"FS_Error storage_common_migrate(Storage*, const char*, const char*)",applications/services/storage/storage.h,supported
88.3,Function,+,storage_common_mkdir,0xc1e0c6d8,"FS_Error storage_common_mkdir(Storage*, const char*)",applications/services/storage/storage.h,supported
88.3,Function,+,storage_common_remove,0x093be3cf,"FS_Error storage_common_remove(Storage*, const char*)",applications/services/storage/storage.h,supported
88.3,Function,+,storage_common_rename,0x093c3379,"FS_Error storage_common_rename(Storage*, const char*, const char*)",applications/services/storage/storage.h,supported
88.3,Function,+,storage_common_resolve_path_and_ensure_app_directory,0x01093d84,"void storage_common_resolve_path_and_ensure_app_directory(Storage*, FuriString*)",applications/services/storage/storage.h,supported
88.3,Function,+,storage_common_stat,0xc01201dd,"FS_Error storage_common_stat(Storage*, const char*, FileInfo*)",applications/services/storage/storage.h,supported
88.3,Function,+,storage_common_timestamp,0xc2c6bff5,"FS_Error storage_common_timestamp(Storage*, const char*, uint32_t*)",applications/services/storage/storage.h,supported
88.3,Function,+,storage_dir_close,0x9c120acd,_Bool storage_dir_close(File*),applications/services/storage/storage.h,supported
88.3,Function,+,storage_dir_exists,0x23d393d7,"_Bool storage_dir_exists(Storage*, const char*)",applications/services/storage/storage.h,supported
88.3,Function,+,storage_dir_open,0x334d01a9,"_Bool storage_dir_open(File*, const char*)",applications/services/storage/storage.h,supported
88.3,Function,+,storage_dir_read,0x334e7773,"_Bool storage_dir_read(File*, FileInfo*, char*, uint16_t)",applications/services/storage/storage.h,supported
88.3,Function,-,storage_dir_rewind,0x40d65460,_Bool storage_dir_rewind(File*),applications/services/storage/storage.h,disabled
88.3,Function,+,storage_error_get_desc,0x68f88c80,const char* storage_error_get_desc(FS_Error),applications/services/storage/storage.h,supported
88.3,Function,+,storage_file_alloc,0x609d84a3,File* storage_file_alloc(Storage*),applications/services/storage/storage.h,supported
88.3,Function,+,storage_file_close,0x60c1c2ee,_Bool storage_file_close(File*),applications/services/storage/storage.h,supported
88.3,Function,+,storage_file_copy_to_file,0x16e8bd94,"_Bool storage_file_copy_to_file(File*, File*, size_t)",applications/services/storage/storage.h,supported
88.3,Function,+,storage_file_eof,0xfe355712,_Bool storage_file_eof(File*),applications/services/storage/storage.h,supported
88.3,Function,+,storage_file_exists,0x7e7a5018,"_Bool storage_file_exists(Storage*, const char*)",applications/services/storage/storage.h,supported
88.3,Function,+,storage_file_free,0xc4e0d2ba,void storage_file_free(File*),applications/services/storage/storage.h,supported
88.3,Function,+,storage_file_get_error,0x4f46f5e1,FS_Error storage_file_get_error(File*),applications/services/storage/storage.h,supported
88.3,Function,+,storage_file_get_error_desc,0x5eb0751f,const char* storage_file_get_error_desc(File*),applications/services/storage/storage.h,supported
88.3,Function,-,storage_file_get_internal_error,0x54fa985d,int32_t storage_file_get_internal_error(File*),applications/services/storage/storage.h,disabled
88.3,Function,+,storage_file_is_dir,0x876ebb12,_Bool storage_file_is_dir(File*),applications/services/storage/storage.h,supported
88.3,Function,+,storage_file_is_open,0x754c4205,_Bool storage_file_is_open(File*),applications/services/storage/storage.h,supported
88.3,Function,+,storage_file_open,0xc4e5b9aa,"_Bool storage_file_open(File*, const char*, FS_AccessMode, FS_OpenMode)",applications/services/storage/storage.h,supported
88.3,Function,+,storage_file_read,0xc4e72f74,"size_t storage_file_read(File*, void*, size_t)",applications/services/storage/storage.h,supported
88.3,Function,+,storage_file_seek,0xc4e7bc60,"_Bool storage_file_seek(File*, uint32_t, _Bool)",applications/services/storage/storage.h,supported
88.3,Function,+,storage_file_size,0xc4e7d013,uint64_t storage_file_size(File*),applications/services/storage/storage.h,supported
88.3,Function,+,storage_file_sync,0xc4e81295,_Bool storage_file_sync(File*),applications/services/storage/storage.h,supported
88.3,Function,+,storage_file_tell,0xc4e849a9,uint64_t storage_file_tell(File*),applications/services/storage/storage.h,supported
88.3,Function,+,storage_file_truncate,0x2be6a01e,_Bool storage_file_truncate(File*),applications/services/storage/storage.h,supported
88.3,Function,+,storage_file_write,0x622edde3,"size_t storage_file_write(File*, const void*, size_t)",applications/services/storage/storage.h,supported
88.3,Function,+,storage_get_next_filename,0x44671f77,"void storage_get_next_filename(Storage*, const char*, const char*, const char*, FuriString*, uint8_t)",applications/services/storage/storage.h,supported
88.3,Function,+,storage_get_pubsub,0x4ff3cbc9,FuriPubSub* storage_get_pubsub(Storage*),applications/services/storage/storage.h,supported
88.3,Function,+,storage_int_backup,0x4e572e99,"FS_Error storage_int_backup(Storage*, const char*)",applications/services/storage/storage.h,supported
88.3,Function,+,storage_int_restore,0xf35bcee7,"FS_Error storage_int_restore(Storage*, const char*, StorageNameConverter)",applications/services/storage/storage.h,supported
88.3,Function,+,storage_sd_format,0x2cb18118,FS_Error storage_sd_format(Storage*),applications/services/storage/storage.h,supported
88.3,Function,+,storage_sd_info,0x5071aebb,"FS_Error storage_sd_info(Storage*, SDInfo*)",applications/services/storage/storage.h,supported
88.3,Function,+,storage_sd_mount,0x5ef0b4a2,FS_Error storage_sd_mount(Storage*),applications/services/storage/storage.h,supported
88.3,Function,+,storage_sd_status,0x4b55d9b3,FS_Error storage_sd_status(Storage*),applications/services/storage/storage.h,supported
88.3,Function,+,storage_sd_unmount,0x42dcfdc5,FS_Error storage_sd_unmount(Storage*),applications/services/storage/storage.h,supported
88.3,Function,+,storage_simply_mkdir,0x985ace0d,"_Bool storage_simply_mkdir(Storage*, const char*)",applications/services/storage/storage.h,supported
88.3,Function,+,storage_simply_remove,0xaef6d1a4,"_Bool storage_simply_remove(Storage*, const char*)",applications/services/storage/storage.h,supported
88.3,Function,+,storage_simply_remove_recursive,0xed24309b,"_Bool storage_simply_remove_recursive(Storage*, const char*)",applications/services/storage/storage.h,supported
88.3,Function,-,stpcpy,0x1c927e08,"char* stpcpy(char*, const char*)",@sdk/toolchain-or-transitive-runtime,disabled
88.3,Function,-,stpncpy,0xaee80f36,"char* stpncpy(char*, const char*, size_t)",@sdk/toolchain-or-transitive-runtime,disabled
88.3,Function,+,str_buffer_clear_all_clones,0x0a4629f8,void str_buffer_clear_all_clones(StrBuffer*),lib/toolbox/str_buffer.h,supported
88.3,Function,+,str_buffer_make_owned_clone,0x17ff6cc0,"const char* str_buffer_make_owned_clone(StrBuffer*, const char*)",lib/toolbox/str_buffer.h,supported
88.3,Function,+,strcasecmp,0xb3850d3a,"int strcasecmp(const char*, const char*)",@sdk/toolchain-or-transitive-runtime,supported
88.3,Function,-,strcasecmp_l,0xa8fd5065,"int strcasecmp_l(const char*, const char*, locale_t)",@sdk/toolchain-or-transitive-runtime,disabled
88.3,Function,+,strcasestr,0xb3855233,"char* strcasestr(const char*, const char*)",@sdk/toolchain-or-transitive-runtime,supported
88.3,Function,-,strcat,0x1c9394d6,"char* strcat(char*, const char*)",@sdk/toolchain-or-transitive-runtime,disabled
88.3,Function,+,strchr,0x1c9395bb,"char* strchr(const char*, int)",@sdk/toolchain-or-transitive-runtime,supported
88.3,Function,-,strchrnul,0x89cfe34a,"char* strchrnul(const char*, int)",@sdk/toolchain-or-transitive-runtime,disabled
88.3,Function,+,strcmp,0x1c93965e,"int strcmp(const char*, const char*)",lib/mjs/mjs_string_public.h;lib/mlib/m-core.h;lib/mlib/m-variant.h,supported
88.3,Function,-,strcoll,0xaf066a88,"int strcoll(const char*, const char*)",@sdk/toolchain-or-transitive-runtime,disabled
88.3,Function,-,strcoll_l,0x8a4b3933,"int strcoll_l(const char*, const char*, locale_t)",@sdk/toolchain-or-transitive-runtime,disabled
88.3,Function,+,strcpy,0x1c9396ca,"char* strcpy(char*, const char*)",@sdk/toolchain-or-transitive-runtime,supported
88.3,Function,+,strcspn,0xaf067c12,"size_t strcspn(const char*, const char*)",@sdk/toolchain-or-transitive-runtime,supported
88.3,Function,+,strdup,0x1c939ba7,char* strdup(const char*),@sdk/toolchain-or-transitive-runtime,supported
88.3,Function,+,stream_clean,0xb6191733,void stream_clean(Stream*),lib/toolbox/stream/stream.h,supported
88.3,Function,+,stream_copy,0xee3ee06b,"size_t stream_copy(Stream*, Stream*, size_t)",lib/toolbox/stream/stream.h,supported
88.3,Function,+,stream_copy_full,0x0913e1dd,"size_t stream_copy_full(Stream*, Stream*)",lib/toolbox/stream/stream.h,supported
88.3,Function,+,stream_delete,0x7b166383,"_Bool stream_delete(Stream*, size_t)",lib/toolbox/stream/stream.h,supported
88.3,Function,+,stream_delete_and_insert,0xb564cc09,"_Bool stream_delete_and_insert(Stream*, size_t, StreamWriteCB, const void*)",lib/toolbox/stream/stream.h,supported
88.3,Function,+,stream_delete_and_insert_char,0xac31e266,"_Bool stream_delete_and_insert_char(Stream*, size_t, char)",lib/toolbox/stream/stream.h,supported
88.3,Function,+,stream_delete_and_insert_cstring,0xa1b8ee62,"_Bool stream_delete_and_insert_cstring(Stream*, size_t, const char*)",lib/toolbox/stream/stream.h,supported
88.3,Function,+,stream_delete_and_insert_format,0x87bb8371,"_Bool stream_delete_and_insert_format(Stream*, size_t, const char*, ...)",lib/toolbox/stream/stream.h,supported
88.3,Function,+,stream_delete_and_insert_string,0xa668febf,"_Bool stream_delete_and_insert_string(Stream*, size_t, FuriString*)",lib/toolbox/stream/stream.h,supported
88.3,Function,+,stream_delete_and_insert_vaformat,0xd747aa48,"_Bool stream_delete_and_insert_vaformat(Stream*, size_t, const char*, va_list)",lib/toolbox/stream/stream.h,supported
88.3,Function,+,stream_dump_data,0x0b2cbf5f,void stream_dump_data(Stream*),lib/toolbox/stream/stream.h,supported
88.3,Function,+,stream_eof,0x4d09b22a,_Bool stream_eof(Stream*),lib/toolbox/stream/stream.h,supported
88.3,Function,+,stream_free,0xee4090d2,void stream_free(Stream*),lib/toolbox/stream/stream.h,supported
88.3,Function,+,stream_insert,0x8766e1a5,"_Bool stream_insert(Stream*, const uint8_t*, size_t)",lib/toolbox/stream/stream.h,supported
88.3,Function,+,stream_insert_char,0x77add982,"_Bool stream_insert_char(Stream*, char)",lib/toolbox/stream/stream.h,supported
88.3,Function,+,stream_insert_cstring,0x86d4dffe,"_Bool stream_insert_cstring(Stream*, const char*)",lib/toolbox/stream/stream.h,supported
88.3,Function,+,stream_insert_format,0x2211b18d,"_Bool stream_insert_format(Stream*, const char*, ...)",lib/toolbox/stream/stream.h,supported
88.3,Function,+,stream_insert_string,0x40bf2cdb,"_Bool stream_insert_string(Stream*, FuriString*)",lib/toolbox/stream/stream.h,supported
88.3,Function,+,stream_insert_vaformat,0x5fe1cf64,"_Bool stream_insert_vaformat(Stream*, const char*, va_list)",lib/toolbox/stream/stream.h,supported
88.3,Function,+,stream_load_from_file,0xfb007762,"size_t stream_load_from_file(Stream*, Storage*, const char*)",lib/toolbox/stream/stream.h,supported
88.3,Function,+,stream_read,0xee46ed8c,"size_t stream_read(Stream*, uint8_t*, size_t)",lib/toolbox/stream/stream.h,supported
88.3,Function,+,stream_read_line,0xee296313,"_Bool stream_read_line(Stream*, FuriString*)",lib/toolbox/stream/stream.h,supported
88.3,Function,+,stream_rewind,0x9bc4b4b9,_Bool stream_rewind(Stream*),lib/toolbox/stream/stream.h,supported
88.3,Function,+,stream_save_to_file,0x397b92e0,"size_t stream_save_to_file(Stream*, Storage*, const char*, FS_OpenMode)",lib/toolbox/stream/stream.h,supported
88.3,Function,+,stream_seek,0xee477a78,"_Bool stream_seek(Stream*, int32_t, StreamOffset)",lib/toolbox/stream/stream.h,supported
88.3,Function,+,stream_seek_to_char,0xc523bff7,"_Bool stream_seek_to_char(Stream*, char, StreamDirection)",lib/toolbox/stream/stream.h,supported
88.3,Function,+,stream_size,0xee478e2b,size_t stream_size(Stream*),lib/toolbox/stream/stream.h,supported
88.3,Function,+,stream_split,0xb73cef9c,"_Bool stream_split(Stream*, Stream*, Stream*)",lib/toolbox/stream/stream.h,supported
88.3,Function,+,stream_tell,0xee4807c1,size_t stream_tell(Stream*),lib/toolbox/stream/stream.h,supported
88.3,Function,+,stream_write,0xb7865efb,"size_t stream_write(Stream*, const uint8_t*, size_t)",lib/toolbox/stream/stream.h,supported
88.3,Function,+,stream_write_char,0xf09f1c98,"size_t stream_write_char(Stream*, char)",lib/toolbox/stream/stream.h,supported
88.3,Function,+,stream_write_cstring,0x4aef5354,"size_t stream_write_cstring(Stream*, const char*)",lib/toolbox/stream/stream.h,supported
88.3,Function,+,stream_write_format,0x9c601223,"size_t stream_write_format(Stream*, const char*, ...)",lib/toolbox/stream/stream.h,supported
88.3,Function,+,stream_write_string,0xbb0d8d71,"size_t stream_write_string(Stream*, FuriString*)",lib/toolbox/stream/stream.h,supported
88.3,Function,+,stream_write_vaformat,0xa74aad7a,"size_t stream_write_vaformat(Stream*, const char*, va_list)",lib/toolbox/stream/stream.h,supported
88.3,Function,-,strerror,0x8ff9ac08,char* strerror(int),@sdk/toolchain-or-transitive-runtime,disabled
88.3,Function,-,strerror_l,0x7514dab3,"char* strerror_l(int, locale_t)",@sdk/toolchain-or-transitive-runtime,disabled
88.3,Function,-,strerror_r,0x7514dab9,"char* strerror_r(int, char*, size_t)",@sdk/toolchain-or-transitive-runtime,disabled
88.3,Function,+,string_stream_alloc,0xbfa79191,Stream* string_stream_alloc(),lib/toolbox/stream/string_stream.h,supported
88.3,Function,+,strint_to_int16,0xe7dfed7c,"StrintParseError strint_to_int16(const char*, char**, int16_t*, uint8_t)",lib/toolbox/strint.h,supported
88.3,Function,+,strint_to_int32,0xe7dfedba,"StrintParseError strint_to_int32(const char*, char**, int32_t*, uint8_t)",lib/toolbox/strint.h,supported
88.3,Function,+,strint_to_int64,0xe7dfee1f,"StrintParseError strint_to_int64(const char*, char**, int64_t*, uint8_t)",lib/toolbox/strint.h,supported
88.3,Function,+,strint_to_uint16,0xff7edc51,"StrintParseError strint_to_uint16(const char*, char**, uint16_t*, uint8_t)",lib/toolbox/strint.h,supported
88.3,Function,+,strint_to_uint32,0xff7edc8f,"StrintParseError strint_to_uint32(const char*, char**, uint32_t*, uint8_t)",lib/toolbox/strint.h,supported
88.3,Function,+,strint_to_uint64,0xff7edcf4,"StrintParseError strint_to_uint64(const char*, char**, uint64_t*, uint8_t)",lib/toolbox/strint.h,supported
88.3,Function,+,strlcat,0xaf0b2582,"size_t strlcat(char*, const char*, size_t)",@sdk/toolchain-or-transitive-runtime,supported
88.3,Function,+,strlcpy,0xaf0b2776,"size_t strlcpy(char*, const char*, size_t)",@sdk/toolchain-or-transitive-runtime,supported
88.3,Function,+,strlen,0x1c93bb9d,size_t strlen(const char*),lib/mjs/mjs_object_public.h;lib/mjs/mjs_string_public.h;lib/mlib/m-core.h;lib/nanopb/pb.h;lib/nanopb/pb_encode.h,supported
88.3,Function,-,strlwr,0x1c93bdf3,char* strlwr(char*),@sdk/toolchain-or-transitive-runtime,disabled
88.3,Function,+,strncasecmp,0xbbf0bda8,"int strncasecmp(const char*, const char*, size_t)",@sdk/toolchain-or-transitive-runtime,supported
88.3,Function,-,strncasecmp_l,0x7b16d453,"int strncasecmp_l(const char*, const char*, size_t, locale_t)",@sdk/toolchain-or-transitive-runtime,disabled
88.3,Function,-,strncat,0xaf0c3e44,"char* strncat(char*, const char*, size_t)",lib/mlib/m-core.h,disabled
88.3,Function,+,strncmp,0xaf0c3fcc,"int strncmp(const char*, const char*, size_t)",lib/mjs/mjs_string_public.h,supported
88.3,Function,+,strncpy,0xaf0c4038,"char* strncpy(char*, const char*, size_t)",lib/mlib/m-core.h,supported
88.3,Function,-,strndup,0xaf0c4515,"char* strndup(const char*, size_t)",@sdk/toolchain-or-transitive-runtime,disabled
88.3,Function,-,strnlen,0xaf0c650b,"size_t strnlen(const char*, size_t)",@sdk/toolchain-or-transitive-runtime,disabled
88.3,Function,-,strnstr,0xaf0c84c5,"char* strnstr(const char*, const char*, size_t)",@sdk/toolchain-or-transitive-runtime,disabled
88.3,Function,-,strpbrk,0xaf0d54ed,"char* strpbrk(const char*, const char*)",@sdk/toolchain-or-transitive-runtime,disabled
88.3,Function,+,strrchr,0xaf0e70ad,"char* strrchr(const char*, int)",@sdk/toolchain-or-transitive-runtime,supported
88.3,Function,-,strsep,0x1c93d966,"char* strsep(char**, const char*)",@sdk/toolchain-or-transitive-runtime,disabled
88.3,Function,-,strsignal,0xaf2e7b1c,char* strsignal(int),@sdk/toolchain-or-transitive-runtime,disabled
88.3,Function,+,strspn,0x1c93dacf,"size_t strspn(const char*, const char*)",@sdk/toolchain-or-transitive-runtime,supported
88.3,Function,+,strstr,0x1c93db57,"char* strstr(const char*, const char*)",@sdk/toolchain-or-transitive-runtime,supported
88.3,Function,+,strtod,0x1c93dee5,"double strtod(const char*, char**)",lib/mlib/m-core.h,supported
88.3,Function,-,strtod_l,0x910738d0,"double strtod_l(const char*, char**, locale_t)",@sdk/toolchain-or-transitive-runtime,disabled
88.3,Function,+,strtof,0x1c93dee7,"float strtof(const char*, char**)",lib/mlib/m-core.h,supported
88.3,Function,-,strtof_l,0x91074152,"float strtof_l(const char*, char**, locale_t)",@sdk/toolchain-or-transitive-runtime,disabled
88.3,Function,-,strtok,0x1c93deec,"char* strtok(char*, const char*)",@sdk/toolchain-or-transitive-runtime,disabled
88.3,Function,-,strtok_r,0x9107569d,"char* strtok_r(char*, const char*, char**)",@sdk/toolchain-or-transitive-runtime,disabled
88.3,Function,+,strtol,0x1c93deed,"long strtol(const char*, char**, int)",lib/mlib/m-core.h,supported
88.3,Function,-,strtol_l,0x91075ad8,"long strtol_l(const char*, char**, int, locale_t)",@sdk/toolchain-or-transitive-runtime,disabled
88.3,Function,-,strtold,0xaf0fbcf1,"long double strtold(const char*, char**)",lib/mlib/m-core.h,disabled
88.3,Function,-,strtold_l,0xb1f2c9dc,"long double strtold_l(const char*, char**, locale_t)",@sdk/toolchain-or-transitive-runtime,disabled
88.3,Function,-,strtoll,0xaf0fbcf9,"long long strtoll(const char*, char**, int)",lib/mlib/m-core.h,disabled
88.3,Function,-,strtoll_l,0xb1f2ebe4,"long long strtoll_l(const char*, char**, int, locale_t)",@sdk/toolchain-or-transitive-runtime,disabled
88.3,Function,+,strtoul,0xaf0fbe22,"unsigned long strtoul(const char*, char**, int)",lib/mlib/m-core.h,supported
88.3,Function,-,strtoul_l,0xb1f7db4d,"unsigned long strtoul_l(const char*, char**, int, locale_t)",@sdk/toolchain-or-transitive-runtime,disabled
88.3,Function,+,strtoull,0x910782ce,"unsigned long long strtoull(const char*, char**, int)",lib/mlib/m-core.h,supported
88.3,Function,-,strtoull_l,0xf0f37af9,"unsigned long long strtoull_l(const char*, char**, int, locale_t)",@sdk/toolchain-or-transitive-runtime,disabled
88.3,Function,-,strupr,0x1c93e355,char* strupr(char*),@sdk/toolchain-or-transitive-runtime,disabled
88.3,Function,-,strverscmp,0x7361c6de,"int strverscmp(const char*, const char*)",@sdk/toolchain-or-transitive-runtime,disabled
88.3,Function,-,strxfrm,0xaf11c8fb,"size_t strxfrm(char*, const char*, size_t)",@sdk/toolchain-or-transitive-runtime,disabled
88.3,Function,-,strxfrm_l,0xbaa80066,"size_t strxfrm_l(char*, const char*, size_t, locale_t)",@sdk/toolchain-or-transitive-runtime,disabled
88.3,Function,+,subghz_block_generic_deserialize,0x245caa0e,"SubGhzProtocolStatus subghz_block_generic_deserialize(SubGhzBlockGeneric*, FlipperFormat*)",lib/subghz/blocks/generic.h,supported
88.3,Function,+,subghz_block_generic_deserialize_check_count_bit,0x031b8511,"SubGhzProtocolStatus subghz_block_generic_deserialize_check_count_bit(SubGhzBlockGeneric*, FlipperFormat*, uint16_t)",lib/subghz/blocks/generic.h,supported
88.3,Function,+,subghz_block_generic_get_preset_name,0x2a6dec4f,"void subghz_block_generic_get_preset_name(const char*, FuriString*)",lib/subghz/blocks/generic.h,supported
88.3,Function,+,subghz_block_generic_serialize,0xe5b27f65,"SubGhzProtocolStatus subghz_block_generic_serialize(SubGhzBlockGeneric*, FlipperFormat*, SubGhzRadioPreset*)",lib/subghz/blocks/generic.h,supported
88.3,Function,-,subghz_device_cc1101_ext_ep,0xf59299b3,const FlipperAppPluginDescriptor* subghz_device_cc1101_ext_ep(),applications/drivers/subghz/cc1101_ext/cc1101_ext_interconnect.h,disabled
88.3,Function,+,subghz_devices_begin,0x5949547e,_Bool subghz_devices_begin(const SubGhzDevice*),@sdk/toolchain-or-transitive-runtime,supported
88.3,Function,+,subghz_devices_deinit,0x871f6356,void subghz_devices_deinit(),@sdk/toolchain-or-transitive-runtime,supported
88.3,Function,+,subghz_devices_end,0xdf6806b0,void subghz_devices_end(const SubGhzDevice*),@sdk/toolchain-or-transitive-runtime,supported
88.3,Function,+,subghz_devices_flush_rx,0xdc386f64,void subghz_devices_flush_rx(const SubGhzDevice*),@sdk/toolchain-or-transitive-runtime,supported
88.3,Function,+,subghz_devices_flush_tx,0xdc386fa6,void subghz_devices_flush_tx(const SubGhzDevice*),@sdk/toolchain-or-transitive-runtime,supported
88.3,Function,+,subghz_devices_get_by_name,0x3b2ba133,const SubGhzDevice* subghz_devices_get_by_name(const char*),@sdk/toolchain-or-transitive-runtime,supported
88.3,Function,+,subghz_devices_get_data_gpio,0xa9725400,const GpioPin* subghz_devices_get_data_gpio(const SubGhzDevice*),@sdk/toolchain-or-transitive-runtime,supported
88.3,Function,+,subghz_devices_get_lqi,0x52b964fe,uint8_t subghz_devices_get_lqi(const SubGhzDevice*),@sdk/toolchain-or-transitive-runtime,supported
88.3,Function,+,subghz_devices_get_name,0xa9e6da59,const char* subghz_devices_get_name(const SubGhzDevice*),@sdk/toolchain-or-transitive-runtime,supported
88.3,Function,+,subghz_devices_get_rssi,0xa9e95939,float subghz_devices_get_rssi(const SubGhzDevice*),@sdk/toolchain-or-transitive-runtime,supported
88.3,Function,+,subghz_devices_idle,0xcc6ae517,void subghz_devices_idle(const SubGhzDevice*),@sdk/toolchain-or-transitive-runtime,supported
88.3,Function,+,subghz_devices_init,0xcc6b0f4d,void subghz_devices_init(),@sdk/toolchain-or-transitive-runtime,supported
88.3,Function,+,subghz_devices_is_async_complete_tx,0x2487f715,_Bool subghz_devices_is_async_complete_tx(const SubGhzDevice*),@sdk/toolchain-or-transitive-runtime,supported
88.3,Function,+,subghz_devices_is_connect,0xfbada23e,_Bool subghz_devices_is_connect(const SubGhzDevice*),@sdk/toolchain-or-transitive-runtime,supported
88.3,Function,+,subghz_devices_is_frequency_valid,0xfb46fcd5,"_Bool subghz_devices_is_frequency_valid(const SubGhzDevice*, uint32_t)",@sdk/toolchain-or-transitive-runtime,supported
88.3,Function,+,subghz_devices_is_rx_data_crc_valid,0xdf1ac87d,_Bool subghz_devices_is_rx_data_crc_valid(const SubGhzDevice*),@sdk/toolchain-or-transitive-runtime,supported
88.3,Function,+,subghz_devices_load_preset,0xfbd7a5eb,"void subghz_devices_load_preset(const SubGhzDevice*, FuriHalSubGhzPreset, uint8_t*)",@sdk/toolchain-or-transitive-runtime,supported
88.3,Function,+,subghz_devices_read_packet,0xf2655ecc,"void subghz_devices_read_packet(const SubGhzDevice*, uint8_t*, uint8_t*)",@sdk/toolchain-or-transitive-runtime,supported
88.3,Function,+,subghz_devices_reset,0x5a6b0f1c,void subghz_devices_reset(const SubGhzDevice*),@sdk/toolchain-or-transitive-runtime,supported
88.3,Function,+,subghz_devices_rx_pipe_not_empty,0xa843f2ae,_Bool subghz_devices_rx_pipe_not_empty(const SubGhzDevice*),@sdk/toolchain-or-transitive-runtime,supported
88.3,Function,+,subghz_devices_set_async_mirror_pin,0xab8b1082,"void subghz_devices_set_async_mirror_pin(const SubGhzDevice*, const GpioPin*)",@sdk/toolchain-or-transitive-runtime,supported
88.3,Function,+,subghz_devices_set_frequency,0x9f74bed6,"uint32_t subghz_devices_set_frequency(const SubGhzDevice*, uint32_t)",@sdk/toolchain-or-transitive-runtime,supported
88.3,Function,+,subghz_devices_set_rx,0xaa228e4e,void subghz_devices_set_rx(const SubGhzDevice*),@sdk/toolchain-or-transitive-runtime,supported
88.3,Function,+,subghz_devices_set_tx,0xaa228e90,_Bool subghz_devices_set_tx(const SubGhzDevice*),@sdk/toolchain-or-transitive-runtime,supported
88.3,Function,+,subghz_devices_sleep,0x5a80c2b2,void subghz_devices_sleep(const SubGhzDevice*),@sdk/toolchain-or-transitive-runtime,supported
88.3,Function,+,subghz_devices_start_async_rx,0xfea5c5ed,"void subghz_devices_start_async_rx(const SubGhzDevice*, void*, void*)",@sdk/toolchain-or-transitive-runtime,supported
88.3,Function,+,subghz_devices_start_async_tx,0xfea5c62f,"_Bool subghz_devices_start_async_tx(const SubGhzDevice*, void*, void*)",@sdk/toolchain-or-transitive-runtime,supported
88.3,Function,+,subghz_devices_stop_async_rx,0x8fadabe5,void subghz_devices_stop_async_rx(const SubGhzDevice*),@sdk/toolchain-or-transitive-runtime,supported
88.3,Function,+,subghz_devices_stop_async_tx,0x8fadac27,void subghz_devices_stop_async_tx(const SubGhzDevice*),@sdk/toolchain-or-transitive-runtime,supported
88.3,Function,+,subghz_devices_write_packet,0xf164b27b,"void subghz_devices_write_packet(const SubGhzDevice*, const uint8_t*, uint8_t)",@sdk/toolchain-or-transitive-runtime,supported
88.3,Function,+,subghz_environment_alloc,0x79c45736,SubGhzEnvironment* subghz_environment_alloc(),lib/subghz/environment.h,supported
88.3,Function,+,subghz_environment_free,0xae5e1eed,void subghz_environment_free(SubGhzEnvironment*),lib/subghz/environment.h,supported
88.3,Function,+,subghz_environment_get_alutech_at_4n_rainbow_table_file_name,0x3439415c,const char* subghz_environment_get_alutech_at_4n_rainbow_table_file_name(SubGhzEnvironment*),lib/subghz/environment.h,supported
88.3,Function,+,subghz_environment_get_came_atomo_rainbow_table_file_name,0x963698d6,const char* subghz_environment_get_came_atomo_rainbow_table_file_name(SubGhzEnvironment*),lib/subghz/environment.h,supported
88.3,Function,+,subghz_environment_get_keystore,0xc6a36b60,SubGhzKeystore* subghz_environment_get_keystore(SubGhzEnvironment*),lib/subghz/environment.h,supported
88.3,Function,+,subghz_environment_get_nice_flor_s_rainbow_table_file_name,0x28321e44,const char* subghz_environment_get_nice_flor_s_rainbow_table_file_name(SubGhzEnvironment*),lib/subghz/environment.h,supported
88.3,Function,+,subghz_environment_get_protocol_name_registry,0xe44351b4,"const char* subghz_environment_get_protocol_name_registry(SubGhzEnvironment*, size_t)",lib/subghz/environment.h,supported
88.3,Function,+,subghz_environment_get_protocol_registry,0xae25eb94,const SubGhzProtocolRegistry* subghz_environment_get_protocol_registry(SubGhzEnvironment*),lib/subghz/environment.h,supported
88.3,Function,+,subghz_environment_load_keystore,0x5dd98f20,"_Bool subghz_environment_load_keystore(SubGhzEnvironment*, const char*)",lib/subghz/environment.h,supported
88.3,Function,+,subghz_environment_set_alutech_at_4n_rainbow_table_file_name,0x1adbbd68,"void subghz_environment_set_alutech_at_4n_rainbow_table_file_name(SubGhzEnvironment*, const char*)",lib/subghz/environment.h,supported
88.3,Function,+,subghz_environment_set_came_atomo_rainbow_table_file_name,0x228fb062,"void subghz_environment_set_came_atomo_rainbow_table_file_name(SubGhzEnvironment*, const char*)",lib/subghz/environment.h,supported
88.3,Function,+,subghz_environment_set_nice_flor_s_rainbow_table_file_name,0x3fae2750,"void subghz_environment_set_nice_flor_s_rainbow_table_file_name(SubGhzEnvironment*, const char*)",lib/subghz/environment.h,supported
88.3,Function,+,subghz_environment_set_protocol_registry,0x7ac1a9a0,"void subghz_environment_set_protocol_registry(SubGhzEnvironment*, const SubGhzProtocolRegistry*)",lib/subghz/environment.h,supported
88.3,Function,+,subghz_file_encoder_worker_alloc,0xc9be0ab9,SubGhzFileEncoderWorker* subghz_file_encoder_worker_alloc(),lib/subghz/subghz_file_encoder_worker.h,supported
88.3,Function,+,subghz_file_encoder_worker_callback_end,0x6c9b3731,"void subghz_file_encoder_worker_callback_end(SubGhzFileEncoderWorker*, SubGhzFileEncoderWorkerCallbackEnd, void*)",lib/subghz/subghz_file_encoder_worker.h,supported
88.3,Function,+,subghz_file_encoder_worker_free,0xfe5dee10,void subghz_file_encoder_worker_free(SubGhzFileEncoderWorker*),lib/subghz/subghz_file_encoder_worker.h,supported
88.3,Function,+,subghz_file_encoder_worker_get_level_duration,0x4b2c144a,LevelDuration subghz_file_encoder_worker_get_level_duration(void*),lib/subghz/subghz_file_encoder_worker.h,supported
88.3,Function,+,subghz_file_encoder_worker_is_running,0xfcf2aeea,_Bool subghz_file_encoder_worker_is_running(SubGhzFileEncoderWorker*),lib/subghz/subghz_file_encoder_worker.h,supported
88.3,Function,+,subghz_file_encoder_worker_start,0xcb07f87c,"_Bool subghz_file_encoder_worker_start(SubGhzFileEncoderWorker*, const char*, const char*)",lib/subghz/subghz_file_encoder_worker.h,supported
88.3,Function,+,subghz_file_encoder_worker_stop,0xfe6518d4,void subghz_file_encoder_worker_stop(SubGhzFileEncoderWorker*),lib/subghz/subghz_file_encoder_worker.h,supported
88.3,Function,+,subghz_keystore_alloc,0x95953877,SubGhzKeystore* subghz_keystore_alloc(),@sdk/toolchain-or-transitive-runtime,supported
88.3,Function,+,subghz_keystore_free,0xf5075c0e,void subghz_keystore_free(SubGhzKeystore*),@sdk/toolchain-or-transitive-runtime,supported
88.3,Function,+,subghz_keystore_get_data,0xc8a8c265,SubGhzKeyArray_t* subghz_keystore_get_data(SubGhzKeystore*),@sdk/toolchain-or-transitive-runtime,supported
88.3,Function,+,subghz_keystore_load,0xf50a990c,"_Bool subghz_keystore_load(SubGhzKeystore*, const char*)",@sdk/toolchain-or-transitive-runtime,supported
88.3,Function,+,subghz_keystore_raw_encrypted_save,0xc80eda71,"_Bool subghz_keystore_raw_encrypted_save(const char*, const char*, uint8_t*)",@sdk/toolchain-or-transitive-runtime,supported
88.3,Function,+,subghz_keystore_raw_get_data,0xa44210ee,"_Bool subghz_keystore_raw_get_data(const char*, size_t, uint8_t*, size_t)",@sdk/toolchain-or-transitive-runtime,supported
88.3,Function,+,subghz_keystore_save,0xf50e36db,"_Bool subghz_keystore_save(SubGhzKeystore*, const char*, uint8_t*)",@sdk/toolchain-or-transitive-runtime,supported
88.3,Function,+,subghz_protocol_blocks_add_bit,0x04af1dec,"void subghz_protocol_blocks_add_bit(SubGhzBlockDecoder*, uint8_t)",lib/subghz/blocks/decoder.h,supported
88.3,Function,+,subghz_protocol_blocks_add_bytes,0xecf71c74,"uint8_t subghz_protocol_blocks_add_bytes(const uint8_t[], size_t)",lib/subghz/blocks/math.h,supported
88.3,Function,+,subghz_protocol_blocks_add_to_128_bit,0x2291d3c8,"void subghz_protocol_blocks_add_to_128_bit(SubGhzBlockDecoder*, uint8_t, uint64_t*)",lib/subghz/blocks/decoder.h,supported
88.3,Function,+,subghz_protocol_blocks_crc16,0xf4a81c24,"uint16_t subghz_protocol_blocks_crc16(const uint8_t[], size_t, uint16_t, uint16_t)",lib/subghz/blocks/math.h,supported
88.3,Function,+,subghz_protocol_blocks_crc16lsb,0xa3183445,"uint16_t subghz_protocol_blocks_crc16lsb(const uint8_t[], size_t, uint16_t, uint16_t)",lib/subghz/blocks/math.h,supported
88.3,Function,+,subghz_protocol_blocks_crc4,0x54fd5631,"uint8_t subghz_protocol_blocks_crc4(const uint8_t[], size_t, uint8_t, uint8_t)",lib/subghz/blocks/math.h,supported
88.3,Function,+,subghz_protocol_blocks_crc7,0x54fd5634,"uint8_t subghz_protocol_blocks_crc7(const uint8_t[], size_t, uint8_t, uint8_t)",lib/subghz/blocks/math.h,supported
88.3,Function,+,subghz_protocol_blocks_crc8,0x54fd5635,"uint8_t subghz_protocol_blocks_crc8(const uint8_t[], size_t, uint8_t, uint8_t)",lib/subghz/blocks/math.h,supported
88.3,Function,+,subghz_protocol_blocks_crc8le,0x89abc5c6,"uint8_t subghz_protocol_blocks_crc8le(const uint8_t[], size_t, uint8_t, uint8_t)",lib/subghz/blocks/math.h,supported
88.3,Function,+,subghz_protocol_blocks_get_bit_array,0x232f9b21,"_Bool subghz_protocol_blocks_get_bit_array(uint8_t[], size_t)",lib/subghz/blocks/encoder.h,supported
88.3,Function,+,subghz_protocol_blocks_get_hash_data,0x43e3a6c1,"uint8_t subghz_protocol_blocks_get_hash_data(SubGhzBlockDecoder*, size_t)",lib/subghz/blocks/decoder.h,supported
88.3,Function,+,subghz_protocol_blocks_get_parity,0xfba8b65d,"uint8_t subghz_protocol_blocks_get_parity(uint64_t, uint8_t)",lib/subghz/blocks/math.h,supported
88.3,Function,+,subghz_protocol_blocks_get_upload_from_bit_array,0x156237b8,"size_t subghz_protocol_blocks_get_upload_from_bit_array(uint8_t[], size_t, LevelDuration*, size_t, uint32_t, SubGhzProtocolBlockAlignBit)",lib/subghz/blocks/encoder.h,supported
88.3,Function,+,subghz_protocol_blocks_lfsr_digest16,0x71dd5602,"uint16_t subghz_protocol_blocks_lfsr_digest16(const uint8_t[], size_t, uint16_t, uint16_t)",lib/subghz/blocks/math.h,supported
88.3,Function,+,subghz_protocol_blocks_lfsr_digest8,0xc563cc53,"uint8_t subghz_protocol_blocks_lfsr_digest8(const uint8_t[], size_t, uint8_t, uint8_t)",lib/subghz/blocks/math.h,supported
88.3,Function,+,subghz_protocol_blocks_lfsr_digest8_reflect,0x4db13b77,"uint8_t subghz_protocol_blocks_lfsr_digest8_reflect(const uint8_t[], size_t, uint8_t, uint8_t)",lib/subghz/blocks/math.h,supported
88.3,Function,+,subghz_protocol_blocks_parity8,0x815c5496,uint8_t subghz_protocol_blocks_parity8(uint8_t),lib/subghz/blocks/math.h,supported
88.3,Function,+,subghz_protocol_blocks_parity_bytes,0x6c418904,"uint8_t subghz_protocol_blocks_parity_bytes(const uint8_t[], size_t)",lib/subghz/blocks/math.h,supported
88.3,Function,+,subghz_protocol_blocks_reverse_key,0x613f9d29,"uint64_t subghz_protocol_blocks_reverse_key(uint64_t, uint8_t)",lib/subghz/blocks/math.h,supported
88.3,Function,+,subghz_protocol_blocks_set_bit_array,0xdba40d2d,"void subghz_protocol_blocks_set_bit_array(_Bool, uint8_t[], size_t, size_t)",lib/subghz/blocks/encoder.h,supported
88.3,Function,+,subghz_protocol_blocks_xor_bytes,0xc0a8bbc4,"uint8_t subghz_protocol_blocks_xor_bytes(const uint8_t[], size_t)",lib/subghz/blocks/math.h,supported
88.3,Function,+,subghz_protocol_decoder_base_deserialize,0xe6534b28,"SubGhzProtocolStatus subghz_protocol_decoder_base_deserialize(SubGhzProtocolDecoderBase*, FlipperFormat*)",@sdk/toolchain-or-transitive-runtime,supported
88.3,Function,+,subghz_protocol_decoder_base_get_hash_data,0x9424ab13,uint8_t subghz_protocol_decoder_base_get_hash_data(SubGhzProtocolDecoderBase*),@sdk/toolchain-or-transitive-runtime,supported
88.3,Function,+,subghz_protocol_decoder_base_get_string,0xd78d168d,"_Bool subghz_protocol_decoder_base_get_string(SubGhzProtocolDecoderBase*, FuriString*)",@sdk/toolchain-or-transitive-runtime,supported
88.3,Function,+,subghz_protocol_decoder_base_serialize,0x177a11ff,"SubGhzProtocolStatus subghz_protocol_decoder_base_serialize(SubGhzProtocolDecoderBase*, FlipperFormat*, SubGhzRadioPreset*)",@sdk/toolchain-or-transitive-runtime,supported
88.3,Function,-,subghz_protocol_decoder_base_set_decoder_callback,0x232582a4,"void subghz_protocol_decoder_base_set_decoder_callback(SubGhzProtocolDecoderBase*, SubGhzProtocolDecoderBaseRxCallback, void*)",@sdk/toolchain-or-transitive-runtime,disabled
88.3,Function,+,subghz_protocol_decoder_bin_raw_data_input_rssi,0x50ae3467,"void subghz_protocol_decoder_bin_raw_data_input_rssi(SubGhzProtocolDecoderBinRAW*, float)",lib/subghz/protocols/public_api.h,supported
88.3,Function,+,subghz_protocol_decoder_raw_alloc,0x49703e31,void* subghz_protocol_decoder_raw_alloc(SubGhzEnvironment*),lib/subghz/protocols/raw.h,supported
88.3,Function,+,subghz_protocol_decoder_raw_deserialize,0xdb5cd6f7,"SubGhzProtocolStatus subghz_protocol_decoder_raw_deserialize(void*, FlipperFormat*)",lib/subghz/protocols/raw.h,supported
88.3,Function,+,subghz_protocol_decoder_raw_feed,0x7e5b5b3a,"void subghz_protocol_decoder_raw_feed(void*, _Bool, uint32_t)",lib/subghz/protocols/raw.h,supported
88.3,Function,+,subghz_protocol_decoder_raw_free,0x7e5b9288,void subghz_protocol_decoder_raw_free(void*),lib/subghz/protocols/raw.h,supported
88.3,Function,+,subghz_protocol_decoder_raw_get_string,0x6a9ce47c,"void subghz_protocol_decoder_raw_get_string(void*, FuriString*)",lib/subghz/protocols/raw.h,supported
88.3,Function,+,subghz_protocol_decoder_raw_reset,0x4aa024a9,void subghz_protocol_decoder_raw_reset(void*),lib/subghz/protocols/raw.h,supported
88.3,Function,+,subghz_protocol_encoder_raw_alloc,0x4a28751b,void* subghz_protocol_encoder_raw_alloc(SubGhzEnvironment*),lib/subghz/protocols/raw.h,supported
88.3,Function,+,subghz_protocol_encoder_raw_deserialize,0xaba11561,"SubGhzProtocolStatus subghz_protocol_encoder_raw_deserialize(void*, FlipperFormat*)",lib/subghz/protocols/raw.h,supported
88.3,Function,+,subghz_protocol_encoder_raw_free,0x48139432,void subghz_protocol_encoder_raw_free(void*),lib/subghz/protocols/raw.h,supported
88.3,Function,+,subghz_protocol_encoder_raw_stop,0x481abef6,void subghz_protocol_encoder_raw_stop(void*),lib/subghz/protocols/raw.h,supported
88.3,Function,+,subghz_protocol_encoder_raw_yield,0x4bd8fde7,LevelDuration subghz_protocol_encoder_raw_yield(void*),lib/subghz/protocols/raw.h,supported
88.3,Function,+,subghz_protocol_keeloq_create_data,0xbd7604f5,"_Bool subghz_protocol_keeloq_create_data(void*, FlipperFormat*, uint32_t, uint8_t, uint16_t, const char*, SubGhzRadioPreset*)",lib/subghz/protocols/public_api.h,supported
88.3,Function,+,subghz_protocol_raw_file_encoder_worker_set_callback_end,0x3c4fd2d6,"void subghz_protocol_raw_file_encoder_worker_set_callback_end(SubGhzProtocolEncoderRAW*, SubGhzProtocolEncoderRAWCallbackEnd, void*)",lib/subghz/protocols/raw.h,supported
88.3,Function,+,subghz_protocol_raw_gen_fff_data,0x100dcd55,"void subghz_protocol_raw_gen_fff_data(FlipperFormat*, const char*, const char*)",lib/subghz/protocols/raw.h,supported
88.3,Function,+,subghz_protocol_raw_get_sample_write,0x5693275c,size_t subghz_protocol_raw_get_sample_write(SubGhzProtocolDecoderRAW*),lib/subghz/protocols/raw.h,supported
88.3,Function,+,subghz_protocol_raw_save_to_file_init,0x6c903df4,"_Bool subghz_protocol_raw_save_to_file_init(SubGhzProtocolDecoderRAW*, const char*, SubGhzRadioPreset*)",lib/subghz/protocols/raw.h,supported
88.3,Function,+,subghz_protocol_raw_save_to_file_pause,0xff0fba5e,"void subghz_protocol_raw_save_to_file_pause(SubGhzProtocolDecoderRAW*, _Bool)",lib/subghz/protocols/raw.h,supported
88.3,Function,+,subghz_protocol_raw_save_to_file_stop,0x6c95d406,void subghz_protocol_raw_save_to_file_stop(SubGhzProtocolDecoderRAW*),lib/subghz/protocols/raw.h,supported
88.3,Function,+,subghz_protocol_registry_count,0x6f2176a9,size_t subghz_protocol_registry_count(const SubGhzProtocolRegistry*),lib/subghz/registry.h,supported
88.3,Function,+,subghz_protocol_registry_get_by_index,0xb15957f1,"const SubGhzProtocol* subghz_protocol_registry_get_by_index(const SubGhzProtocolRegistry*, size_t)",lib/subghz/registry.h,supported
88.3,Function,+,subghz_protocol_registry_get_by_name,0x0562541a,"const SubGhzProtocol* subghz_protocol_registry_get_by_name(const SubGhzProtocolRegistry*, const char*)",lib/subghz/registry.h,supported
88.3,Function,+,subghz_protocol_secplus_v1_check_fixed,0xc7a24639,_Bool subghz_protocol_secplus_v1_check_fixed(uint32_t),lib/subghz/protocols/public_api.h,supported
88.3,Function,+,subghz_protocol_secplus_v2_create_data,0x29309e7a,"_Bool subghz_protocol_secplus_v2_create_data(void*, FlipperFormat*, uint32_t, uint8_t, uint32_t, SubGhzRadioPreset*)",lib/subghz/protocols/public_api.h,supported
88.3,Function,+,subghz_receiver_alloc_init,0xb3b01449,SubGhzReceiver* subghz_receiver_alloc_init(SubGhzEnvironment*),lib/subghz/receiver.h,supported
88.3,Function,+,subghz_receiver_decode,0xbc867b2f,"void subghz_receiver_decode(SubGhzReceiver*, _Bool, uint32_t)",lib/subghz/receiver.h,supported
88.3,Function,+,subghz_receiver_free,0x1c270cad,void subghz_receiver_free(SubGhzReceiver*),lib/subghz/receiver.h,supported
88.3,Function,+,subghz_receiver_reset,0xa1dae36e,void subghz_receiver_reset(SubGhzReceiver*),lib/subghz/receiver.h,supported
88.3,Function,+,subghz_receiver_search_decoder_base_by_name,0x99e80f6a,"SubGhzProtocolDecoderBase* subghz_receiver_search_decoder_base_by_name(SubGhzReceiver*, const char*)",lib/subghz/receiver.h,supported
88.3,Function,+,subghz_receiver_set_filter,0x6728399c,"void subghz_receiver_set_filter(SubGhzReceiver*, SubGhzProtocolFlag)",lib/subghz/receiver.h,supported
88.3,Function,+,subghz_receiver_set_rx_callback,0x2a5091ac,"void subghz_receiver_set_rx_callback(SubGhzReceiver*, SubGhzReceiverCallback, void*)",lib/subghz/receiver.h,supported
88.3,Function,+,subghz_setting_alloc,0x8f07d1ff,SubGhzSetting* subghz_setting_alloc(),lib/subghz/subghz_setting.h,supported
88.3,Function,+,subghz_setting_delete_custom_preset,0xd5564c53,"_Bool subghz_setting_delete_custom_preset(SubGhzSetting*, const char*)",lib/subghz/subghz_setting.h,supported
88.3,Function,+,subghz_setting_free,0xc648e496,void subghz_setting_free(SubGhzSetting*),lib/subghz/subghz_setting.h,supported
88.3,Function,+,subghz_setting_get_default_frequency,0xaa99e8c9,uint32_t subghz_setting_get_default_frequency(SubGhzSetting*),lib/subghz/subghz_setting.h,supported
88.3,Function,+,subghz_setting_get_frequency,0xb7a22125,"uint32_t subghz_setting_get_frequency(SubGhzSetting*, size_t)",lib/subghz/subghz_setting.h,supported
88.3,Function,+,subghz_setting_get_frequency_count,0xaffa14ed,size_t subghz_setting_get_frequency_count(SubGhzSetting*),lib/subghz/subghz_setting.h,supported
88.3,Function,+,subghz_setting_get_frequency_default_index,0xe1d208c0,uint32_t subghz_setting_get_frequency_default_index(SubGhzSetting*),lib/subghz/subghz_setting.h,supported
88.3,Function,+,subghz_setting_get_hopper_frequency,0x6aa6f432,"uint32_t subghz_setting_get_hopper_frequency(SubGhzSetting*, size_t)",lib/subghz/subghz_setting.h,supported
88.3,Function,+,subghz_setting_get_hopper_frequency_count,0xbec63dba,size_t subghz_setting_get_hopper_frequency_count(SubGhzSetting*),lib/subghz/subghz_setting.h,supported
88.3,Function,+,subghz_setting_get_inx_preset_by_name,0x85b3004e,"int subghz_setting_get_inx_preset_by_name(SubGhzSetting*, const char*)",lib/subghz/subghz_setting.h,supported
88.3,Function,+,subghz_setting_get_preset_count,0xac94b72e,size_t subghz_setting_get_preset_count(SubGhzSetting*),lib/subghz/subghz_setting.h,supported
88.3,Function,+,subghz_setting_get_preset_data,0x891c181f,"uint8_t* subghz_setting_get_preset_data(SubGhzSetting*, size_t)",lib/subghz/subghz_setting.h,supported
88.3,Function,+,subghz_setting_get_preset_data_by_name,0xf0345139,"uint8_t* subghz_setting_get_preset_data_by_name(SubGhzSetting*, const char*)",lib/subghz/subghz_setting.h,supported
88.3,Function,+,subghz_setting_get_preset_data_size,0xe5b2f9b9,"size_t subghz_setting_get_preset_data_size(SubGhzSetting*, size_t)",lib/subghz/subghz_setting.h,supported
88.3,Function,+,subghz_setting_get_preset_name,0x89219306,"const char* subghz_setting_get_preset_name(SubGhzSetting*, size_t)",lib/subghz/subghz_setting.h,supported
88.3,Function,+,subghz_setting_load,0xc64c2194,"void subghz_setting_load(SubGhzSetting*, const char*)",lib/subghz/subghz_setting.h,supported
88.3,Function,+,subghz_setting_load_custom_preset,0xf95f7860,"_Bool subghz_setting_load_custom_preset(SubGhzSetting*, const char*, FlipperFormat*)",lib/subghz/subghz_setting.h,supported
88.3,Function,+,subghz_transmitter_alloc_init,0xaa274271,"SubGhzTransmitter* subghz_transmitter_alloc_init(SubGhzEnvironment*, const char*)",lib/subghz/transmitter.h,supported
88.3,Function,+,subghz_transmitter_deserialize,0xf11bc8a4,"SubGhzProtocolStatus subghz_transmitter_deserialize(SubGhzTransmitter*, FlipperFormat*)",lib/subghz/transmitter.h,supported
88.3,Function,+,subghz_transmitter_free,0x0300bcd5,void subghz_transmitter_free(SubGhzTransmitter*),lib/subghz/transmitter.h,supported
88.3,Function,+,subghz_transmitter_get_protocol_instance,0xf53bb818,SubGhzProtocolEncoderBase* subghz_transmitter_get_protocol_instance(SubGhzTransmitter*),lib/subghz/transmitter.h,supported
88.3,Function,+,subghz_transmitter_stop,0x0307e799,_Bool subghz_transmitter_stop(SubGhzTransmitter*),lib/subghz/transmitter.h,supported
88.3,Function,+,subghz_transmitter_yield,0x646b3aea,LevelDuration subghz_transmitter_yield(void*),lib/subghz/transmitter.h,supported
88.3,Function,+,subghz_tx_rx_worker_alloc,0xe80ca64f,SubGhzTxRxWorker* subghz_tx_rx_worker_alloc(),lib/subghz/subghz_tx_rx_worker.h,supported
88.3,Function,+,subghz_tx_rx_worker_available,0xae31b305,size_t subghz_tx_rx_worker_available(SubGhzTxRxWorker*),lib/subghz/subghz_tx_rx_worker.h,supported
88.3,Function,+,subghz_tx_rx_worker_free,0x4cdc6ee6,void subghz_tx_rx_worker_free(SubGhzTxRxWorker*),lib/subghz/subghz_tx_rx_worker.h,supported
88.3,Function,+,subghz_tx_rx_worker_is_running,0x297ff840,_Bool subghz_tx_rx_worker_is_running(SubGhzTxRxWorker*),lib/subghz/subghz_tx_rx_worker.h,supported
88.3,Function,+,subghz_tx_rx_worker_read,0x4ce2cba0,"size_t subghz_tx_rx_worker_read(SubGhzTxRxWorker*, uint8_t*, size_t)",lib/subghz/subghz_tx_rx_worker.h,supported
88.3,Function,+,subghz_tx_rx_worker_set_callback_have_read,0x60bda0da,"void subghz_tx_rx_worker_set_callback_have_read(SubGhzTxRxWorker*, SubGhzTxRxWorkerCallbackHaveRead, void*)",lib/subghz/subghz_tx_rx_worker.h,supported
88.3,Function,+,subghz_tx_rx_worker_start,0xe9569412,"_Bool subghz_tx_rx_worker_start(SubGhzTxRxWorker*, const SubGhzDevice*, uint32_t)",lib/subghz/subghz_tx_rx_worker.h,supported
88.3,Function,+,subghz_tx_rx_worker_stop,0x4ce399aa,void subghz_tx_rx_worker_stop(SubGhzTxRxWorker*),lib/subghz/subghz_tx_rx_worker.h,supported
88.3,Function,+,subghz_tx_rx_worker_write,0xe99dff8f,"_Bool subghz_tx_rx_worker_write(SubGhzTxRxWorker*, uint8_t*, size_t)",lib/subghz/subghz_tx_rx_worker.h,supported
88.3,Function,+,subghz_worker_alloc,0x0fa010db,SubGhzWorker* subghz_worker_alloc(),lib/subghz/subghz_worker.h,supported
88.3,Function,+,subghz_worker_free,0xab26b7f2,void subghz_worker_free(SubGhzWorker*),lib/subghz/subghz_worker.h,supported
88.3,Function,+,subghz_worker_is_running,0x8e57da4c,_Bool subghz_worker_is_running(SubGhzWorker*),lib/subghz/subghz_worker.h,supported
88.3,Function,+,subghz_worker_rx_callback,0x3d8f9026,"void subghz_worker_rx_callback(_Bool, uint32_t, void*)",lib/subghz/subghz_worker.h,supported
88.3,Function,+,subghz_worker_set_context,0xf4738880,"void subghz_worker_set_context(SubGhzWorker*, void*)",lib/subghz/subghz_worker.h,supported
88.3,Function,+,subghz_worker_set_filter,0xdf6e84a1,"void subghz_worker_set_filter(SubGhzWorker*, uint16_t)",lib/subghz/subghz_worker.h,supported
88.3,Function,+,subghz_worker_set_overrun_callback,0x37e825d8,"void subghz_worker_set_overrun_callback(SubGhzWorker*, SubGhzWorkerOverrunCallback)",lib/subghz/subghz_worker.h,supported
88.3,Function,+,subghz_worker_set_pair_callback,0x949adeb3,"void subghz_worker_set_pair_callback(SubGhzWorker*, SubGhzWorkerPairCallback)",lib/subghz/subghz_worker.h,supported
88.3,Function,+,subghz_worker_start,0x10e9fe9e,void subghz_worker_start(SubGhzWorker*),lib/subghz/subghz_worker.h,supported
88.3,Function,+,subghz_worker_stop,0xab2de2b6,void subghz_worker_stop(SubGhzWorker*),lib/subghz/subghz_worker.h,supported
88.3,Function,+,submenu_add_item,0x8b21ae9a,"void submenu_add_item(Submenu*, const char*, uint32_t, SubmenuItemCallback, void*)",applications/services/gui/modules/submenu.h,supported
88.3,Function,+,submenu_add_item_ex,0x234101f6,"void submenu_add_item_ex(Submenu*, const char*, uint32_t, SubmenuItemCallbackEx, void*)",applications/services/gui/modules/submenu.h,supported
88.3,Function,+,submenu_alloc,0xc655b74e,Submenu* submenu_alloc(),applications/services/gui/modules/submenu.h,supported
88.3,Function,+,submenu_change_item_label,0x1fba7776,"void submenu_change_item_label(Submenu*, uint32_t, const char*)",applications/services/gui/modules/submenu.h,supported
88.3,Function,+,submenu_free,0xcfb7dc05,void submenu_free(Submenu*),applications/services/gui/modules/submenu.h,supported
88.3,Function,+,submenu_get_selected_item,0x189502d9,uint32_t submenu_get_selected_item(Submenu*),applications/services/gui/modules/submenu.h,supported
88.3,Function,+,submenu_get_view,0x870064dd,View* submenu_get_view(Submenu*),applications/services/gui/modules/submenu.h,supported
88.3,Function,+,submenu_reset,0xc7859dc6,void submenu_reset(Submenu*),applications/services/gui/modules/submenu.h,supported
88.3,Function,+,submenu_set_header,0x5838cdf7,"void submenu_set_header(Submenu*, const char*)",applications/services/gui/modules/submenu.h,supported
88.3,Function,+,submenu_set_selected_item,0xfacb9ae5,"void submenu_set_selected_item(Submenu*, uint32_t)",applications/services/gui/modules/submenu.h,supported
88.3,Function,-,system,0x1ceee48a,int system(const char*),applications/services/expansion/expansion.h;applications/services/gui/modules/loading.h;applications/services/storage/storage.h;lib/libusb_stm32/inc/hid_usage_desktop.h;lib/libusb_stm32/inc/hid_usage_power.h;lib/libusb_stm32/inc/hid_usage_simulation.h;lib/libusb_stm32/inc/usb_hid.h;lib/mlib/m-core.h;lib/nanopb/pb.h;lib/nfc/nfc.h;lib/nfc/protocols/felica/felica.h;lib/nfc/protocols/iso15693_3/iso15693_3_poller.h;lib/nfc/protocols/slix/slix_poller.h;lib/stm32wb_hal/Inc/stm32wbxx_ll_adc.h;lib/stm32wb_hal/Inc/stm32wbxx_ll_cortex.h;lib/stm32wb_hal/Inc/stm32wbxx_ll_pwr.h;lib/stm32wb_hal/Inc/stm32wbxx_ll_rcc.h;lib/stm32wb_hal/Inc/stm32wbxx_ll_system.h;lib/stm32wb_hal/Inc/stm32wbxx_ll_tim.h;lib/stm32wb_hal/Inc/stm32wbxx_ll_utils.h;targets/f7/ble_glue/furi_ble/event_dispatcher.h;targets/f7/furi_hal/furi_hal_flash.h;targets/f7/furi_hal/furi_hal_i2c_types.h;targets/f7/furi_hal/furi_hal_rtc.h;targets/f7/furi_hal/furi_hal_spi_types.h;targets/furi_hal_include/furi_hal.h;targets/furi_hal_include/furi_hal_bt.h;targets/furi_hal_include/furi_hal_infrared.h;targets/furi_hal_include/furi_hal_power.h,disabled
88.3,Function,+,t5577_write,0x7f8aed1b,void t5577_write(LFRFIDT5577*),@sdk/toolchain-or-transitive-runtime,supported
88.3,Function,+,t5577_write_with_mask,0x40538fc1,"void t5577_write_with_mask(LFRFIDT5577*, uint8_t, _Bool, uint32_t)",@sdk/toolchain-or-transitive-runtime,supported
88.3,Function,+,t5577_write_with_pass,0x405534ec,"void t5577_write_with_pass(LFRFIDT5577*, uint32_t)",@sdk/toolchain-or-transitive-runtime,supported
88.3,Function,-,tan,0x0b88ad48,double tan(double),@sdk/toolchain-or-transitive-runtime,disabled
88.3,Function,-,tanf,0x7c9e56ae,float tanf(float),@sdk/toolchain-or-transitive-runtime,disabled
88.3,Function,-,tanh,0x7c9e56b0,double tanh(double),@sdk/toolchain-or-transitive-runtime,disabled
88.3,Function,-,tanhf,0x10692d16,float tanhf(float),@sdk/toolchain-or-transitive-runtime,disabled
88.3,Function,-,tanhl,0x10692d1c,long double tanhl(long double),@sdk/toolchain-or-transitive-runtime,disabled
88.3,Function,-,tanl,0x7c9e56b4,long double tanl(long double),@sdk/toolchain-or-transitive-runtime,disabled
88.3,Function,+,tar_archive_add_dir,0x9bbbc773,"_Bool tar_archive_add_dir(TarArchive*, const char*, const char*)",lib/toolbox/tar/tar_archive.h,supported
88.3,Function,+,tar_archive_add_file,0x1335ce34,"_Bool tar_archive_add_file(TarArchive*, const char*, const char*, const int32_t)",lib/toolbox/tar/tar_archive.h,supported
88.3,Function,+,tar_archive_alloc,0x5c138297,TarArchive* tar_archive_alloc(Storage*),lib/toolbox/tar/tar_archive.h,supported
88.3,Function,+,tar_archive_dir_add_element,0xab209d7c,"_Bool tar_archive_dir_add_element(TarArchive*, const char*)",lib/toolbox/tar/tar_archive.h,supported
88.3,Function,+,tar_archive_file_add_data_block,0x9ea00017,"_Bool tar_archive_file_add_data_block(TarArchive*, const uint8_t*, const int32_t)",lib/toolbox/tar/tar_archive.h,supported
88.3,Function,+,tar_archive_file_add_header,0xea60d1bc,"_Bool tar_archive_file_add_header(TarArchive*, const char*, const int32_t)",lib/toolbox/tar/tar_archive.h,supported
88.3,Function,+,tar_archive_file_finalize,0x620f543d,_Bool tar_archive_file_finalize(TarArchive*),lib/toolbox/tar/tar_archive.h,supported
88.3,Function,+,tar_archive_finalize,0x48dd39be,_Bool tar_archive_finalize(TarArchive*),lib/toolbox/tar/tar_archive.h,supported
88.3,Function,+,tar_archive_free,0x21d4e22e,void tar_archive_free(TarArchive*),lib/toolbox/tar/tar_archive.h,supported
88.3,Function,+,tar_archive_get_entries_count,0xfea035ad,int32_t tar_archive_get_entries_count(TarArchive*),lib/toolbox/tar/tar_archive.h,supported
88.3,Function,+,tar_archive_get_mode_for_path,0x77bd7e22,TarOpenMode tar_archive_get_mode_for_path(const char*),lib/toolbox/tar/tar_archive.h,supported
88.3,Function,+,tar_archive_get_read_progress,0xa209d1db,"_Bool tar_archive_get_read_progress(TarArchive*, int32_t*, int32_t*)",lib/toolbox/tar/tar_archive.h,supported
88.3,Function,+,tar_archive_open,0x21d9c91e,"_Bool tar_archive_open(TarArchive*, const char*, TarOpenMode)",lib/toolbox/tar/tar_archive.h,supported
88.3,Function,+,tar_archive_set_file_callback,0x2bfc1783,"void tar_archive_set_file_callback(TarArchive*, tar_unpack_file_cb, void*)",lib/toolbox/tar/tar_archive.h,supported
88.3,Function,+,tar_archive_store_data,0x22bf9532,"_Bool tar_archive_store_data(TarArchive*, const char*, const uint8_t*, const int32_t)",lib/toolbox/tar/tar_archive.h,supported
88.3,Function,+,tar_archive_unpack_file,0xb2fb11ad,"_Bool tar_archive_unpack_file(TarArchive*, const char*, const char*)",lib/toolbox/tar/tar_archive.h,supported
88.3,Function,+,tar_archive_unpack_to,0x6e6a7e30,"_Bool tar_archive_unpack_to(TarArchive*, const char*, TarArchiveNameConverter)",lib/toolbox/tar/tar_archive.h,supported
88.3,Function,-,tempnam,0xd8afe697,"char* tempnam(const char*, const char*)",@sdk/toolchain-or-transitive-runtime,disabled
88.3,Function,+,text_box_alloc,0x182e12dc,TextBox* text_box_alloc(),applications/services/gui/modules/text_box.h,supported
88.3,Function,+,text_box_free,0x370bfdd3,void text_box_free(TextBox*),applications/services/gui/modules/text_box.h,supported
88.3,Function,+,text_box_get_view,0xdc0cbdab,View* text_box_get_view(TextBox*),applications/services/gui/modules/text_box.h,supported
88.3,Function,+,text_box_reset,0x195df954,void text_box_reset(TextBox*),applications/services/gui/modules/text_box.h,supported
88.3,Function,+,text_box_set_focus,0xd25b78fc,"void text_box_set_focus(TextBox*, TextBoxFocus)",applications/services/gui/modules/text_box.h,supported
88.3,Function,+,text_box_set_font,0xef1a0cd3,"void text_box_set_font(TextBox*, TextBoxFont)",applications/services/gui/modules/text_box.h,supported
88.3,Function,+,text_box_set_text,0xef2190e1,"void text_box_set_text(TextBox*, const char*)",applications/services/gui/modules/text_box.h,supported
88.3,Function,+,text_input_alloc,0xbeb85543,TextInput* text_input_alloc(),applications/services/gui/modules/text_input.h,supported
88.3,Function,+,text_input_free,0x2c940f5a,void text_input_free(TextInput*),applications/services/gui/modules/text_input.h,supported
88.3,Function,+,text_input_get_validator_callback,0xb686d029,TextInputValidatorCallback text_input_get_validator_callback(TextInput*),applications/services/gui/modules/text_input.h,supported
88.3,Function,+,text_input_get_validator_callback_context,0x1c6ce60d,void* text_input_get_validator_callback_context(TextInput*),applications/services/gui/modules/text_input.h,supported
88.3,Function,+,text_input_get_view,0x92c03ab2,View* text_input_get_view(TextInput*),applications/services/gui/modules/text_input.h,supported
88.3,Function,+,text_input_reset,0xbfe83bbb,void text_input_reset(TextInput*),applications/services/gui/modules/text_input.h,supported
88.3,Function,+,text_input_set_header_text,0x8ba7e5f0,"void text_input_set_header_text(TextInput*, const char*)",applications/services/gui/modules/text_input.h,supported
88.3,Function,+,text_input_set_minimum_length,0x611d38e0,"void text_input_set_minimum_length(TextInput*, size_t)",applications/services/gui/modules/text_input.h,supported
88.3,Function,+,text_input_set_result_callback,0x2aaa426e,"void text_input_set_result_callback(TextInput*, TextInputCallback, void*, char*, size_t, _Bool)",applications/services/gui/modules/text_input.h,supported
88.3,Function,+,text_input_set_validator,0x8d08b4c9,"void text_input_set_validator(TextInput*, TextInputValidatorCallback, void*)",applications/services/gui/modules/text_input.h,supported
88.3,Function,-,tgamma,0x1df4587c,double tgamma(double),@sdk/toolchain-or-transitive-runtime,disabled
88.3,Function,-,tgammaf,0xdc7f6862,float tgammaf(float),@sdk/toolchain-or-transitive-runtime,disabled
88.3,Function,-,tgammal,0xdc7f6868,long double tgammal(long double),@sdk/toolchain-or-transitive-runtime,disabled
88.3,Function,-,timingsafe_bcmp,0x274d618d,"int timingsafe_bcmp(const void*, const void*, size_t)",@sdk/toolchain-or-transitive-runtime,disabled
88.3,Function,-,timingsafe_memcmp,0x49f8bfea,"int timingsafe_memcmp(const void*, const void*, size_t)",@sdk/toolchain-or-transitive-runtime,disabled
88.3,Function,-,tmpfile,0xeb89e576,FILE* tmpfile(),@sdk/toolchain-or-transitive-runtime,disabled
88.3,Function,-,tmpnam,0x1e6927f2,char* tmpnam(char*),@sdk/toolchain-or-transitive-runtime,disabled
88.3,Function,-,toascii,0xef2bce31,int toascii(int),@sdk/toolchain-or-transitive-runtime,disabled
88.3,Function,-,toascii_l,0x69582b1c,"int toascii_l(int, locale_t)",@sdk/toolchain-or-transitive-runtime,disabled
88.3,Function,-,tolower,0xeff0fed1,int tolower(int),@sdk/toolchain-or-transitive-runtime,disabled
88.3,Function,-,tolower_l,0xb02c03bc,"int tolower_l(int, locale_t)",@sdk/toolchain-or-transitive-runtime,disabled
88.3,Function,-,toupper,0xf09449f4,int toupper(int),@sdk/toolchain-or-transitive-runtime,disabled
88.3,Function,-,toupper_l,0x66cea39f,"int toupper_l(int, locale_t)",@sdk/toolchain-or-transitive-runtime,disabled
88.3,Function,-,trunc,0x10729e11,double trunc(double),@sdk/toolchain-or-transitive-runtime,disabled
88.3,Function,-,truncf,0x1ec66097,float truncf(float),@sdk/toolchain-or-transitive-runtime,disabled
88.3,Function,-,truncl,0x1ec6609d,long double truncl(long double),@sdk/toolchain-or-transitive-runtime,disabled
88.3,Function,+,uint8_to_hex_chars,0x13b426d3,"void uint8_to_hex_chars(const uint8_t*, uint8_t*, int)",lib/toolbox/hex.h,supported
88.3,Function,-,ungetc,0x20cb55cb,"int ungetc(int, FILE*)",lib/mlib/m-array.h;lib/mlib/m-bptree.h;lib/mlib/m-core.h;lib/mlib/m-deque.h;lib/mlib/m-dict.h;lib/mlib/m-list.h;lib/mlib/m-rbtree.h,disabled
88.3,Function,-,unsetenv,0x9cf5f33d,int unsetenv(const char*),@sdk/toolchain-or-transitive-runtime,disabled
88.3,Function,-,usbd_poll,0xb8945ac9,void usbd_poll(usbd_device*),lib/libusb_stm32/inc/usbd_core.h,disabled
88.3,Function,-,utoa,0x7c9f33fe,"char* utoa(unsigned, char*, int)",@sdk/toolchain-or-transitive-runtime,disabled
88.3,Function,+,validator_is_file_alloc_init,0x4d9f1502,"ValidatorIsFile* validator_is_file_alloc_init(const char*, const char*, const char*)",applications/services/gui/modules/validators.h,supported
88.3,Function,+,validator_is_file_callback,0x8b43c111,"_Bool validator_is_file_callback(const char*, FuriString*, void*)",applications/services/gui/modules/validators.h,supported
88.3,Function,+,validator_is_file_free,0x93b636a6,void validator_is_file_free(ValidatorIsFile*),applications/services/gui/modules/validators.h,supported
88.3,Function,+,value_index_bool,0xcc674984,"size_t value_index_bool(const _Bool, const _Bool[], size_t)",lib/toolbox/value_index.h,supported
88.3,Function,+,value_index_float,0x599735ee,"size_t value_index_float(const float, const float[], size_t)",lib/toolbox/value_index.h,supported
88.3,Function,+,value_index_int32,0x59cea748,"size_t value_index_int32(const int32_t, const int32_t[], size_t)",lib/toolbox/value_index.h,supported
88.3,Function,+,value_index_uint32,0xaf44c7dd,"size_t value_index_uint32(const uint32_t, const uint32_t[], size_t)",lib/toolbox/value_index.h,supported
88.3,Function,+,variable_item_get_context,0x6e8609dc,void* variable_item_get_context(VariableItem*),applications/services/gui/modules/variable_item_list.h,supported
88.3,Function,+,variable_item_get_current_value_index,0xf927c5ad,uint8_t variable_item_get_current_value_index(VariableItem*),applications/services/gui/modules/variable_item_list.h,supported
88.3,Function,+,variable_item_list_add,0xef3e3f1c,"VariableItem* variable_item_list_add(VariableItemList*, const char*, uint8_t, VariableItemChangeCallback, void*)",applications/services/gui/modules/variable_item_list.h,supported
88.3,Function,+,variable_item_list_alloc,0xb7cf09de,VariableItemList* variable_item_list_alloc(),applications/services/gui/modules/variable_item_list.h,supported
88.3,Function,+,variable_item_list_free,0xd7091c95,void variable_item_list_free(VariableItemList*),applications/services/gui/modules/variable_item_list.h,supported
88.3,Function,+,variable_item_list_get_selected_item_index,0x83838160,uint8_t variable_item_list_get_selected_item_index(VariableItemList*),applications/services/gui/modules/variable_item_list.h,supported
88.3,Function,+,variable_item_list_get_view,0x5f1f6d6d,View* variable_item_list_get_view(VariableItemList*),applications/services/gui/modules/variable_item_list.h,supported
88.3,Function,+,variable_item_list_reset,0xb8fef056,void variable_item_list_reset(VariableItemList*),applications/services/gui/modules/variable_item_list.h,supported
88.3,Function,+,variable_item_list_set_enter_callback,0x2ad352a8,"void variable_item_list_set_enter_callback(VariableItemList*, VariableItemListEnterCallback, void*)",applications/services/gui/modules/variable_item_list.h,supported
88.3,Function,+,variable_item_list_set_selected_item,0x00454575,"void variable_item_list_set_selected_item(VariableItemList*, uint8_t)",applications/services/gui/modules/variable_item_list.h,supported
88.3,Function,+,variable_item_set_current_value_index,0x5bab36b9,"void variable_item_set_current_value_index(VariableItem*, uint8_t)",applications/services/gui/modules/variable_item_list.h,supported
88.3,Function,+,variable_item_set_current_value_text,0x1a12d6a6,"void variable_item_set_current_value_text(VariableItem*, const char*)",applications/services/gui/modules/variable_item_list.h,supported
88.3,Function,+,variable_item_set_item_label,0xdbd55fd1,"void variable_item_set_item_label(VariableItem*, const char*)",applications/services/gui/modules/variable_item_list.h,supported
88.3,Function,+,variable_item_set_values_count,0x1d24809b,"void variable_item_set_values_count(VariableItem*, uint8_t)",applications/services/gui/modules/variable_item_list.h,supported
88.3,Function,+,varint_int32_length,0xefc56249,size_t varint_int32_length(int32_t),lib/toolbox/varint.h,supported
88.3,Function,+,varint_int32_pack,0x268bd2c6,"size_t varint_int32_pack(int32_t, uint8_t*)",lib/toolbox/varint.h,supported
88.3,Function,+,varint_int32_unpack,0x0567a989,"size_t varint_int32_unpack(int32_t*, const uint8_t*, size_t)",lib/toolbox/varint.h,supported
88.3,Function,+,varint_uint32_length,0xa691b53e,size_t varint_uint32_length(uint32_t),lib/toolbox/varint.h,supported
88.3,Function,+,varint_uint32_pack,0x48cce47b,"size_t varint_uint32_pack(uint32_t, uint8_t*)",lib/toolbox/varint.h,supported
88.3,Function,+,varint_uint32_unpack,0xbc33fc7e,"size_t varint_uint32_unpack(uint32_t*, const uint8_t*, size_t)",lib/toolbox/varint.h,supported
88.3,Function,-,vasiprintf,0xf775490b,"int vasiprintf(char**, const char*, __gnuc_va_list)",@sdk/toolchain-or-transitive-runtime,disabled
88.3,Function,-,vasniprintf,0x64859f99,"char* vasniprintf(char*, size_t*, const char*, __gnuc_va_list)",@sdk/toolchain-or-transitive-runtime,disabled
88.3,Function,-,vasnprintf,0x785878d0,"char* vasnprintf(char*, size_t*, const char*, __gnuc_va_list)",@sdk/toolchain-or-transitive-runtime,disabled
88.3,Function,-,vasprintf,0xca5fbc02,"int vasprintf(char**, const char*, __gnuc_va_list)",@sdk/toolchain-or-transitive-runtime,disabled
88.3,Function,-,vdiprintf,0x8d5edb1b,"int vdiprintf(int, const char*, __gnuc_va_list)",@sdk/toolchain-or-transitive-runtime,disabled
88.3,Function,-,vdprintf,0x81574c12,"int vdprintf(int, const char*, __gnuc_va_list)",@sdk/toolchain-or-transitive-runtime,disabled
88.3,Function,+,version_get,0x9ad9756a,const Version* version_get(),lib/toolbox/version.h,supported
88.3,Function,+,version_get_builddate,0xfcd24db7,const char* version_get_builddate(const Version*),lib/toolbox/version.h,supported
88.3,Function,+,version_get_dirty_flag,0x1022b32e,_Bool version_get_dirty_flag(const Version*),lib/toolbox/version.h,supported
88.3,Function,+,version_get_firmware_origin,0xda626c4d,const char* version_get_firmware_origin(const Version*),lib/toolbox/version.h,supported
88.3,Function,+,version_get_git_origin,0x8e44e0b4,const char* version_get_git_origin(const Version*),lib/toolbox/version.h,supported
88.3,Function,+,version_get_gitbranch,0x6893753b,const char* version_get_gitbranch(const Version*),lib/toolbox/version.h,supported
88.3,Function,+,version_get_gitbranchnum,0x43fd92cb,const char* version_get_gitbranchnum(const Version*),lib/toolbox/version.h,supported
88.3,Function,+,version_get_githash,0x217d2851,const char* version_get_githash(const Version*),lib/toolbox/version.h,supported
88.3,Function,+,version_get_target,0x5cd47e70,uint8_t version_get_target(const Version*),lib/toolbox/version.h,supported
88.3,Function,+,version_get_version,0x9ab40dcf,const char* version_get_version(const Version*),lib/toolbox/version.h,supported
88.3,Function,-,vfiprintf,0x65e284dd,"int vfiprintf(FILE*, const char*, __gnuc_va_list)",@sdk/toolchain-or-transitive-runtime,disabled
88.3,Function,-,vfiscanf,0x0b063f55,"int vfiscanf(FILE*, const char*, __gnuc_va_list)",@sdk/toolchain-or-transitive-runtime,disabled
88.3,Function,-,vfprintf,0x1b4bc594,"int vfprintf(FILE*, const char*, __gnuc_va_list)",@sdk/toolchain-or-transitive-runtime,disabled
88.3,Function,-,vfscanf,0x755ec52c,"int vfscanf(FILE*, const char*, __gnuc_va_list)",@sdk/toolchain-or-transitive-runtime,disabled
88.3,Function,+,view_alloc,0xbc94c80a,View* view_alloc(),@sdk/toolchain-or-transitive-runtime,supported
88.3,Function,+,view_allocate_model,0x0221ca54,"void view_allocate_model(View*, ViewModelType, size_t)",@sdk/toolchain-or-transitive-runtime,supported
88.3,Function,+,view_commit_model,0x54803eb8,"void view_commit_model(View*, _Bool)",@sdk/toolchain-or-transitive-runtime,supported
88.3,Function,+,view_dispatcher_add_view,0x0922fe88,"void view_dispatcher_add_view(ViewDispatcher*, uint32_t, View*)",applications/services/gui/view_dispatcher.h,supported
88.3,Function,+,view_dispatcher_alloc,0xbc4d1c50,ViewDispatcher* view_dispatcher_alloc(),applications/services/gui/view_dispatcher.h,supported
88.3,Function,+,view_dispatcher_alloc_ex,0x84b51bec,ViewDispatcher* view_dispatcher_alloc_ex(FuriEventLoop*),applications/services/gui/view_dispatcher.h,supported
88.3,Function,+,view_dispatcher_attach_to_gui,0xd8b8ff20,"void view_dispatcher_attach_to_gui(ViewDispatcher*, Gui*, ViewDispatcherType)",applications/services/gui/view_dispatcher.h,supported
88.3,Function,+,view_dispatcher_check_id,0x1826f3af,"_Bool view_dispatcher_check_id(ViewDispatcher*, uint32_t)",applications/services/gui/view_dispatcher.h,supported
88.3,Function,+,view_dispatcher_enable_queue,0x962c4710,void view_dispatcher_enable_queue(ViewDispatcher*),applications/services/gui/view_dispatcher.h,supported
88.3,Function,+,view_dispatcher_free,0xfdf5a8c7,void view_dispatcher_free(ViewDispatcher*),applications/services/gui/view_dispatcher.h,supported
88.3,Function,+,view_dispatcher_get_event_loop,0xd04c959f,FuriEventLoop* view_dispatcher_get_event_loop(ViewDispatcher*),applications/services/gui/view_dispatcher.h,supported
88.3,Function,+,view_dispatcher_remove_view,0x4b64bd4d,"void view_dispatcher_remove_view(ViewDispatcher*, uint32_t)",applications/services/gui/view_dispatcher.h,supported
88.3,Function,+,view_dispatcher_run,0x83d1579a,void view_dispatcher_run(ViewDispatcher*),applications/services/gui/view_dispatcher.h,supported
88.3,Function,+,view_dispatcher_send_custom_event,0xdc6ddfaa,"void view_dispatcher_send_custom_event(ViewDispatcher*, uint32_t)",applications/services/gui/view_dispatcher.h,supported
88.3,Function,+,view_dispatcher_send_to_back,0x580f5621,void view_dispatcher_send_to_back(ViewDispatcher*),applications/services/gui/view_dispatcher.h,supported
88.3,Function,+,view_dispatcher_send_to_front,0x5a4c0299,void view_dispatcher_send_to_front(ViewDispatcher*),applications/services/gui/view_dispatcher.h,supported
88.3,Function,+,view_dispatcher_set_custom_event_callback,0xa4287b78,"void view_dispatcher_set_custom_event_callback(ViewDispatcher*, ViewDispatcherCustomEventCallback)",applications/services/gui/view_dispatcher.h,supported
88.3,Function,+,view_dispatcher_set_event_callback_context,0x2b03fe22,"void view_dispatcher_set_event_callback_context(ViewDispatcher*, void*)",applications/services/gui/view_dispatcher.h,supported
88.3,Function,+,view_dispatcher_set_navigation_event_callback,0xd91f014d,"void view_dispatcher_set_navigation_event_callback(ViewDispatcher*, ViewDispatcherNavigationEventCallback)",applications/services/gui/view_dispatcher.h,supported
88.3,Function,+,view_dispatcher_set_tick_event_callback,0x6c93a048,"void view_dispatcher_set_tick_event_callback(ViewDispatcher*, ViewDispatcherTickEventCallback, uint32_t)",applications/services/gui/view_dispatcher.h,supported
88.3,Function,+,view_dispatcher_stop,0xfdfcd38b,void view_dispatcher_stop(ViewDispatcher*),applications/services/gui/view_dispatcher.h,supported
88.3,Function,+,view_dispatcher_switch_to_view,0xd3ee8433,"void view_dispatcher_switch_to_view(ViewDispatcher*, uint32_t)",applications/services/gui/view_dispatcher.h,supported
88.3,Function,+,view_free,0x05b9c541,void view_free(View*),@sdk/toolchain-or-transitive-runtime,supported
88.3,Function,+,view_free_model,0xae500991,void view_free_model(View*),@sdk/toolchain-or-transitive-runtime,supported
88.3,Function,+,view_get_model,0x92fe76cf,void* view_get_model(View*),@sdk/toolchain-or-transitive-runtime,supported
88.3,Function,+,view_holder_alloc,0xe1001287,ViewHolder* view_holder_alloc(),applications/services/gui/view_holder.h,supported
88.3,Function,+,view_holder_attach_to_gui,0x2abe3c57,"void view_holder_attach_to_gui(ViewHolder*, Gui*)",applications/services/gui/view_holder.h,supported
88.3,Function,+,view_holder_free,0x9277341e,void view_holder_free(ViewHolder*),applications/services/gui/view_holder.h,supported
88.3,Function,+,view_holder_get_free_context,0xe3d1cb81,void* view_holder_get_free_context(ViewHolder*),applications/services/gui/view_holder.h,supported
88.3,Function,+,view_holder_send_to_back,0x05364878,void view_holder_send_to_back(ViewHolder*),applications/services/gui/view_holder.h,supported
88.3,Function,+,view_holder_send_to_front,0xac513fd0,void view_holder_send_to_front(ViewHolder*),applications/services/gui/view_holder.h,supported
88.3,Function,+,view_holder_set_back_callback,0x953605e4,"void view_holder_set_back_callback(ViewHolder*, BackCallback, void*)",applications/services/gui/view_holder.h,supported
88.3,Function,+,view_holder_set_free_callback,0x05556315,"void view_holder_set_free_callback(ViewHolder*, FreeCallback, void*)",applications/services/gui/view_holder.h,supported
88.3,Function,+,view_holder_set_view,0xde861c02,"void view_holder_set_view(ViewHolder*, View*)",applications/services/gui/view_holder.h,supported
88.3,Function,+,view_holder_update,0x2fed55ff,"void view_holder_update(View*, void*)",applications/services/gui/view_holder.h,supported
88.3,Function,+,view_port_alloc,0xfa6b18ae,ViewPort* view_port_alloc(),@sdk/toolchain-or-transitive-runtime,supported
88.3,Function,+,view_port_draw_callback_set,0x42943d48,"void view_port_draw_callback_set(ViewPort*, ViewPortDrawCallback, void*)",@sdk/toolchain-or-transitive-runtime,supported
88.3,Function,+,view_port_enabled_set,0x6af67b59,"void view_port_enabled_set(ViewPort*, _Bool)",@sdk/toolchain-or-transitive-runtime,supported
88.3,Function,+,view_port_free,0x7bf69165,void view_port_free(ViewPort*),@sdk/toolchain-or-transitive-runtime,supported
88.3,Function,+,view_port_get_height,0x5547adfb,uint8_t view_port_get_height(const ViewPort*),@sdk/toolchain-or-transitive-runtime,supported
88.3,Function,+,view_port_get_orientation,0x66236b4e,ViewPortOrientation view_port_get_orientation(const ViewPort*),@sdk/toolchain-or-transitive-runtime,supported
88.3,Function,+,view_port_get_width,0x7fc62622,uint8_t view_port_get_width(const ViewPort*),@sdk/toolchain-or-transitive-runtime,supported
88.3,Function,+,view_port_input_callback_set,0x73b3d3aa,"void view_port_input_callback_set(ViewPort*, ViewPortInputCallback, void*)",@sdk/toolchain-or-transitive-runtime,supported
88.3,Function,+,view_port_is_enabled,0x3654c449,_Bool view_port_is_enabled(const ViewPort*),@sdk/toolchain-or-transitive-runtime,supported
88.3,Function,+,view_port_set_height,0x85c67b87,"void view_port_set_height(ViewPort*, uint8_t)",@sdk/toolchain-or-transitive-runtime,supported
88.3,Function,+,view_port_set_orientation,0x0d7c905a,"void view_port_set_orientation(ViewPort*, ViewPortOrientation)",@sdk/toolchain-or-transitive-runtime,supported
88.3,Function,+,view_port_set_width,0xf59b722e,"void view_port_set_width(ViewPort*, uint8_t)",@sdk/toolchain-or-transitive-runtime,supported
88.3,Function,+,view_port_update,0x76b92106,void view_port_update(ViewPort*),@sdk/toolchain-or-transitive-runtime,supported
88.3,Function,+,view_set_context,0x8bc6a6ef,"void view_set_context(View*, void*)",@sdk/toolchain-or-transitive-runtime,supported
88.3,Function,+,view_set_custom_callback,0x5a997bb1,"void view_set_custom_callback(View*, ViewCustomCallback)",@sdk/toolchain-or-transitive-runtime,supported
88.3,Function,+,view_set_draw_callback,0x42d0c164,"void view_set_draw_callback(View*, ViewDrawCallback)",@sdk/toolchain-or-transitive-runtime,supported
88.3,Function,+,view_set_enter_callback,0xe187b854,"void view_set_enter_callback(View*, ViewCallback)",@sdk/toolchain-or-transitive-runtime,supported
88.3,Function,+,view_set_exit_callback,0xd6a9f1d0,"void view_set_exit_callback(View*, ViewCallback)",@sdk/toolchain-or-transitive-runtime,supported
88.3,Function,+,view_set_input_callback,0x689b9fa6,"void view_set_input_callback(View*, ViewInputCallback)",@sdk/toolchain-or-transitive-runtime,supported
88.3,Function,+,view_set_orientation,0xa41e22b6,"void view_set_orientation(View*, ViewOrientation)",@sdk/toolchain-or-transitive-runtime,supported
88.3,Function,+,view_set_previous_callback,0x0e4dce53,"void view_set_previous_callback(View*, ViewNavigationCallback)",@sdk/toolchain-or-transitive-runtime,supported
88.3,Function,+,view_set_update_callback,0xdf379799,"void view_set_update_callback(View*, ViewUpdateCallback)",@sdk/toolchain-or-transitive-runtime,supported
88.3,Function,+,view_set_update_callback_context,0xa7661d7d,"void view_set_update_callback_context(View*, void*)",@sdk/toolchain-or-transitive-runtime,supported
88.3,Function,+,view_stack_add_view,0xb8ff9f17,"void view_stack_add_view(ViewStack*, View*)",applications/services/gui/view_stack.h,supported
88.3,Function,+,view_stack_alloc,0x15bfef3f,ViewStack* view_stack_alloc(),applications/services/gui/view_stack.h,supported
88.3,Function,+,view_stack_free,0x9bd259d6,void view_stack_free(ViewStack*),applications/services/gui/view_stack.h,supported
88.3,Function,+,view_stack_get_view,0xb4d7632e,View* view_stack_get_view(ViewStack*),applications/services/gui/view_stack.h,supported
88.3,Function,+,view_stack_remove_view,0x95cbc77c,"void view_stack_remove_view(ViewStack*, View*)",applications/services/gui/view_stack.h,supported
88.3,Function,+,view_tie_icon_animation,0xcfc37a68,"void view_tie_icon_animation(View*, IconAnimation*)",@sdk/toolchain-or-transitive-runtime,supported
88.3,Function,-,viprintf,0x023a7bd7,"int viprintf(const char*, __gnuc_va_list)",@sdk/toolchain-or-transitive-runtime,disabled
88.3,Function,-,viscanf,0x7c5e3f0f,"int viscanf(const char*, __gnuc_va_list)",@sdk/toolchain-or-transitive-runtime,disabled
88.3,Function,-,vprintf,0x8ca3c54e,"int vprintf(const char*, __gnuc_va_list)",@sdk/toolchain-or-transitive-runtime,disabled
88.3,Function,-,vscanf,0x2378b5a6,"int vscanf(const char*, __gnuc_va_list)",@sdk/toolchain-or-transitive-runtime,disabled
88.3,Function,-,vsiprintf,0x653a544a,"int vsiprintf(char*, const char*, __gnuc_va_list)",@sdk/toolchain-or-transitive-runtime,disabled
88.3,Function,-,vsiscanf,0xf3bb5522,"int vsiscanf(const char*, const char*, __gnuc_va_list)",@sdk/toolchain-or-transitive-runtime,disabled
88.3,Function,-,vsniprintf,0x8aec12b8,"int vsniprintf(char*, size_t, const char*, __gnuc_va_list)",@sdk/toolchain-or-transitive-runtime,disabled
88.3,Function,-,vsnprintf,0xe61d840f,"int vsnprintf(char*, size_t, const char*, __gnuc_va_list)",lib/mlib/m-core.h,disabled
88.3,Function,-,vsprintf,0x0400db61,"int vsprintf(char*, const char*, __gnuc_va_list)",@sdk/toolchain-or-transitive-runtime,disabled
88.3,Function,-,vsscanf,0x93b1d559,"int vsscanf(const char*, const char*, __gnuc_va_list)",@sdk/toolchain-or-transitive-runtime,disabled
88.3,Function,-,wcstombs,0x27c5d2d7,"size_t wcstombs(char*, const wchar_t*, size_t)",@sdk/toolchain-or-transitive-runtime,disabled
88.3,Function,-,wctomb,0x24b5e411,"int wctomb(char*, wchar_t)",@sdk/toolchain-or-transitive-runtime,disabled
88.3,Function,+,widget_add_button_element,0x7434bbb5,"void widget_add_button_element(Widget*, GuiButtonType, const char*, ButtonCallback, void*)",applications/services/gui/modules/widget.h,supported
88.3,Function,+,widget_add_circle_element,0x957212cb,"void widget_add_circle_element(Widget*, uint8_t, uint8_t, uint8_t, _Bool)",applications/services/gui/modules/widget.h,supported
88.3,Function,+,widget_add_icon_element,0xc35dcba2,"void widget_add_icon_element(Widget*, uint8_t, uint8_t, const Icon*)",applications/services/gui/modules/widget.h,supported
88.3,Function,+,widget_add_line_element,0x59f99921,"void widget_add_line_element(Widget*, uint8_t, uint8_t, uint8_t, uint8_t)",applications/services/gui/modules/widget.h,supported
88.3,Function,+,widget_add_rect_element,0x11115707,"void widget_add_rect_element(Widget*, uint8_t, uint8_t, uint8_t, uint8_t, uint8_t, _Bool)",applications/services/gui/modules/widget.h,supported
88.3,Function,+,widget_add_string_element,0xc3c55930,"void widget_add_string_element(Widget*, uint8_t, uint8_t, Align, Align, Font, const char*)",applications/services/gui/modules/widget.h,supported
88.3,Function,+,widget_add_string_multiline_element,0x358068e2,"void widget_add_string_multiline_element(Widget*, uint8_t, uint8_t, Align, Align, Font, const char*)",applications/services/gui/modules/widget.h,supported
88.3,Function,+,widget_add_text_box_element,0x7d429ba6,"void widget_add_text_box_element(Widget*, uint8_t, uint8_t, uint8_t, uint8_t, Align, Align, const char*, _Bool)",applications/services/gui/modules/widget.h,supported
88.3,Function,+,widget_add_text_scroll_element,0x84de816c,"void widget_add_text_scroll_element(Widget*, uint8_t, uint8_t, uint8_t, uint8_t, const char*)",applications/services/gui/modules/widget.h,supported
88.3,Function,+,widget_alloc,0x3b0aa073,Widget* widget_alloc(),applications/services/gui/modules/widget.h,supported
88.3,Function,+,widget_free,0x9531b48a,void widget_free(Widget*),applications/services/gui/modules/widget.h,supported
88.3,Function,+,widget_get_view,0xaf0cf7e2,View* widget_get_view(Widget*),applications/services/gui/modules/widget.h,supported
88.3,Function,+,widget_reset,0x3c3a86eb,void widget_reset(Widget*),applications/services/gui/modules/widget.h,supported
88.3,Function,-,y0,0x00597a0e,double y0(double),@sdk/toolchain-or-transitive-runtime,disabled
88.3,Function,-,y0f,0x0b88bc34,float y0f(float),@sdk/toolchain-or-transitive-runtime,disabled
88.3,Function,-,y1,0x00597a0f,double y1(double),applications/services/gui/modules/widget.h,disabled
88.3,Function,-,y1f,0x0b88bc55,float y1f(float),@sdk/toolchain-or-transitive-runtime,disabled
88.3,Function,-,yn,0x00597a4c,"double yn(int, double)",@sdk/toolchain-or-transitive-runtime,disabled
88.3,Function,-,ynf,0x0b88c432,"float ynf(int, float)",@sdk/toolchain-or-transitive-runtime,disabled
88.3,Variable,-,AHBPrescTable,0x94a551b5,const uint32_t[16] AHBPrescTable,lib/stm32wb_hal/Inc/stm32wbxx_ll_rcc.h,disabled
88.3,Variable,-,APBPrescTable,0x1c403cbd,const uint32_t[8] APBPrescTable,lib/stm32wb_hal/Inc/stm32wbxx_ll_rcc.h,disabled
88.3,Variable,-,ITM_RxBuffer,0xe6a579d2,volatile int32_t ITM_RxBuffer,@sdk/toolchain-or-transitive-runtime,disabled
88.3,Variable,-,MSIRangeTable,0x10295103,const uint32_t[16] MSIRangeTable,lib/stm32wb_hal/Inc/stm32wbxx_ll_rcc.h,disabled
88.3,Variable,-,SmpsPrescalerTable,0xa9cdbaf1,const uint32_t[4][6] SmpsPrescalerTable,@sdk/toolchain-or-transitive-runtime,disabled
88.3,Variable,+,SystemCoreClock,0xdbd265ff,uint32_t SystemCoreClock,@sdk/toolchain-or-transitive-runtime,supported
88.3,Variable,-,__atexit,0xa3aec352,_atexit* __atexit,@sdk/toolchain-or-transitive-runtime,disabled
88.3,Variable,-,__atexit0,0x19872dc2,_atexit __atexit0,@sdk/toolchain-or-transitive-runtime,disabled
88.3,Variable,-,__sf,0x7c92cadc,__FILE[3] __sf,@sdk/toolchain-or-transitive-runtime,disabled
88.3,Variable,-,__sglue,0x7a9194a3,_glue __sglue,@sdk/toolchain-or-transitive-runtime,disabled
88.3,Variable,-,__stdio_exit_handler,0x8ac7847c,void (*)() __stdio_exit_handler,@sdk/toolchain-or-transitive-runtime,disabled
88.3,Variable,+,_ctype_,0x84023d68,const char[] _ctype_,@sdk/toolchain-or-transitive-runtime,supported
88.3,Variable,+,_impure_data,0x18f7f8af,_reent _impure_data,@sdk/toolchain-or-transitive-runtime,supported
88.3,Variable,+,_impure_ptr,0x46935c0b,_reent* _impure_ptr,@sdk/toolchain-or-transitive-runtime,supported
88.3,Variable,-,_sys_errlist,0xc5dd3367,const char* const[] _sys_errlist,@sdk/toolchain-or-transitive-runtime,disabled
88.3,Variable,-,_sys_nerr,0xc35a38f9,int _sys_nerr,@sdk/toolchain-or-transitive-runtime,disabled
88.3,Variable,-,ble_profile_hid,0xf3c1459c,const FuriHalBleProfileTemplate* ble_profile_hid,lib/ble_profile/extra_profiles/hid_profile.h,disabled
88.3,Variable,+,ble_profile_serial,0x27b685e7,const FuriHalBleProfileTemplate* const ble_profile_serial,targets/f7/ble_glue/profiles/serial_profile.h,supported
88.3,Variable,+,compress_config_heatshrink_default,0x5806f8ba,const CompressConfigHeatshrink compress_config_heatshrink_default,lib/toolbox/compress.h,supported
88.3,Variable,+,firmware_api_interface,0x6e0832ab,const ElfApiInterface* const firmware_api_interface,applications/services/loader/firmware_api/firmware_api.h,supported
88.3,Variable,+,furi_hal_i2c_bus_external,0x6e8d2957,FuriHalI2cBus furi_hal_i2c_bus_external,targets/f7/furi_hal/furi_hal_i2c_config.h,supported
88.3,Variable,+,furi_hal_i2c_bus_power,0x3bb1e4e1,FuriHalI2cBus furi_hal_i2c_bus_power,targets/f7/furi_hal/furi_hal_i2c_config.h,supported
88.3,Variable,+,furi_hal_i2c_handle_external,0x575acaf9,const FuriHalI2cBusHandle furi_hal_i2c_handle_external,targets/f7/furi_hal/furi_hal_i2c_config.h,supported
88.3,Variable,+,furi_hal_i2c_handle_power,0xea4019c3,const FuriHalI2cBusHandle furi_hal_i2c_handle_power,targets/f7/furi_hal/furi_hal_i2c_config.h,supported
88.3,Variable,+,furi_hal_spi_bus_d,0x73d47226,FuriHalSpiBus furi_hal_spi_bus_d,targets/f7/furi_hal/furi_hal_spi_config.h,supported
88.3,Variable,+,furi_hal_spi_bus_handle_display,0xf75c2663,const FuriHalSpiBusHandle furi_hal_spi_bus_handle_display,targets/f7/furi_hal/furi_hal_spi_config.h,supported
88.3,Variable,+,furi_hal_spi_bus_handle_external,0x535df0f0,const FuriHalSpiBusHandle furi_hal_spi_bus_handle_external,targets/f7/furi_hal/furi_hal_spi_config.h,supported
88.3,Variable,+,furi_hal_spi_bus_handle_nfc,0x1d274f24,const FuriHalSpiBusHandle furi_hal_spi_bus_handle_nfc,targets/f7/furi_hal/furi_hal_spi_config.h,supported
88.3,Variable,+,furi_hal_spi_bus_handle_sd_fast,0x6cec5831,const FuriHalSpiBusHandle furi_hal_spi_bus_handle_sd_fast,targets/f7/furi_hal/furi_hal_spi_config.h,supported
88.3,Variable,+,furi_hal_spi_bus_handle_sd_slow,0x6cf3a768,const FuriHalSpiBusHandle furi_hal_spi_bus_handle_sd_slow,targets/f7/furi_hal/furi_hal_spi_config.h,supported
88.3,Variable,+,furi_hal_spi_bus_handle_subghz,0x97e71f00,const FuriHalSpiBusHandle furi_hal_spi_bus_handle_subghz,targets/f7/furi_hal/furi_hal_spi_config.h,supported
88.3,Variable,+,furi_hal_spi_bus_r,0x73d47234,FuriHalSpiBus furi_hal_spi_bus_r,targets/f7/furi_hal/furi_hal_spi_config.h,supported
88.3,Variable,+,furi_hal_spi_preset_1edge_low_16m,0xdd3238d5,const LL_SPI_InitTypeDef furi_hal_spi_preset_1edge_low_16m,targets/f7/furi_hal/furi_hal_spi_config.h,supported
88.3,Variable,+,furi_hal_spi_preset_1edge_low_2m,0x9a18cbc0,const LL_SPI_InitTypeDef furi_hal_spi_preset_1edge_low_2m,targets/f7/furi_hal/furi_hal_spi_config.h,supported
88.3,Variable,+,furi_hal_spi_preset_1edge_low_4m,0x9a18cc02,const LL_SPI_InitTypeDef furi_hal_spi_preset_1edge_low_4m,targets/f7/furi_hal/furi_hal_spi_config.h,supported
88.3,Variable,+,furi_hal_spi_preset_1edge_low_8m,0x9a18cc86,const LL_SPI_InitTypeDef furi_hal_spi_preset_1edge_low_8m,targets/f7/furi_hal/furi_hal_spi_config.h,supported
88.3,Variable,+,furi_hal_spi_preset_2edge_low_8m,0xcb0c29e7,const LL_SPI_InitTypeDef furi_hal_spi_preset_2edge_low_8m,targets/f7/furi_hal/furi_hal_spi_config.h,supported
88.3,Variable,+,gpio_button_back,0x1cd9d6ff,const GpioPin gpio_button_back,targets/f7/furi_hal/furi_hal_resources.h,supported
88.3,Variable,+,gpio_button_down,0x1cdb2de6,const GpioPin gpio_button_down,targets/f7/furi_hal/furi_hal_resources.h,supported
88.3,Variable,+,gpio_button_left,0x1cdf6439,const GpioPin gpio_button_left,targets/f7/furi_hal/furi_hal_resources.h,supported
88.3,Variable,+,gpio_button_ok,0x8d8b2348,const GpioPin gpio_button_ok,targets/f7/furi_hal/furi_hal_resources.h,supported
88.3,Variable,+,gpio_button_right,0xb93ab30c,const GpioPin gpio_button_right,targets/f7/furi_hal/furi_hal_resources.h,supported
88.3,Variable,+,gpio_button_up,0x8d8b2413,const GpioPin gpio_button_up,targets/f7/furi_hal/furi_hal_resources.h,supported
88.3,Variable,+,gpio_cc1101_g0,0x9f0997b2,const GpioPin gpio_cc1101_g0,targets/f7/furi_hal/furi_hal_resources.h,supported
88.3,Variable,+,gpio_display_cs,0xa927df5e,const GpioPin gpio_display_cs,targets/f7/furi_hal/furi_hal_resources.h,supported
88.3,Variable,+,gpio_display_di,0xa927df75,const GpioPin gpio_display_di,targets/f7/furi_hal/furi_hal_resources.h,supported
88.3,Variable,+,gpio_display_rst_n,0xe754744e,const GpioPin gpio_display_rst_n,targets/f7/furi_hal/furi_hal_resources.h,supported
88.3,Variable,+,gpio_ext_pa4,0xb8e347a8,const GpioPin gpio_ext_pa4,targets/f7/furi_hal/furi_hal_resources.h,supported
88.3,Variable,+,gpio_ext_pa6,0xb8e347aa,const GpioPin gpio_ext_pa6,targets/f7/furi_hal/furi_hal_resources.h,supported
88.3,Variable,+,gpio_ext_pa7,0xb8e347ab,const GpioPin gpio_ext_pa7,targets/f7/furi_hal/furi_hal_resources.h,supported
88.3,Variable,+,gpio_ext_pb2,0xb8e347c7,const GpioPin gpio_ext_pb2,targets/f7/furi_hal/furi_hal_resources.h,supported
88.3,Variable,+,gpio_ext_pb3,0xb8e347c8,const GpioPin gpio_ext_pb3,targets/f7/furi_hal/furi_hal_resources.h,supported
88.3,Variable,+,gpio_ext_pc0,0xb8e347e6,const GpioPin gpio_ext_pc0,targets/f7/furi_hal/furi_hal_resources.h,supported
88.3,Variable,+,gpio_ext_pc1,0xb8e347e7,const GpioPin gpio_ext_pc1,targets/f7/furi_hal/furi_hal_resources.h,supported
88.3,Variable,+,gpio_ext_pc3,0xb8e347e9,const GpioPin gpio_ext_pc3,targets/f7/furi_hal/furi_hal_resources.h,supported
88.3,Variable,+,gpio_i2c_power_scl,0x86f283fe,const GpioPin gpio_i2c_power_scl,targets/f7/furi_hal/furi_hal_resources.h,supported
88.3,Variable,+,gpio_i2c_power_sda,0x86f28414,const GpioPin gpio_i2c_power_sda,targets/f7/furi_hal/furi_hal_resources.h,supported
88.3,Variable,+,gpio_ibutton,0xb9986c58,const GpioPin gpio_ibutton,targets/f7/furi_hal/furi_hal_resources.h,supported
88.3,Variable,+,gpio_infrared_rx,0x42d9f147,const GpioPin gpio_infrared_rx,targets/f7/furi_hal/furi_hal_resources.h,supported
88.3,Variable,+,gpio_infrared_tx,0x42d9f189,const GpioPin gpio_infrared_tx,targets/f7/furi_hal/furi_hal_resources.h,supported
88.3,Variable,+,gpio_nfc_cs,0x28cd897f,const GpioPin gpio_nfc_cs,targets/f7/furi_hal/furi_hal_resources.h,supported
88.3,Variable,+,gpio_nfc_irq_rfid_pull,0x02026535,const GpioPin gpio_nfc_irq_rfid_pull,targets/f7/furi_hal/furi_hal_resources.h,supported
88.3,Variable,+,gpio_periph_power,0x25944247,const GpioPin gpio_periph_power,targets/f7/furi_hal/furi_hal_resources.h,supported
88.3,Variable,+,gpio_pins,0xc980fd0d,const GpioPinRecord[] gpio_pins,targets/f7/furi_hal/furi_hal_resources.h,supported
88.3,Variable,+,gpio_pins_count,0x05183ed5,const size_t gpio_pins_count,targets/f7/furi_hal/furi_hal_resources.h,supported
88.3,Variable,+,gpio_rf_sw_0,0x762a94a3,const GpioPin gpio_rf_sw_0,targets/f7/furi_hal/furi_hal_resources.h,supported
88.3,Variable,+,gpio_rfid_carrier,0x7597fc3f,const GpioPin gpio_rfid_carrier,targets/f7/furi_hal/furi_hal_resources.h,supported
88.3,Variable,+,gpio_rfid_carrier_out,0x3de00376,const GpioPin gpio_rfid_carrier_out,targets/f7/furi_hal/furi_hal_resources.h,supported
88.3,Variable,+,gpio_rfid_data_in,0xc2aced87,const GpioPin gpio_rfid_data_in,targets/f7/furi_hal/furi_hal_resources.h,supported
88.3,Variable,+,gpio_sdcard_cd,0x50b040ca,const GpioPin gpio_sdcard_cd,targets/f7/furi_hal/furi_hal_resources.h,supported
88.3,Variable,+,gpio_sdcard_cs,0x50b040d9,const GpioPin gpio_sdcard_cs,targets/f7/furi_hal/furi_hal_resources.h,supported
88.3,Variable,+,gpio_speaker,0xdadae9de,const GpioPin gpio_speaker,targets/f7/furi_hal/furi_hal_resources.h,supported
88.3,Variable,+,gpio_spi_d_miso,0xab293fb9,const GpioPin gpio_spi_d_miso,targets/f7/furi_hal/furi_hal_resources.h,supported
88.3,Variable,+,gpio_spi_d_mosi,0xab295939,const GpioPin gpio_spi_d_mosi,targets/f7/furi_hal/furi_hal_resources.h,supported
88.3,Variable,+,gpio_spi_d_sck,0x2bf996c2,const GpioPin gpio_spi_d_sck,targets/f7/furi_hal/furi_hal_resources.h,supported
88.3,Variable,+,gpio_spi_r_miso,0xcbd17887,const GpioPin gpio_spi_r_miso,targets/f7/furi_hal/furi_hal_resources.h,supported
88.3,Variable,+,gpio_spi_r_mosi,0xcbd19207,const GpioPin gpio_spi_r_mosi,targets/f7/furi_hal/furi_hal_resources.h,supported
88.3,Variable,+,gpio_spi_r_sck,0x2cf6edd0,const GpioPin gpio_spi_r_sck,targets/f7/furi_hal/furi_hal_resources.h,supported
88.3,Variable,+,gpio_subghz_cs,0xc16b361b,const GpioPin gpio_subghz_cs,targets/f7/furi_hal/furi_hal_resources.h,supported
88.3,Variable,+,gpio_swclk,0xf9de6637,const GpioPin gpio_swclk,targets/f7/furi_hal/furi_hal_resources.h,supported
88.3,Variable,+,gpio_swdio,0xf9de6a19,const GpioPin gpio_swdio,targets/f7/furi_hal/furi_hal_resources.h,supported
88.3,Variable,+,gpio_usart_rx,0xed8e5a0b,const GpioPin gpio_usart_rx,targets/f7/furi_hal/furi_hal_resources.h,supported
88.3,Variable,+,gpio_usart_tx,0xed8e5a4d,const GpioPin gpio_usart_tx,targets/f7/furi_hal/furi_hal_resources.h,supported
88.3,Variable,+,gpio_usb_dm,0x3a0c582d,const GpioPin gpio_usb_dm,targets/f7/furi_hal/furi_hal_resources.h,supported
88.3,Variable,+,gpio_usb_dp,0x3a0c5830,const GpioPin gpio_usb_dp,targets/f7/furi_hal/furi_hal_resources.h,supported
88.3,Variable,+,gpio_vibro,0xfa0cfef5,const GpioPin gpio_vibro,targets/f7/furi_hal/furi_hal_resources.h,supported
88.3,Variable,+,input_pins,0x8c33936e,const InputPin[] input_pins,targets/f7/furi_hal/furi_hal_resources.h,supported
88.3,Variable,+,input_pins_count,0x4fb459f6,const size_t input_pins_count,targets/f7/furi_hal/furi_hal_resources.h,supported
88.3,Variable,+,lfrfid_protocols,0x44026aa0,const ProtocolBase* const[] lfrfid_protocols,lib/lfrfid/lfrfid_dict_file.h;lib/lfrfid/lfrfid_raw_worker.h;lib/lfrfid/lfrfid_worker.h;lib/lfrfid/protocols/lfrfid_protocols.h,supported
88.3,Variable,+,message_blink_set_color_blue,0x8426fee9,const NotificationMessage message_blink_set_color_blue,applications/services/notification/notification_messages.h,supported
88.3,Variable,+,message_blink_set_color_cyan,0x8427c00c,const NotificationMessage message_blink_set_color_cyan,applications/services/notification/notification_messages.h,supported
88.3,Variable,+,message_blink_set_color_green,0x09645d32,const NotificationMessage message_blink_set_color_green,applications/services/notification/notification_messages.h,supported
88.3,Variable,+,message_blink_set_color_magenta,0x9a4a6bde,const NotificationMessage message_blink_set_color_magenta,applications/services/notification/notification_messages.h,supported
88.3,Variable,+,message_blink_set_color_red,0xfc3f811c,const NotificationMessage message_blink_set_color_red,applications/services/notification/notification_messages.h,supported
88.3,Variable,+,message_blink_set_color_white,0x0a807c62,const NotificationMessage message_blink_set_color_white,applications/services/notification/notification_messages.h,supported
88.3,Variable,+,message_blink_set_color_yellow,0x5f05953d,const NotificationMessage message_blink_set_color_yellow,applications/services/notification/notification_messages.h,supported
88.3,Variable,+,message_blink_start_10,0x5d415ec6,const NotificationMessage message_blink_start_10,applications/services/notification/notification_messages.h,supported
88.3,Variable,+,message_blink_start_100,0x056d37b6,const NotificationMessage message_blink_start_100,applications/services/notification/notification_messages.h,supported
88.3,Variable,+,message_blink_stop,0x5e9fe0fe,const NotificationMessage message_blink_stop,applications/services/notification/notification_messages.h,supported
88.3,Variable,+,message_blue_0,0x969b65c0,const NotificationMessage message_blue_0,applications/services/notification/notification_messages.h,supported
88.3,Variable,+,message_blue_255,0xab0be54c,const NotificationMessage message_blue_255,applications/services/notification/notification_messages.h,supported
88.3,Variable,+,message_click,0xb70ed8cf,const NotificationMessage message_click,@sdk/toolchain-or-transitive-runtime,supported
88.3,Variable,+,message_delay_1,0xf303e1a8,const NotificationMessage message_delay_1,applications/services/notification/notification_messages.h,supported
88.3,Variable,+,message_delay_10,0x538016d8,const NotificationMessage message_delay_10,applications/services/notification/notification_messages.h,supported
88.3,Variable,+,message_delay_100,0xc382f208,const NotificationMessage message_delay_100,applications/services/notification/notification_messages.h,supported
88.3,Variable,+,message_delay_1000,0x33e13338,const NotificationMessage message_delay_1000,applications/services/notification/notification_messages.h,supported
88.3,Variable,+,message_delay_25,0x538016fe,const NotificationMessage message_delay_25,applications/services/notification/notification_messages.h,supported
88.3,Variable,+,message_delay_250,0xc382f6ee,const NotificationMessage message_delay_250,applications/services/notification/notification_messages.h,supported
88.3,Variable,+,message_delay_50,0x5380175c,const NotificationMessage message_delay_50,applications/services/notification/notification_messages.h,supported
88.3,Variable,+,message_delay_500,0xc383030c,const NotificationMessage message_delay_500,applications/services/notification/notification_messages.h,supported
88.3,Variable,+,message_display_backlight_enforce_auto,0xcd889280,const NotificationMessage message_display_backlight_enforce_auto,applications/services/notification/notification_messages.h,supported
88.3,Variable,+,message_display_backlight_enforce_on,0x286319a4,const NotificationMessage message_display_backlight_enforce_on,applications/services/notification/notification_messages.h,supported
88.3,Variable,+,message_display_backlight_off,0x21ce0da1,const NotificationMessage message_display_backlight_off,applications/services/notification/notification_messages.h,supported
88.3,Variable,+,message_display_backlight_on,0x3753d1e3,const NotificationMessage message_display_backlight_on,applications/services/notification/notification_messages.h,supported
88.3,Variable,+,message_do_not_reset,0x226cd7ee,const NotificationMessage message_do_not_reset,applications/services/notification/notification_messages.h,supported
88.3,Variable,+,message_force_display_brightness_setting_1f,0xbde2f7d8,const NotificationMessage message_force_display_brightness_setting_1f,applications/services/notification/notification_messages.h,supported
88.3,Variable,+,message_force_speaker_volume_setting_1f,0x73e834ac,const NotificationMessage message_force_speaker_volume_setting_1f,applications/services/notification/notification_messages.h,supported
88.3,Variable,+,message_force_vibro_setting_off,0x311211d0,const NotificationMessage message_force_vibro_setting_off,applications/services/notification/notification_messages.h,supported
88.3,Variable,+,message_force_vibro_setting_on,0x11008c32,const NotificationMessage message_force_vibro_setting_on,applications/services/notification/notification_messages.h,supported
88.3,Variable,+,message_green_0,0xf7c8ff49,const NotificationMessage message_green_0,applications/services/notification/notification_messages.h,supported
88.3,Variable,+,message_green_255,0x0e060515,const NotificationMessage message_green_255,applications/services/notification/notification_messages.h,supported
88.3,Variable,+,message_lcd_contrast_update,0xe365342b,const NotificationMessage message_lcd_contrast_update,applications/services/notification/notification_messages.h,supported
88.3,Variable,+,message_note_a0,0x0cb05eaf,const NotificationMessage message_note_a0,@sdk/toolchain-or-transitive-runtime,supported
88.3,Variable,+,message_note_a1,0x0cb05eb0,const NotificationMessage message_note_a1,@sdk/toolchain-or-transitive-runtime,supported
88.3,Variable,+,message_note_a2,0x0cb05eb1,const NotificationMessage message_note_a2,@sdk/toolchain-or-transitive-runtime,supported
88.3,Variable,+,message_note_a3,0x0cb05eb2,const NotificationMessage message_note_a3,@sdk/toolchain-or-transitive-runtime,supported
88.3,Variable,+,message_note_a4,0x0cb05eb3,const NotificationMessage message_note_a4,@sdk/toolchain-or-transitive-runtime,supported
88.3,Variable,+,message_note_a5,0x0cb05eb4,const NotificationMessage message_note_a5,@sdk/toolchain-or-transitive-runtime,supported
88.3,Variable,+,message_note_a6,0x0cb05eb5,const NotificationMessage message_note_a6,@sdk/toolchain-or-transitive-runtime,supported
88.3,Variable,+,message_note_a7,0x0cb05eb6,const NotificationMessage message_note_a7,@sdk/toolchain-or-transitive-runtime,supported
88.3,Variable,+,message_note_a8,0x0cb05eb7,const NotificationMessage message_note_a8,@sdk/toolchain-or-transitive-runtime,supported
88.3,Variable,+,message_note_as0,0xa2bc3d62,const NotificationMessage message_note_as0,@sdk/toolchain-or-transitive-runtime,supported
88.3,Variable,+,message_note_as1,0xa2bc3d63,const NotificationMessage message_note_as1,@sdk/toolchain-or-transitive-runtime,supported
88.3,Variable,+,message_note_as2,0xa2bc3d64,const NotificationMessage message_note_as2,@sdk/toolchain-or-transitive-runtime,supported
88.3,Variable,+,message_note_as3,0xa2bc3d65,const NotificationMessage message_note_as3,@sdk/toolchain-or-transitive-runtime,supported
88.3,Variable,+,message_note_as4,0xa2bc3d66,const NotificationMessage message_note_as4,@sdk/toolchain-or-transitive-runtime,supported
88.3,Variable,+,message_note_as5,0xa2bc3d67,const NotificationMessage message_note_as5,@sdk/toolchain-or-transitive-runtime,supported
88.3,Variable,+,message_note_as6,0xa2bc3d68,const NotificationMessage message_note_as6,@sdk/toolchain-or-transitive-runtime,supported
88.3,Variable,+,message_note_as7,0xa2bc3d69,const NotificationMessage message_note_as7,@sdk/toolchain-or-transitive-runtime,supported
88.3,Variable,+,message_note_as8,0xa2bc3d6a,const NotificationMessage message_note_as8,@sdk/toolchain-or-transitive-runtime,supported
88.3,Variable,+,message_note_b0,0x0cb05ed0,const NotificationMessage message_note_b0,@sdk/toolchain-or-transitive-runtime,supported
88.3,Variable,+,message_note_b1,0x0cb05ed1,const NotificationMessage message_note_b1,@sdk/toolchain-or-transitive-runtime,supported
88.3,Variable,+,message_note_b2,0x0cb05ed2,const NotificationMessage message_note_b2,@sdk/toolchain-or-transitive-runtime,supported
88.3,Variable,+,message_note_b3,0x0cb05ed3,const NotificationMessage message_note_b3,@sdk/toolchain-or-transitive-runtime,supported
88.3,Variable,+,message_note_b4,0x0cb05ed4,const NotificationMessage message_note_b4,@sdk/toolchain-or-transitive-runtime,supported
88.3,Variable,+,message_note_b5,0x0cb05ed5,const NotificationMessage message_note_b5,@sdk/toolchain-or-transitive-runtime,supported
88.3,Variable,+,message_note_b6,0x0cb05ed6,const NotificationMessage message_note_b6,@sdk/toolchain-or-transitive-runtime,supported
88.3,Variable,+,message_note_b7,0x0cb05ed7,const NotificationMessage message_note_b7,@sdk/toolchain-or-transitive-runtime,supported
88.3,Variable,+,message_note_b8,0x0cb05ed8,const NotificationMessage message_note_b8,@sdk/toolchain-or-transitive-runtime,supported
88.3,Variable,+,message_note_c0,0x0cb05ef1,const NotificationMessage message_note_c0,@sdk/toolchain-or-transitive-runtime,supported
88.3,Variable,+,message_note_c1,0x0cb05ef2,const NotificationMessage message_note_c1,@sdk/toolchain-or-transitive-runtime,supported
88.3,Variable,+,message_note_c2,0x0cb05ef3,const NotificationMessage message_note_c2,@sdk/toolchain-or-transitive-runtime,supported
88.3,Variable,+,message_note_c3,0x0cb05ef4,const NotificationMessage message_note_c3,@sdk/toolchain-or-transitive-runtime,supported
88.3,Variable,+,message_note_c4,0x0cb05ef5,const NotificationMessage message_note_c4,@sdk/toolchain-or-transitive-runtime,supported
88.3,Variable,+,message_note_c5,0x0cb05ef6,const NotificationMessage message_note_c5,@sdk/toolchain-or-transitive-runtime,supported
88.3,Variable,+,message_note_c6,0x0cb05ef7,const NotificationMessage message_note_c6,@sdk/toolchain-or-transitive-runtime,supported
88.3,Variable,+,message_note_c7,0x0cb05ef8,const NotificationMessage message_note_c7,@sdk/toolchain-or-transitive-runtime,supported
88.3,Variable,+,message_note_c8,0x0cb05ef9,const NotificationMessage message_note_c8,@sdk/toolchain-or-transitive-runtime,supported
88.3,Variable,+,message_note_cs0,0xa2bc45e4,const NotificationMessage message_note_cs0,@sdk/toolchain-or-transitive-runtime,supported
88.3,Variable,+,message_note_cs1,0xa2bc45e5,const NotificationMessage message_note_cs1,@sdk/toolchain-or-transitive-runtime,supported
88.3,Variable,+,message_note_cs2,0xa2bc45e6,const NotificationMessage message_note_cs2,@sdk/toolchain-or-transitive-runtime,supported
88.3,Variable,+,message_note_cs3,0xa2bc45e7,const NotificationMessage message_note_cs3,@sdk/toolchain-or-transitive-runtime,supported
88.3,Variable,+,message_note_cs4,0xa2bc45e8,const NotificationMessage message_note_cs4,@sdk/toolchain-or-transitive-runtime,supported
88.3,Variable,+,message_note_cs5,0xa2bc45e9,const NotificationMessage message_note_cs5,@sdk/toolchain-or-transitive-runtime,supported
88.3,Variable,+,message_note_cs6,0xa2bc45ea,const NotificationMessage message_note_cs6,@sdk/toolchain-or-transitive-runtime,supported
88.3,Variable,+,message_note_cs7,0xa2bc45eb,const NotificationMessage message_note_cs7,@sdk/toolchain-or-transitive-runtime,supported
88.3,Variable,+,message_note_cs8,0xa2bc45ec,const NotificationMessage message_note_cs8,@sdk/toolchain-or-transitive-runtime,supported
88.3,Variable,+,message_note_d0,0x0cb05f12,const NotificationMessage message_note_d0,@sdk/toolchain-or-transitive-runtime,supported
88.3,Variable,+,message_note_d1,0x0cb05f13,const NotificationMessage message_note_d1,@sdk/toolchain-or-transitive-runtime,supported
88.3,Variable,+,message_note_d2,0x0cb05f14,const NotificationMessage message_note_d2,@sdk/toolchain-or-transitive-runtime,supported
88.3,Variable,+,message_note_d3,0x0cb05f15,const NotificationMessage message_note_d3,@sdk/toolchain-or-transitive-runtime,supported
88.3,Variable,+,message_note_d4,0x0cb05f16,const NotificationMessage message_note_d4,@sdk/toolchain-or-transitive-runtime,supported
88.3,Variable,+,message_note_d5,0x0cb05f17,const NotificationMessage message_note_d5,@sdk/toolchain-or-transitive-runtime,supported
88.3,Variable,+,message_note_d6,0x0cb05f18,const NotificationMessage message_note_d6,@sdk/toolchain-or-transitive-runtime,supported
88.3,Variable,+,message_note_d7,0x0cb05f19,const NotificationMessage message_note_d7,@sdk/toolchain-or-transitive-runtime,supported
88.3,Variable,+,message_note_d8,0x0cb05f1a,const NotificationMessage message_note_d8,@sdk/toolchain-or-transitive-runtime,supported
88.3,Variable,+,message_note_ds0,0xa2bc4a25,const NotificationMessage message_note_ds0,@sdk/toolchain-or-transitive-runtime,supported
88.3,Variable,+,message_note_ds1,0xa2bc4a26,const NotificationMessage message_note_ds1,@sdk/toolchain-or-transitive-runtime,supported
88.3,Variable,+,message_note_ds2,0xa2bc4a27,const NotificationMessage message_note_ds2,@sdk/toolchain-or-transitive-runtime,supported
88.3,Variable,+,message_note_ds3,0xa2bc4a28,const NotificationMessage message_note_ds3,@sdk/toolchain-or-transitive-runtime,supported
88.3,Variable,+,message_note_ds4,0xa2bc4a29,const NotificationMessage message_note_ds4,@sdk/toolchain-or-transitive-runtime,supported
88.3,Variable,+,message_note_ds5,0xa2bc4a2a,const NotificationMessage message_note_ds5,@sdk/toolchain-or-transitive-runtime,supported
88.3,Variable,+,message_note_ds6,0xa2bc4a2b,const NotificationMessage message_note_ds6,@sdk/toolchain-or-transitive-runtime,supported
88.3,Variable,+,message_note_ds7,0xa2bc4a2c,const NotificationMessage message_note_ds7,@sdk/toolchain-or-transitive-runtime,supported
88.3,Variable,+,message_note_ds8,0xa2bc4a2d,const NotificationMessage message_note_ds8,@sdk/toolchain-or-transitive-runtime,supported
88.3,Variable,+,message_note_e0,0x0cb05f33,const NotificationMessage message_note_e0,@sdk/toolchain-or-transitive-runtime,supported
88.3,Variable,+,message_note_e1,0x0cb05f34,const NotificationMessage message_note_e1,@sdk/toolchain-or-transitive-runtime,supported
88.3,Variable,+,message_note_e2,0x0cb05f35,const NotificationMessage message_note_e2,@sdk/toolchain-or-transitive-runtime,supported
88.3,Variable,+,message_note_e3,0x0cb05f36,const NotificationMessage message_note_e3,@sdk/toolchain-or-transitive-runtime,supported
88.3,Variable,+,message_note_e4,0x0cb05f37,const NotificationMessage message_note_e4,@sdk/toolchain-or-transitive-runtime,supported
88.3,Variable,+,message_note_e5,0x0cb05f38,const NotificationMessage message_note_e5,@sdk/toolchain-or-transitive-runtime,supported
88.3,Variable,+,message_note_e6,0x0cb05f39,const NotificationMessage message_note_e6,@sdk/toolchain-or-transitive-runtime,supported
88.3,Variable,+,message_note_e7,0x0cb05f3a,const NotificationMessage message_note_e7,@sdk/toolchain-or-transitive-runtime,supported
88.3,Variable,+,message_note_e8,0x0cb05f3b,const NotificationMessage message_note_e8,@sdk/toolchain-or-transitive-runtime,supported
88.3,Variable,+,message_note_f0,0x0cb05f54,const NotificationMessage message_note_f0,@sdk/toolchain-or-transitive-runtime,supported
88.3,Variable,+,message_note_f1,0x0cb05f55,const NotificationMessage message_note_f1,@sdk/toolchain-or-transitive-runtime,supported
88.3,Variable,+,message_note_f2,0x0cb05f56,const NotificationMessage message_note_f2,@sdk/toolchain-or-transitive-runtime,supported
88.3,Variable,+,message_note_f3,0x0cb05f57,const NotificationMessage message_note_f3,@sdk/toolchain-or-transitive-runtime,supported
88.3,Variable,+,message_note_f4,0x0cb05f58,const NotificationMessage message_note_f4,@sdk/toolchain-or-transitive-runtime,supported
88.3,Variable,+,message_note_f5,0x0cb05f59,const NotificationMessage message_note_f5,@sdk/toolchain-or-transitive-runtime,supported
88.3,Variable,+,message_note_f6,0x0cb05f5a,const NotificationMessage message_note_f6,@sdk/toolchain-or-transitive-runtime,supported
88.3,Variable,+,message_note_f7,0x0cb05f5b,const NotificationMessage message_note_f7,@sdk/toolchain-or-transitive-runtime,supported
88.3,Variable,+,message_note_f8,0x0cb05f5c,const NotificationMessage message_note_f8,@sdk/toolchain-or-transitive-runtime,supported
88.3,Variable,+,message_note_fs0,0xa2bc52a7,const NotificationMessage message_note_fs0,@sdk/toolchain-or-transitive-runtime,supported
88.3,Variable,+,message_note_fs1,0xa2bc52a8,const NotificationMessage message_note_fs1,@sdk/toolchain-or-transitive-runtime,supported
88.3,Variable,+,message_note_fs2,0xa2bc52a9,const NotificationMessage message_note_fs2,@sdk/toolchain-or-transitive-runtime,supported
88.3,Variable,+,message_note_fs3,0xa2bc52aa,const NotificationMessage message_note_fs3,@sdk/toolchain-or-transitive-runtime,supported
88.3,Variable,+,message_note_fs4,0xa2bc52ab,const NotificationMessage message_note_fs4,@sdk/toolchain-or-transitive-runtime,supported
88.3,Variable,+,message_note_fs5,0xa2bc52ac,const NotificationMessage message_note_fs5,@sdk/toolchain-or-transitive-runtime,supported
88.3,Variable,+,message_note_fs6,0xa2bc52ad,const NotificationMessage message_note_fs6,@sdk/toolchain-or-transitive-runtime,supported
88.3,Variable,+,message_note_fs7,0xa2bc52ae,const NotificationMessage message_note_fs7,@sdk/toolchain-or-transitive-runtime,supported
88.3,Variable,+,message_note_fs8,0xa2bc52af,const NotificationMessage message_note_fs8,@sdk/toolchain-or-transitive-runtime,supported
88.3,Variable,+,message_note_g0,0x0cb05f75,const NotificationMessage message_note_g0,@sdk/toolchain-or-transitive-runtime,supported
88.3,Variable,+,message_note_g1,0x0cb05f76,const NotificationMessage message_note_g1,@sdk/toolchain-or-transitive-runtime,supported
88.3,Variable,+,message_note_g2,0x0cb05f77,const NotificationMessage message_note_g2,@sdk/toolchain-or-transitive-runtime,supported
88.3,Variable,+,message_note_g3,0x0cb05f78,const NotificationMessage message_note_g3,@sdk/toolchain-or-transitive-runtime,supported
88.3,Variable,+,message_note_g4,0x0cb05f79,const NotificationMessage message_note_g4,@sdk/toolchain-or-transitive-runtime,supported
88.3,Variable,+,message_note_g5,0x0cb05f7a,const NotificationMessage message_note_g5,@sdk/toolchain-or-transitive-runtime,supported
88.3,Variable,+,message_note_g6,0x0cb05f7b,const NotificationMessage message_note_g6,@sdk/toolchain-or-transitive-runtime,supported
88.3,Variable,+,message_note_g7,0x0cb05f7c,const NotificationMessage message_note_g7,@sdk/toolchain-or-transitive-runtime,supported
88.3,Variable,+,message_note_g8,0x0cb05f7d,const NotificationMessage message_note_g8,@sdk/toolchain-or-transitive-runtime,supported
88.3,Variable,+,message_note_gs0,0xa2bc56e8,const NotificationMessage message_note_gs0,@sdk/toolchain-or-transitive-runtime,supported
88.3,Variable,+,message_note_gs1,0xa2bc56e9,const NotificationMessage message_note_gs1,@sdk/toolchain-or-transitive-runtime,supported
88.3,Variable,+,message_note_gs2,0xa2bc56ea,const NotificationMessage message_note_gs2,@sdk/toolchain-or-transitive-runtime,supported
88.3,Variable,+,message_note_gs3,0xa2bc56eb,const NotificationMessage message_note_gs3,@sdk/toolchain-or-transitive-runtime,supported
88.3,Variable,+,message_note_gs4,0xa2bc56ec,const NotificationMessage message_note_gs4,@sdk/toolchain-or-transitive-runtime,supported
88.3,Variable,+,message_note_gs5,0xa2bc56ed,const NotificationMessage message_note_gs5,@sdk/toolchain-or-transitive-runtime,supported
88.3,Variable,+,message_note_gs6,0xa2bc56ee,const NotificationMessage message_note_gs6,@sdk/toolchain-or-transitive-runtime,supported
88.3,Variable,+,message_note_gs7,0xa2bc56ef,const NotificationMessage message_note_gs7,@sdk/toolchain-or-transitive-runtime,supported
88.3,Variable,+,message_note_gs8,0xa2bc56f0,const NotificationMessage message_note_gs8,@sdk/toolchain-or-transitive-runtime,supported
88.3,Variable,+,message_red_0,0xb81a5bb3,const NotificationMessage message_red_0,applications/services/notification/notification_messages.h,supported
88.3,Variable,+,message_red_255,0x282023ff,const NotificationMessage message_red_255,applications/services/notification/notification_messages.h,supported
88.3,Variable,+,message_sound_off,0xa304212c,const NotificationMessage message_sound_off,applications/services/notification/notification_messages.h,supported
88.3,Variable,+,message_vibro_off,0xca77a4a5,const NotificationMessage message_vibro_off,applications/services/notification/notification_messages.h,supported
88.3,Variable,+,message_vibro_on,0x0de49867,const NotificationMessage message_vibro_on,applications/services/notification/notification_messages.h,supported
88.3,Variable,-,nfc_device_felica,0xc9f523ce,const NfcDeviceBase nfc_device_felica,lib/nfc/protocols/felica/felica.h,disabled
88.3,Variable,-,nfc_device_mf_classic,0x1d2efc1e,const NfcDeviceBase nfc_device_mf_classic,lib/nfc/protocols/mf_classic/mf_classic.h,disabled
88.3,Variable,-,nfc_device_mf_desfire,0x5b138b3e,const NfcDeviceBase nfc_device_mf_desfire,lib/nfc/protocols/mf_desfire/mf_desfire.h,disabled
88.3,Variable,-,nfc_device_mf_plus,0x24df30e0,const NfcDeviceBase nfc_device_mf_plus,lib/nfc/protocols/mf_plus/mf_plus.h,disabled
88.3,Variable,-,nfc_device_mf_ultralight,0x1b93301c,const NfcDeviceBase nfc_device_mf_ultralight,lib/nfc/protocols/mf_ultralight/mf_ultralight.h,disabled
88.3,Variable,-,nfc_device_st25tb,0xe936fa8e,const NfcDeviceBase nfc_device_st25tb,lib/nfc/protocols/st25tb/st25tb.h,disabled
88.3,Variable,+,sequence_audiovisual_alert,0x496d789a,const NotificationSequence sequence_audiovisual_alert,applications/services/notification/notification_messages.h,supported
88.3,Variable,+,sequence_blink_blue_10,0x37e3f494,const NotificationSequence sequence_blink_blue_10,applications/services/notification/notification_messages.h,supported
88.3,Variable,+,sequence_blink_blue_100,0x34628744,const NotificationSequence sequence_blink_blue_100,applications/services/notification/notification_messages.h,supported
88.3,Variable,+,sequence_blink_cyan_10,0xa1cc46d7,const NotificationSequence sequence_blink_cyan_10,applications/services/notification/notification_messages.h,supported
88.3,Variable,+,sequence_blink_cyan_100,0xdb5521e7,const NotificationSequence sequence_blink_cyan_100,applications/services/notification/notification_messages.h,supported
88.3,Variable,+,sequence_blink_green_10,0x7a3f8f9d,const NotificationSequence sequence_blink_green_10,applications/services/notification/notification_messages.h,supported
88.3,Variable,+,sequence_blink_green_100,0xc231836d,const NotificationSequence sequence_blink_green_100,applications/services/notification/notification_messages.h,supported
88.3,Variable,+,sequence_blink_magenta_10,0x3e789d89,const NotificationSequence sequence_blink_magenta_10,applications/services/notification/notification_messages.h,supported
88.3,Variable,+,sequence_blink_magenta_100,0x0d8c4ed9,const NotificationSequence sequence_blink_magenta_100,applications/services/notification/notification_messages.h,supported
88.3,Variable,+,sequence_blink_red_10,0x740f6487,const NotificationSequence sequence_blink_red_10,applications/services/notification/notification_messages.h,supported
88.3,Variable,+,sequence_blink_red_100,0xf5fbf597,const NotificationSequence sequence_blink_red_100,applications/services/notification/notification_messages.h,supported
88.3,Variable,+,sequence_blink_start_blue,0x67a23dc1,const NotificationSequence sequence_blink_start_blue,applications/services/notification/notification_messages.h,supported
88.3,Variable,+,sequence_blink_start_cyan,0x67a2fee4,const NotificationSequence sequence_blink_start_cyan,applications/services/notification/notification_messages.h,supported
88.3,Variable,+,sequence_blink_start_green,0x5c47770a,const NotificationSequence sequence_blink_start_green,applications/services/notification/notification_messages.h,supported
88.3,Variable,+,sequence_blink_start_magenta,0x325b5bb6,const NotificationSequence sequence_blink_start_magenta,applications/services/notification/notification_messages.h,supported
88.3,Variable,+,sequence_blink_start_red,0xfb6244f4,const NotificationSequence sequence_blink_start_red,applications/services/notification/notification_messages.h,supported
88.3,Variable,+,sequence_blink_start_yellow,0x0e4bea15,const NotificationSequence sequence_blink_start_yellow,applications/services/notification/notification_messages.h,supported
88.3,Variable,+,sequence_blink_stop,0x0674f232,const NotificationSequence sequence_blink_stop,applications/services/notification/notification_messages.h,supported
88.3,Variable,+,sequence_blink_white_100,0x25a9ba9d,const NotificationSequence sequence_blink_white_100,applications/services/notification/notification_messages.h,supported
88.3,Variable,+,sequence_blink_yellow_10,0x1ee57128,const NotificationSequence sequence_blink_yellow_10,applications/services/notification/notification_messages.h,supported
88.3,Variable,+,sequence_blink_yellow_100,0xfb939658,const NotificationSequence sequence_blink_yellow_100,applications/services/notification/notification_messages.h,supported
88.3,Variable,+,sequence_charged,0xa09295cb,const NotificationSequence sequence_charged,applications/services/notification/notification_messages.h,supported
88.3,Variable,+,sequence_charging,0xb2e561e0,const NotificationSequence sequence_charging,applications/services/notification/notification_messages.h,supported
88.3,Variable,+,sequence_display_backlight_enforce_auto,0xb52305b4,const NotificationSequence sequence_display_backlight_enforce_auto,applications/services/notification/notification_messages.h,supported
88.3,Variable,+,sequence_display_backlight_enforce_on,0x109f2fd8,const NotificationSequence sequence_display_backlight_enforce_on,applications/services/notification/notification_messages.h,supported
88.3,Variable,+,sequence_display_backlight_off,0x35257655,const NotificationSequence sequence_display_backlight_off,applications/services/notification/notification_messages.h,supported
88.3,Variable,+,sequence_display_backlight_off_delay_1000,0x002811c3,const NotificationSequence sequence_display_backlight_off_delay_1000,applications/services/notification/notification_messages.h,supported
88.3,Variable,+,sequence_display_backlight_on,0xac46f417,const NotificationSequence sequence_display_backlight_on,applications/services/notification/notification_messages.h,supported
88.3,Variable,+,sequence_double_vibro,0xafb971d9,const NotificationSequence sequence_double_vibro,applications/services/notification/notification_messages.h,supported
88.3,Variable,+,sequence_empty,0xd05836ec,const NotificationSequence sequence_empty,applications/services/notification/notification_messages.h,supported
88.3,Variable,+,sequence_error,0xd05afca7,const NotificationSequence sequence_error,applications/services/notification/notification_messages.h,supported
88.3,Variable,+,sequence_lcd_contrast_update,0xb0a2dfdf,const NotificationSequence sequence_lcd_contrast_update,applications/services/notification/notification_messages.h,supported
88.3,Variable,+,sequence_not_charging,0xd4ba6190,const NotificationSequence sequence_not_charging,applications/services/notification/notification_messages.h,supported
88.3,Variable,+,sequence_reset_blue,0xb2721527,const NotificationSequence sequence_reset_blue,applications/services/notification/notification_messages.h,supported
88.3,Variable,+,sequence_reset_display,0x93a406f5,const NotificationSequence sequence_reset_display,applications/services/notification/notification_messages.h,supported
88.3,Variable,+,sequence_reset_green,0x01123b30,const NotificationSequence sequence_reset_green,applications/services/notification/notification_messages.h,supported
88.3,Variable,+,sequence_reset_red,0x6a41c79a,const NotificationSequence sequence_reset_red,applications/services/notification/notification_messages.h,supported
88.3,Variable,+,sequence_reset_rgb,0x6a41c7da,const NotificationSequence sequence_reset_rgb,applications/services/notification/notification_messages.h,supported
88.3,Variable,+,sequence_reset_sound,0x01ea0148,const NotificationSequence sequence_reset_sound,applications/services/notification/notification_messages.h,supported
88.3,Variable,+,sequence_reset_vibro,0x021cb041,const NotificationSequence sequence_reset_vibro,applications/services/notification/notification_messages.h,supported
88.3,Variable,+,sequence_semi_success,0xcfbd5603,const NotificationSequence sequence_semi_success,applications/services/notification/notification_messages.h,supported
88.3,Variable,+,sequence_set_blue_255,0x0939d78b,const NotificationSequence sequence_set_blue_255,applications/services/notification/notification_messages.h,supported
88.3,Variable,+,sequence_set_green_255,0x31f23f34,const NotificationSequence sequence_set_green_255,applications/services/notification/notification_messages.h,supported
88.3,Variable,+,sequence_set_only_blue_255,0xfb3e328c,const NotificationSequence sequence_set_only_blue_255,applications/services/notification/notification_messages.h,supported
88.3,Variable,+,sequence_set_only_green_255,0x6481fa55,const NotificationSequence sequence_set_only_green_255,applications/services/notification/notification_messages.h,supported
88.3,Variable,+,sequence_set_only_red_255,0x689dc93f,const NotificationSequence sequence_set_only_red_255,applications/services/notification/notification_messages.h,supported
88.3,Variable,+,sequence_set_red_255,0xe5294a5e,const NotificationSequence sequence_set_red_255,applications/services/notification/notification_messages.h,supported
88.3,Variable,+,sequence_set_vibro_on,0x6c128aa6,const NotificationSequence sequence_set_vibro_on,applications/services/notification/notification_messages.h,supported
88.3,Variable,+,sequence_single_vibro,0x97f3e820,const NotificationSequence sequence_single_vibro,applications/services/notification/notification_messages.h,supported
88.3,Variable,+,sequence_solid_yellow,0xa48c22f3,const NotificationSequence sequence_solid_yellow,applications/services/notification/notification_messages.h,supported
88.3,Variable,+,sequence_success,0x8ea562b6,const NotificationSequence sequence_success,applications/services/notification/notification_messages.h,supported
88.3,Variable,+,simple_array_config_uint8_t,0x036273cc,const SimpleArrayConfig simple_array_config_uint8_t,lib/toolbox/simple_array.h,supported
88.3,Variable,-,subghz_device_cc1101_int,0x24ebe439,const SubGhzDevice subghz_device_cc1101_int,lib/subghz/devices/cc1101_int/cc1101_int_interconnect.h,disabled
88.3,Variable,+,subghz_device_cc1101_preset_2fsk_dev12khz_async_regs,0x8552ec31,const uint8_t[] subghz_device_cc1101_preset_2fsk_dev12khz_async_regs,lib/subghz/devices/cc1101_configs.h,supported
88.3,Variable,+,subghz_device_cc1101_preset_2fsk_dev2_38khz_async_regs,0xdb95004a,const uint8_t[] subghz_device_cc1101_preset_2fsk_dev2_38khz_async_regs,lib/subghz/devices/cc1101_configs.h,supported
88.3,Variable,+,subghz_device_cc1101_preset_2fsk_dev47_6khz_async_regs,0x98499b8e,const uint8_t[] subghz_device_cc1101_preset_2fsk_dev47_6khz_async_regs,lib/subghz/devices/cc1101_configs.h,supported
88.3,Variable,+,subghz_device_cc1101_preset_gfsk_9_99kb_async_regs,0xac145c4e,const uint8_t[] subghz_device_cc1101_preset_gfsk_9_99kb_async_regs,lib/subghz/devices/cc1101_configs.h,supported
88.3,Variable,+,subghz_device_cc1101_preset_msk_99_97kb_async_regs,0x00871265,const uint8_t[] subghz_device_cc1101_preset_msk_99_97kb_async_regs,lib/subghz/devices/cc1101_configs.h,supported
88.3,Variable,+,subghz_device_cc1101_preset_ook_270khz_async_regs,0x04b52b9b,const uint8_t[] subghz_device_cc1101_preset_ook_270khz_async_regs,lib/subghz/devices/cc1101_configs.h,supported
88.3,Variable,+,subghz_device_cc1101_preset_ook_650khz_async_regs,0x37b267dd,const uint8_t[] subghz_device_cc1101_preset_ook_650khz_async_regs,lib/subghz/devices/cc1101_configs.h,supported
88.3,Variable,+,subghz_protocol_raw,0x334a3892,const SubGhzProtocol subghz_protocol_raw,lib/subghz/protocols/raw.h,supported
88.3,Variable,+,subghz_protocol_raw_decoder,0x35ff7bc7,const SubGhzProtocolDecoder subghz_protocol_raw_decoder,lib/subghz/protocols/raw.h,supported
88.3,Variable,+,subghz_protocol_raw_encoder,0x97f82631,const SubGhzProtocolEncoder subghz_protocol_raw_encoder,lib/subghz/protocols/raw.h,supported
88.3,Variable,+,subghz_protocol_registry,0xdd41e5e1,const SubGhzProtocolRegistry subghz_protocol_registry,lib/subghz/subghz_protocol_registry.h,supported
88.3,Variable,-,suboptarg,0xc2fd78bc,char* suboptarg,@sdk/toolchain-or-transitive-runtime,disabled
88.3,Variable,+,usb_cdc_dual,0xc3cf0d1d,FuriHalUsbInterface usb_cdc_dual,targets/furi_hal_include/furi_hal_usb.h,supported
88.3,Variable,+,usb_cdc_single,0x15f21db9,FuriHalUsbInterface usb_cdc_single,targets/furi_hal_include/furi_hal_usb.h,supported
88.3,Variable,+,usb_hid,0x4581e3a3,FuriHalUsbInterface usb_hid,targets/furi_hal_include/furi_hal_usb.h,supported
88.3,Variable,+,usb_hid_u2f,0x35770daf,FuriHalUsbInterface usb_hid_u2f,targets/furi_hal_include/furi_hal_usb.h,supported
88.3,Variable,+,usbd_devfs,0xca413c4a,const usbd_driver usbd_devfs,lib/libusb_stm32/inc/usb.h,supported
